,名称,平台,类型,下载链接,提取码,激活码,作弊码,礼包码,
,莉莉的欲望迷宫v1.0,pc,3D game,https://yun.139.com/shareweb/#/w/i/2w2KK0ii7qWim,,,,
,夜幕之花0.671,pc+rpgviewer+joi,RPG,https://yun.139.com/shareweb/#/w/i/2w2KKskjhLhp5,,,,
,【PC硬盘】忘却管家与恋爱大小姐的回忆录,pc,game,https://yun.139.com/shareweb/#/w/i/2w2KJUhRvw5zp,,,,
,仙帝再临1.7.1作弊版,安卓,game,https://yun.139.com/shareweb/#/w/i/2w2KMxuuNEe5i,,,,
,达咩！同居生活,安卓,game,https://yun.139.com/shareweb/#/w/i/2w2KJUhRvBeyn,,,,
,小恶魔琉奈,安卓,game,https://caiyun.139.com/m/i?2h8KgnFfopbfw,提取码:x7q9,,,
,报废学校卖淫冒险,安卓,game,https://caiyun.139.com/m/i?2h8KgnFfoph84,提取码:npzx,,,
,喜欢被另一个女孩责备的你,安卓,game,https://caiyun.139.com/m/i?2h8KggENSXJ6z,提取码:c6jd,,,
,火影忍者.忍者领主0.20,安卓,game,https://caiyun.139.com/m/i?2h8KgFGAQ0rok,提取码:sucs,,,
,嬴荡的罪,安卓,game,https://caiyun.139.com/m/i?2h8KgtFGXku04,提取码:kaf6,,,
,操纵直播,安卓,game,https://caiyun.139.com/m/i?2h8KfEC7cyP0b,提取码:k4k8,,,
,浮游0.2,安卓,game,https://caiyun.139.com/m/i?2h8KgnFfm7Xnu,提取码:ius0,,,
,女调查员莱卡,安卓,game,https://caiyun.139.com/m/i?2h8KfBBTVU9sw,提取码:hsmi,,,
,舰长的奇妙冒险,安卓,game,https://caiyun.139.com/m/i?2h8KgtFGUQutx,提取码:1ig3,,,
,伊莱莎的秘药,安卓,game,https://caiyun.139.com/m/i?2h8KfBBTVUie7,提取码:bejt,,,
,女神的旨意,安卓,game,https://caiyun.139.com/m/i?2h8KgtFGSu1bt,提取码:egxu,,,
,UndercoverAgent,安卓,game,https://caiyun.139.com/m/i?2h8KgnFfm8eku,提取码:6f37,,,
,与你共度的假日,安卓,game,https://caiyun.139.com/m/i?2h8KfYDstCbf5,提取码:f40p,,,
,miik,安卓,game,https://caiyun.139.com/m/i?2h8KgaEmoMXoh,提取码:r7pt,,,
,MY New Born Life In A Harem,安卓,game,https://caiyun.139.com/m/i?2h8KgtFGSudso,提取码:hpi6,,,
,芝诺选集,安卓,game,https://caiyun.139.com/m/i?2h8KgtFGQAjne,提取码:yf03,,,
,特工17 24.8,安卓,game,https://caiyun.139.com/m/i?2h8KgaEmmkkos,提取码:zw74,,,
,都市隐修冷狐版,安卓,game,https://caiyun.139.com/m/i?2hoTe0nuJp7df,提取码:j2sj,,,
,时空旅行3.01通用版,安卓,game,https://caiyun.139.com/m/i?2hoTc7ecMm2ce,提取码:h8rn,,,200267
,双重逆影,安卓,game,https://caiyun.139.com/m/i?2houMaH9jq9pl,提取码:bwzv,123,,
,末世方舟,pc+joi,game,https://caiyun.139.com/m/i?2houMFKot93xz,提取码:l7jo,,,
,常轨脱离,pc,game,https://caiyun.139.com/m/i?2hoTcWhN9qGiv,提取码:sckw,,,
,《Syahata's Bad Day》夏哈塔遭罪的一天,安卓,game,https://caiyun.139.com/m/i?2hoTcjf6yUvry,,,,
,绮罗的淫乱人生,安卓,game,https://caiyun.139.com/m/i?2hoTcaeqYqu2s,提取码:o8wt,,,
,夜幕之花,安卓,game,https://caiyun.139.com/m/i?2hRG440wZKhsw,提取码:xhs5,,,
,夜幕之花,pc+joi,game,https://caiyun.139.com/m/i?2hRG3eWXk0Lsn,提取码:67hk,,,
,9nine-new,安卓,game,https://caiyun.139.com/m/i?2hRG410iFeq9o,提取码:bfdu,,,
,9nine-2,安卓,game,https://caiyun.139.com/m/i?2hRG410iFeq10o,提取码:bfdu,,,
,9nine-3,安卓,game,https://caiyun.139.com/m/i?2hRG410iFeq11o,提取码:bfdu,,,
,9nine-4,安卓,game,https://caiyun.139.com/m/i?2hRG410iFeq12o,提取码:bfdu,,,
,召唤抽奖系统,安卓,game,https://caiyun.139.com/m/i?2h8KgtFGURW6o,提取码:3jwi,,,
,az快捷情趣酒店,安卓,game,https://caiyun.139.com/m/i?2h8KgaEmm8Cal,提取码:wxbi,,,
,大海源,安卓,game,https://caiyun.139.com/m/i?2h8Kg7E87aDfv,提取码:soh3,,,
,npc不能反抗的世界,安卓,game,https://caiyun.139.com/m/i?2h8KggENV9k9c,提取码:n8ra,,,
,Riddle joker,安卓,game,https://caiyun.139.com/m/i?2h8KgtFGXnp8h,提取码:y0qb,,,
,SLG和米娅一起的夏天,安卓,game,https://caiyun.139.com/m/i?2h8KgtFGQooij,提取码:x9qz,,,
,埃及猫,安卓,game,https://caiyun.139.com/m/i?2h8KgtFGSvYwy,提取码:xldu,,,
,艾丽丝小姐 催眠时间到了哦,安卓,game,https://caiyun.139.com/m/i?2h8KfEC7cACvb,提取码:11zu,,,
,安娜重制版,安卓,game,https://caiyun.139.com/m/i?2h8KfHCkrFHzm,提取码:uxp3,,,
,报ru催眠计划,安卓,game,https://caiyun.139.com/m/i?2h8KggENQqzgo,提取码:cvl1,,,
,不和谐失调0.8沙盒,安卓,game,https://caiyun.139.com/m/i?2h8KgtFGSw5bi,提取码:olb4,,,
,城墙内的暴风雪,安卓,game,https://caiyun.139.com/m/i?2h8KggENV9tnw,提取码:ax8w,,,
,痴汉电车,安卓,game,https://caiyun.139.com/m/i?2h8KfBBTVWJ4m,提取码:ulrv,,,
,传说中的武器,安卓,game,https://caiyun.139.com/m/i?2h8KgtFGUS84l,提取码:7bdx,,,
,催眠,安卓,game,https://caiyun.139.com/m/i?2h8KgaEmm8Msb,提取码:q6ry,,,
,催眠（杰尼龟汉化组）,安卓,game,https://caiyun.139.com/m/i?2h8KfYDstDowt,提取码:6zq5,,,
,催眠app（莉莉姆版）,安卓,game,https://caiyun.139.com/m/i?2h8KgtFGUSflm,提取码:dobo,,,
,催眠v1.2a,安卓,game,https://caiyun.139.com/m/i?2h8KfEC7aaMrn,提取码:hbuh,,,
,催眠メイド,安卓,game,https://caiyun.139.com/m/i?2h8KgaEmoPQne,提取码:you2,,,
,催眠贵族,安卓,game,https://caiyun.139.com/m/i?2h8KgtFGUSmdg,提取码:m1qr,,,
,催眠幻想,安卓,game,https://caiyun.139.com/m/i?2h8KggENQqG1g,提取码:1j5t,,,
,催眠家人,安卓,game,https://caiyun.139.com/m/i?2h8KgaEmoPVsk,提取码:k0ap,,,
,催眠家族,安卓,game,https://caiyun.139.com/m/i?2h8KgtFGUSrvj,提取码:7it8,,,
,催眠木勤,安卓,game,https://caiyun.139.com/m/i?2h8KfEC7ab3fj,提取码:h09w,,,
,催眠任务,安卓,game,https://caiyun.139.com/m/i?2h8KfBBTVX9bd,提取码:z7bz,,,
,催眠实验,安卓,game,https://caiyun.139.com/m/i?2h8KggENQqM4y,提取码:ev8t,,,
,催眠偷窥,安卓,game,https://caiyun.139.com/m/i?2h8KgnFforKoi,提取码:im7q,,,
,催眠我的家人,安卓,game,https://caiyun.139.com/m/i?2h8KgFGAQ3s6k,提取码:doc4,,,
,催眠物语,安卓,game,https://caiyun.139.com/m/i?2h8KfEC7cAW5w,提取码:tju5,,,
,催眠洗脑,安卓,game,https://caiyun.139.com/m/i?2h8KgtFGSwqvm,提取码:9zz1,,,
,催眠喜欢的孩子全部钟出,安卓,game,https://caiyun.139.com/m/i?2h8KgnFforQyt,提取码:4ym5,,,
,催眠小镇,安卓,game,https://caiyun.139.com/m/i?2h8KgtFGSwvna,提取码:2jqw,,,
,催眠学院,安卓,game,https://caiyun.139.com/m/i?2h8KgnFfm9R9e,提取码:axa0,,,
,催眠异世界,安卓,game,https://caiyun.139.com/m/i?2h8KggENQqXsk,提取码:3uc2,,,
,催眠应用点击器~拥有男朋友的姐姐成为我的,安卓,game,https://caiyun.139.com/m/i?2h8KggENQr22j,提取码:dk4e,,,
,催眠勇者,安卓,game,https://caiyun.139.com/m/i?2h8KgFGAQ3ywb,提取码:4g2s,,,
,催眠游戏,安卓,game,https://caiyun.139.com/m/i?2h8KfBBTVXueh,提取码:nzis,,,
,催眠御女,安卓,game,https://caiyun.139.com/m/i?2h8KfEC7cB2yr,提取码:6alr,,,
,大欧派女骑士与催眠魔法,安卓,game,https://caiyun.139.com/m/i?2h8KggENV9Nup,提取码:1cv9,,,
,岛主日记,安卓,game,https://caiyun.139.com/m/i?2h8KfHCkrFYul,提取码:336k,,,
,第五部：noble☆works,安卓,game,https://caiyun.139.com/m/i?2h8KgtFGXnTty,提取码:clo4,,,
,调皮妹妹 败北诱惑性生活,安卓,game,https://caiyun.139.com/m/i?2h8KgnFfma51c,提取码:0ip9,,,
,对萌系女孩的催眠报复,安卓,game,https://caiyun.139.com/m/i?2h8KfHCkrG3l0,提取码:a80m,,,
,恶心大叔的催眠,安卓,game,https://caiyun.139.com/m/i?2h8KfEC7abtuo,提取码:czvk,,,
,绯月仙行录0.54,安卓,game,https://caiyun.139.com/m/i?2h8KgnFfmabfg,提取码:55a5,668688,,
,改变生活的抉择,安卓,game,https://caiyun.139.com/m/i?2h8KgnFfos7dr,提取码:lwrx,,,
,哥哥，还没做好h的准备吗？,安卓,game,https://caiyun.139.com/m/i?2h8KfEC7cBcs0,提取码:ts73,,,
,哥哥，还没做好kiss的准备吗？,安卓,game,https://caiyun.139.com/m/i?2h8KgaEmm9is0,提取码:4sq0,,,
,哥哥，早上起床之前都要抱紧我哦,安卓,game,https://caiyun.139.com/m/i?2h8KgtFGSwZ3j,提取码:4wfc,,,
,规则,安卓,game,https://caiyun.139.com/m/i?2h8KgnFfosdmt,提取码:ky38,,,
,合欢宗女修传,安卓,game,https://caiyun.139.com/m/i?2h8KgnFfmanxr,提取码:4jws,,,
,黑暗之源,安卓,game,https://caiyun.139.com/m/i?2h8KggENVa6ps,提取码:4rug,,,
,会催眠的勇者,安卓,game,https://caiyun.139.com/m/i?2h8KgtFGXo76c,提取码:raoe,,,
,火影忍者.忍者领主0.8,安卓,game,https://caiyun.139.com/m/i?2h8KgtFGUSNju,提取码:fz57,,,
,家出少女,安卓,game,https://caiyun.139.com/m/i?2h8KfYDstDNy8,提取码:q2c4,,,
,监禁女王,安卓,game,https://caiyun.139.com/m/i?2h8KfYDstDTxf,提取码:9a70,,,
,姐妹催眠,安卓,game,https://caiyun.139.com/m/i?2h8KggENVabj8,提取码:kc1z,,,
,卡在墙壁里的女孩,安卓,game,https://caiyun.139.com/m/i?2h8KfEC7abMfr,提取码:644o,,,
,蕾雅的催眠禁魔法,安卓,game,https://caiyun.139.com/m/i?2h8KggENVamfi,提取码:hbfo,,,
,猎艳逐影,安卓,game,https://caiyun.139.com/m/i?2h8KgFGAQ4d9n,提取码:g3k7,,,
,刘婵辅佐计划,安卓,game,https://caiyun.139.com/m/i?2h8KggENVaraq,提取码:3ued,,,
,路人娘捕获计划,安卓,game,https://caiyun.139.com/m/i?2h8KgtFGXoexs,提取码:5xoe,,,
,每日轻吻洛丽塔,安卓,game,https://caiyun.139.com/m/i?2h8KggENVaBt7,提取码:amlu,,,
,美少女万花镜6雪女,安卓,game,https://caiyun.139.com/m/i?2h8KgtFGUT136,提取码:jlim,,,
,妹团圆之时,安卓,game,https://caiyun.139.com/m/i?2h8KggENQrGxx,提取码:nw94,,,
,妹同居2,安卓,game,https://caiyun.139.com/m/i?2h8Kg7E87bKyj,提取码:3s47,,,
,鸣人的假期,安卓,game,https://caiyun.139.com/m/i?2h8KgnFfosPy0,提取码:h1ta,,,
,魔女的夜宴,安卓,game,https://caiyun.139.com/m/i?2h8KgnFfmaG2w,提取码:tf1j,,,
,魔物娘世界,安卓,game,https://caiyun.139.com/m/i?2h8KgtFGUTaua,提取码:w38i,,,
,母亲课程,安卓,game,https://caiyun.139.com/m/i?2h8KgJGQ4541a,提取码:iiyq,,,
,母性觉醒催眠,安卓,game,https://caiyun.139.com/m/i?2h8KgJGQ45982,提取码:l3a6,,,
,难以爱,安卓,game,https://caiyun.139.com/m/i?2h8KgtFGXp6cr,提取码:nb1q,,,
,宁静岛,安卓,game,https://caiyun.139.com/m/i?2h8KfEC7cCwoe,提取码:wo52,,,
,女超人,安卓,game,https://caiyun.139.com/m/i?2h8KfBBTVYjjs,提取码:sl0l,,,
,貧乏少年のお解ちゃん催眠計画,安卓,game,https://caiyun.139.com/m/i?2h8KgtFGXpmei,提取码:iu3z,,,
,千恋万花,安卓,game,https://caiyun.139.com/m/i?2h8KggENT0Dea,提取码:twq2,,,
,驱除女学生的幽灵,安卓,game,https://caiyun.139.com/m/i?2h8KgtFGSxm6r,提取码:v1r5,,,
,三狗逃出哥布林洞穴,安卓,game,https://caiyun.139.com/m/i?2h8KgnFfot1qh,提取码:8tlf,,,
,沙漠追猎者0.13,安卓,game,https://caiyun.139.com/m/i?2h8KgaEmm9Qj0,提取码:m7t3,,,
,少年催眠姐冷狐版,安卓,game,https://caiyun.139.com/m/i?2h8KfEC7acdrp,提取码:qgh6,,,
,神奇的催眠书v0.8.1,安卓,game,https://caiyun.139.com/m/i?2h8KfEC7cCDo1,提取码:m1tz,,,
,生命的备件,安卓,game,https://caiyun.139.com/m/i?2h8KfEC7aci4c,提取码:zue0,,,
,收养了一个地精的女王,安卓,game,https://caiyun.139.com/m/i?2h8KgzG9nVH9d,提取码:ungq,,,
,熟女（我爱）,安卓,game,https://caiyun.139.com/m/i?2h8KgnFfot8sr,提取码:tw8o,,,
,私の猫メイド vol.1.5,安卓,game,https://caiyun.139.com/m/i?2h8Kg7E87c0hm,提取码:c4wz,,,
,私生女1.2(房间电脑是作弊器),安卓,game,https://caiyun.139.com/m/i?2h8KgtFGXqpqt,提取码:a0ya,,,
,死神维尔泳装版,安卓,game,https://caiyun.139.com/m/i?2h8KfBBTVYuy9,提取码:bobi,,,
,死宅天使家族冷狐版,安卓,game,https://caiyun.139.com/m/i?2h8KfBBTVYzbr,提取码:8zee,,,
,特別補導,安卓,game,https://caiyun.139.com/m/i?2h8KgzG9nVR4l,提取码:cu5w,,,
,我的催眠家庭,安卓,game,https://caiyun.139.com/m/i?2h8KgaEmoQR6t,提取码:mvzn,,,
,我的可爱表姐2,安卓,game,https://caiyun.139.com/m/i?2h8KfHCkrGWdt,提取码:xjls,,,
,我的幸福人生V0.8.8,安卓,game,https://caiyun.139.com/m/i?2h8KgnFfmb0yg,提取码:d5jf,,,
,我和尽是痴女的城市~异世界篇,安卓,game,https://caiyun.139.com/m/i?2h8KgnFfotfy6,提取码:4cve,,,
,我们的肉小便池老师1.0,安卓,game,https://caiyun.139.com/m/i?2h8KgtFGUTr2g,提取码:bq1y,,,
,我是姐姐监护人冷狐版,安卓,game,https://caiyun.139.com/m/i?2h8KgJGQ45pwu,提取码:w06a,,,
,我希望,安卓,game,https://caiyun.139.com/m/i?2h8KfHCkrH2xs,提取码:8mfd,,,
,我用了催眠APP1.0,安卓,game,https://caiyun.139.com/m/i?2h8KgFGAQ57ww,提取码:1b2w,,,
,夏日狂想曲,安卓,game,https://caiyun.139.com/m/i?2h8KgaEmma5n5,提取码:0o0n,,,
,夏天MC：那次我发现了一本神奇的催眠书,安卓,game,https://caiyun.139.com/m/i?2h8KfYDstEvi3,提取码:b9x4,,,
,校长先生 V0.14.3 精翻汉化作弊版,安卓,game,https://caiyun.139.com/m/i?2h8KfYDstEA6i,提取码:67y6,,,
,心灵结社0.4.1,安卓,game,https://caiyun.139.com/m/i?2h8KgaEmmaanq,提取码:sesc,,,
,心跳文学部,安卓,game,https://caiyun.139.com/m/i?2h8KfHCkrHcnu,提取码:808f,,,
,星体欲望0.24,安卓,game,https://caiyun.139.com/m/i?2h8KggENT10g4,提取码:xtcp,,,
,星之终途后日谈：渺茫希望的日记,安卓,game,https://caiyun.139.com/m/i?2h8KggENT15ej,提取码:fhuv,,,
,幸运悖论 v0.7.5,安卓,game,https://caiyun.139.com/m/i?2h8KggENVbbvd,提取码:x5ig,,,
,银荡的催眠曲,安卓,game,https://caiyun.139.com/m/i?2h8KgaEmmafn8,提取码:q0d3,,,
,永恒世界V0.6汉化版,安卓,game,https://caiyun.139.com/m/i?2h8KgtFGSxBy9,提取码:fcvi,,,
,诱惑洛丽塔冷狐版,安卓,game,https://caiyun.139.com/m/i?2h8KgzG9nW26y,提取码:tnw4,,,
,与狐妖的同居生活,安卓,game,https://caiyun.139.com/m/i?2h8KfEC7cD6xo,提取码:99g9,,,
,与袖珍手办相伴的日常,安卓,game,https://caiyun.139.com/m/i?2h8KgnFfotz17,提取码:73xq,,,
,原神同人（荧）,安卓,game,https://caiyun.139.com/m/i?2h8KgaEmmak86,提取码:dg9y,,,
,重生萝莉岛,安卓,game,https://caiyun.139.com/m/i?2h8KgtFGXqMk8,提取码:3qyl,,,
,足下危情1(画面上方可作弊),安卓,game,https://caiyun.139.com/m/i?2h8KgtFGSxGbz,提取码:bfla,,,
,アマカノ2＋,pc,game,https://caiyun.139.com/m/i?2h8KfEC7acArz,提取码:226p,,,
,甜蜜女友+,pc,game,https://caiyun.139.com/m/i?2h8KfYDstFG8g,提取码:klmr,,,
,甜蜜女友2,pc,game,https://caiyun.139.com/m/i?2h8KggENVc1je,提取码:no2f,,,
,甜蜜女友Perfect_Edition,pc,game,https://caiyun.139.com/m/i?2h8KgJGQ45C52,提取码:7dc7,,,
,甜蜜女友Second_Season,pc,game,https://caiyun.139.com/m/i?2h8KgtFGUTAms,提取码:k24j,,,
,甜蜜女友アマカノ ～Second Season～ ＋,pc,game,https://caiyun.139.com/m/i?2h8KgnFfmbpne,提取码:gktl,,,
,【pc＋joi】传说中的武器,pc,game,https://caiyun.139.com/m/i?2h8KgnFfotUia,提取码:6upp,,,
,【PC＋joi官中RPG】艾妮希雅与契约纹,pc,game,https://caiyun.139.com/m/i?2h8KggENT1Hk0,提取码:bzti,,,
,【PC+kr】真爱百合1（pc汉化，kr生肉）,pc,game,https://caiyun.139.com/m/i?2h8KfEC7acXjk,提取码:zpwy,,,
,【PC+kr】死馆1（pc汉化，kr生肉）,pc,game,https://caiyun.139.com/m/i?2h8KgtFGQpV7k,提取码:yk9u,,,
,【pc+ty+kr】Nagaruboshi_R18（流星）,pc,game,https://caiyun.139.com/m/i?2h8KgaEmmaJ7k,提取码:ozw6,,,
,美少女万华镜6雪女（全cg版）,pc,game,https://caiyun.139.com/m/i?2h8Kg7E87cRcl,提取码:gaqd,,,
,明末千里行1.16,pc,game,https://caiyun.139.com/m/i?2h8KggENQswav,提取码:7g7n,,,
,我的上司是魅魔,pc,game,https://caiyun.139.com/m/i?2h8KfHCkrHKti,提取码:58wh,,,
,异形探索AQE v1.01,pc,game,https://caiyun.139.com/m/i?2h8KgFGAQ5Ge6,提取码:e49x,,,
,死馆2,kr,game,https://caiyun.139.com/m/i?2h8KfEC7adgod,提取码:c8of,,,
,死馆1,kr,game,https://caiyun.139.com/m/i?2h8KggENVcKub,提取码:csui,,,
,幸子的恋爱游戏,psp,game,https://caiyun.139.com/m/i?2h8KfBBTVZppo,提取码:qmey,,,
,血色派对血色笼罩,psp,game,https://caiyun.139.com/m/i?2h8KggENVcQtf,提取码:jy0z,,,
,影之书,psp,game,https://caiyun.139.com/m/i?2h8Kg7E87d4nm,提取码:dq46,,,
,驭血,psp,game,https://caiyun.139.com/m/i?2h8Kg7E87da4l,提取码:3xt6,,,
,【kr+Ty】月乃美滨汉化组_创作少女的恋爱公式,kr+ty,game,https://caiyun.139.com/m/i?2h8KfEC7cDHw2,提取码:5n0z,,,
,【kr+Ty】直顺哉个人汉化_墓多DYINGZOMBIES,kr+ty,game,https://caiyun.139.com/m/i?2h8KfYDstGadt,提取码:72zy,,,
,【pc＋joi】传说中的武器,pc+joi,game,https://caiyun.139.com/m/i?2h8KgtFGQqf88,提取码:17v4,,,
,【PC＋joi官中RPG】艾妮希雅与契约纹,pc+joi,game,https://caiyun.139.com/m/i?2h8KgnFfmbX3o,提取码:t7iz,,,
,【PC+kr】真爱百合（pc汉化，kr生肉）,pc+kr,game,https://caiyun.139.com/m/i?2h8KfEC7cDXzv,提取码:xoqg,,,
,【PC+kr】死馆1（pc汉化，kr生肉）,pc+kr,game,https://caiyun.139.com/m/i?2h8Kg7E87djlc,提取码:q1pt,,,
,【pc+ty+kr】Nagaruboshi_R18（流星）,pc+ty+kr,game,https://caiyun.139.com/m/i?2h8KgaEmoRVu1,提取码:39b1,,,
,【Ty】ATRI亚托莉.我的挚爱时光,ty,game,https://caiyun.139.com/m/i?2h8KggENVd24b,提取码:zajz,,,
,【ty】保健室的老师与沉迷吹泡泡的助手,ty,game,https://caiyun.139.com/m/i?2h8KgtFGXrrfh,提取码:5sxs,,,
,【Ty】銭湯カノジョ -恋もお風呂もアツアツで-,ty,game,https://caiyun.139.com/m/i?2h8KgFGAQ64wx,提取码:cmxi,,,
,【Ty】甜蜜女友3,ty,game,https://yun.139.com/shareweb/#/w/i/2qidZDg8Ckkmf,,,,
,像素淘气店长,安卓,game,https://yun.139.com/shareweb/#/w/i/2qidZRh2k3je4,,,,
,像素淘气店长,pc,game,https://yun.139.com/shareweb/#/w/i/2qidZUhfAwZ2q,,,,
,永恒世界,安卓,game,https://yun.139.com/shareweb/#/w/i/2qieon2oXcx26,提取码:? ig8u,,,
,魔法少女的魔女审判,pc+安卓盖世,game,https://yun.139.com/shareweb/#/w/i/2qieow34GY5sy,提取码:? 22jr,,,
,希尔薇，30+全版本,安卓,game,https://yun.139.com/shareweb/#/w/i/2qieoC3w6DZqa,提取码:? x413,,,
,死馆2,ty+kr,game,https://yun.139.com/shareweb/#/w/i/2qie0fiQ5osdc,提取码:? sn43,,,
,缘之空、悠之空,ty+kr,game,https://yun.139.com/shareweb/#/w/i/2qie0vjXvNLlr,提取码:? oms1,,,
,青柠星光-柠檬果酱,ty+kr,game,https://yun.139.com/shareweb/#/w/i/2qieoz3hMArlf,提取码:? whhh,,,
,狂之血,pc+安卓盖世,game,https://yun.139.com/shareweb/#/w/i/2rGFtH2gpMu67,提取码:? r5pk,,,
,真爱百合,kr,game,https://yun.139.com/shareweb/#/w/i/2qieoq2C2WUqk,提取码:? sny9,,,
,纯白交响曲,ty+kr,game,https://yun.139.com/shareweb/#/w/i/2rGFhib8t51ky,,,,
,纯白交响曲,ty+kr,game,https://yun.139.com/shareweb/#/w/i/2rGFhib8t52ky,,,,
,ATRI亚托莉.我的挚爱时光,ty+kr,game,https://caiyun.139.com/w/i/2rGFrySSJ9Di2,提取码:4a8l,,,
,沙耶之歌,ons,game,https://caiyun.139.com/w/i/2rJWEweR7Utxh,提取码:6luk,,,
,沙耶之歌,pc+安卓盖世,game,https://caiyun.139.com/w/i/2rJV7DtviZs9t,提取码:wdtb,,,
,幸福宅女的养成方法,joi+rpgviewer,game,https://caiyun.139.com/w/i/2rJV7xt3Ltriy,提取码:nz5o,,,
,千恋万花,ty+kr,game,https://caiyun.139.com/w/i/2rJV7Ruphyj60,提取码:h76t,,,
,幸福宅女的养成方法,joi+rpgviewer,game,https://caiyun.139.com/w/i/2rJWEneagtGtq,提取码:6v4y,,,
,那些年我玩过的校花英语老师,pc+盖世+spark+renpyreader,game,https://caiyun.139.com/w/i/2rJWEQgbtcHyo,提取码:4pss,,,999888
,魔女的夜宴,ty+kr,game,https://caiyun.139.com/w/i/2rJV7XuS2d36n,提取码:2q4z,,,
,一起回家吧,ty+kr,game,https://caiyun.139.com/w/i/2rJV7AtgYrrrt,提取码:1ufb,,,
,甜蜜女友系列,pc,game,https://caiyun.139.com/w/i/2rJWECfhuVGy5,提取码:kon9,,,
,我和龙女妈妈玄幻之旅,pc+joi+rpgviewer,game,https://caiyun.139.com/w/i/2rJV7GtJoeB83,提取码:pkjk,,,
,DRACU-RIOT,ty+kr,game,https://caiyun.139.com/w/i/2rJWECfhw1Rep,提取码:mbem,,,
,夏日口袋,安卓,game,https://caiyun.139.com/w/i/2rJV7xt3w9938,提取码:e35g,,,
,riddle joker,ty+kr,game,https://caiyun.139.com/w/i/2rJWEteBPvf3a,提取码:6qzz,,,
,每日轻吻洛丽塔,pc+kr+ty,game,https://caiyun.139.com/w/i/2rJV7xt3wubep,提取码:2mir,,,
,天使纷扰,ty+kr,game,https://caiyun.139.com/w/i/2rJWEFfvPq87t,提取码:ymtn,,,
,对魔刃雪风,pc+ty+kr,game,https://caiyun.139.com/w/i/2rJWEWgCRHWss,提取码:pa32,,,
,星光咖啡馆与死神之蝶,ty+kr,game,https://caiyun.139.com/w/i/2rJV7XuRXYfho,提取码:bdky,,,
,天色幻想岛,pc+ty+kr,game,https://caiyun.139.com/w/i/2rJWEMfYdbAqu,提取码:gb8j,,,
,noble works,pc+ty+kr,game,https://caiyun.139.com/w/i/2rJV7GtJmgT1f,提取码:nx2k,,,
,与我恋爱的废材恶魔,ty+kr,game,https://caiyun.139.com/w/i/2rJV7KtXy5a0w,提取码:n1hl,,,
,特工17 25.9作弊版,安卓,game,https://caiyun.139.com/w/i/2rJWEweQUpos6,提取码:8z33,,,
,和存在感薄弱妹妹一起的简单生活,安卓,game,https://caiyun.139.com/w/i/2rJV83vi6kLj4,提取码:y0vq,,,
,天使乱漫,ty+kr,game,https://caiyun.139.com/w/i/2rJWEZgRWv4gt,提取码:48zt,,,
,神圣昂燐,ty+kr,game,https://caiyun.139.com/w/i/2rJWEZgRWvacm,提取码:3hs0,,,
,红楼梦：林黛玉与北静王,pc+安卓盖世,game,https://caiyun.139.com/w/i/2rJWEZgRWvAgb,提取码:gf6b,,,
,神明的选择,pc,game,https://caiyun.139.com/w/i/2rJV86vwiBSzz,提取码:ba7f,,,
,影色渐染~阿斯林顿的妹神官,pc+joi+rpgviewer,game,https://caiyun.139.com/w/i/2rJWEWgCH4vq4,提取码:svnu,,,
,孕育摇篮之暖,pc,game,https://caiyun.139.com/w/i/2rJV7UuBZe67t,提取码:3hsi,,,
,孕育摇篮之暖-体验版,安卓,game,https://caiyun.139.com/w/i/2rJV8BxLKVmmc,提取码:0d5r,,,
,巧克甜恋,pc,game,https://caiyun.139.com/w/i/2rJV7KtXd3Y6w,提取码:ndsq,,,
,巧克甜恋2,pc,game,https://caiyun.139.com/w/i/2rJV7KtXd3Y7w,提取码:ndsq,,,
,巧克甜恋3,pc,game,https://caiyun.139.com/w/i/2rJV7KtXd3Y8w,提取码:ndsq,,,
,调皮妹妹败北诱惑性生活,pc+joi+rpgviewer,game,https://caiyun.139.com/w/i/2rJV7XuR9hjd5,提取码:luzb,,,
,创造世界的空想理论,pc,game,https://caiyun.139.com/w/i/2rJV8iwqoiQ4g,提取码:4s6l,,,
,天津罪,安卓,game,https://caiyun.139.com/w/i/2rJWF5hikWEjq,提取码:xbnt,,,
,是谁杀了知更鸟,ty+kr,game,https://caiyun.139.com/w/i/2rJV8cvYw2Y66,提取码:pwht,,,
,黄毛TS、迫真! 間男TSメス堕ちレ〇プ ～淫獣と化した僕～,pc+joi+rpgviewer,game,https://caiyun.139.com/w/i/2rJV83vhKEfyp,提取码:0a18,,,
,何度目かのはじめまして 修复版,pc,game,https://caiyun.139.com/w/i/2rJV8mwDhUH7r,提取码:buvz,,,
,终之空,安卓,game,https://caiyun.139.com/w/i/2rJV8pwSMXTgx,提取码:4mp8,,,
,终之空,pc,game,https://caiyun.139.com/w/i/2rJV8cvYvCvv0,提取码:1vm5,,,
,终之空,ios,game,https://caiyun.139.com/w/i/2rJV8pwSMXZhc,提取码:kjdk,,,
,天津罪,pc,game,https://caiyun.139.com/w/i/2rJV83vhyizfi,提取码:xn0g,,,
,夏空彼方,kr,game,https://caiyun.139.com/w/i/2rJWF2h4Vm6lz,提取码:2miv,,,
,闪耀青春追逐记,kr,game,https://caiyun.139.com/w/i/2rJWF2h4ZHS3r,提取码:ia8n,,,
,猫娘乐园,kr,game,https://caiyun.139.com/w/i/2rJWF2h4XK9uz,提取码:s4gr,,,
,哥哥，早上起床之前都要抱紧我哦,kr,game,https://caiyun.139.com/w/i/2rJWF2h4XKfst,提取码:85jy,,,
,少女领域,pc+ty+kr,game,https://caiyun.139.com/w/i/2rJWF8hwqBfqm,提取码:nupo,,,
,妻中蜜1,pc,game,https://caiyun.139.com/w/i/2rJWFbhKHZy6w,提取码:2pg8,,,
,妻中蜜2,pc,game,https://caiyun.139.com/w/i/2rJWFbhKHZy7w,提取码:2pg9,,,
,妻中蜜3,pc,game,https://caiyun.139.com/w/i/2rJWFbhKHZy8w,提取码:2pg10,,,
,绯色仙行录,pc+joi+rpgviewer,game,https://caiyun.139.com/w/i/2rJWFehYUb9on,提取码:xwbk,,,
,异常咖啡机,pc,game,https://caiyun.139.com/w/i/2s2xQMpQwev4s,提取码:7l4h,,,
,异常咖啡机1~2,安卓,game,https://caiyun.139.com/w/i/2s2xR2qY9E3h7,提取码:nwfr,,,
,性转魔王敌不过勇者,pc,game,https://caiyun.139.com/w/i/2s2yk9AWhYe2z,提取码:niiw,,,
,甜蜜女友系列（2、2+、3）,安卓,game,https://caiyun.139.com/w/i/2s2yjRzA0y188,提取码:fzrl,,,
,黑之宣告、死亡黑标,pc,game,https://caiyun.139.com/w/i/2s2xQTqgBAU8m,提取码:m1yt,,,
,【kr】带你下地狱病娇凶娘,kr,game,https://caiyun.139.com/w/i/2s2xQJpARHgh4,提取码:vpzg,,,
,对你说再见,pc,game,https://caiyun.139.com/w/i/2s2xRerRFZa4y,提取码:p9ab,,,
,我们没有翅膀,pc,game,https://caiyun.139.com/w/i/2s2xRbrCkkM77,提取码:5up7,,,
,寒蝉鸣泣之时,pc,game,https://caiyun.139.com/w/i/2s2xQZqJdzk7h,提取码:yr8c,,,
,自杀的101种方式,pc,game,https://caiyun.139.com/w/i/2s2xRerREc4xc,提取码:yb9t,,,
,天使不在的12月,pc,game,https://caiyun.139.com/w/i/2s2xRksifAHwb,提取码:v30o,,,
,东京爱丽丝,kr,game,https://yun.139.com/shareweb/#/w/i/2s2xRbrCq51zs,,,,
,人类救济部,kr,game,https://yun.139.com/shareweb/#/w/i/2s2xR5raH5f7b,,,,
,Muv-luv chronicles04,pc,game,https://caiyun.139.com/w/i/2s2yj5wdNjta7,提取码:m8g7,,,
,sppl,pc,game,https://caiyun.139.com/w/i/2s2xR2qXdisx3,提取码:wo1h,,,
,徒咲昏 -アダザクラ- 完全版ver.1.01,pc,game,https://caiyun.139.com/w/i/2s2xRoswmEpfo,提取码:ejey,,,
,神怒之日,pc,game,https://caiyun.139.com/w/i/2s2xQWquD1Qtp,提取码:jont,,,
,月姬remake,switch,game,https://caiyun.139.com/w/i/2s2ykEDaiyHyt,提取码:xbwi,,,
,【kr】初音 将所有的歌献给未来的你,kr,game,https://caiyun.139.com/w/i/2s2yjewUsDzok,提取码:f1t1,,,
,【kr】鈴が歌う、未来の音色―,kr,game,https://caiyun.139.com/w/i/2s2yj5wdQ282x,提取码:e4up,,,
,我的超级现充生活,pc,game,https://caiyun.139.com/w/i/2s2xRkshFNJhs,提取码:itho,,,
,月华辉映之刻,pc,game,https://caiyun.139.com/w/i/2s2xRosvS0Q6l,提取码:pft0,,,
,百密一疏少女心,switch,game,https://caiyun.139.com/w/i/2s2xRKu5RLK8e,提取码:zccx,,,
,怪诞马戏团,pc+spark+renpyreader,game,https://caiyun.139.com/w/i/2s2xRAtpUyDda,提取码:nuw3,,,
,怪诞马戏团,安卓,game,https://caiyun.139.com/w/i/2s2xRGtSzs9x3,提取码:7nfr,,,
,死亡笔记同人-束缚王子,pc,game,https://caiyun.139.com/w/i/2s2xRRuxot7eu,提取码:ep7z,,,
,夏之音,pc,game,https://caiyun.139.com/w/i/2s2yjXA2hU9ky,提取码:cw23,,,
,源平飞花,switch,game,https://caiyun.139.com/w/i/2s2xRKu5UQM4s,提取码:743u,,,
,虔诚之花的晚钟,switch,game,https://caiyun.139.com/w/i/2s2ykVEhj80ki,提取码:pg0t,,,
,茉莉花之炯,switch,game,https://caiyun.139.com/w/i/2s2yksCgmZ72k,提取码:tcdo,,,
,安迪和莉莉的棺材,安卓,game,https://caiyun.139.com/w/i/2s2yk6AGXprwn,提取码:76y6,,,
,海市蜃楼之馆,安卓,game,https://caiyun.139.com/w/i/2s2xRXuZNcyuk,提取码:df3k,,,
,樱之诗,双端,game,https://caiyun.139.com/w/i/2s2xRusY0nw49,提取码:tuq0,,,
,项圈恶意,switch,game,https://caiyun.139.com/w/i/2s2xRNuiKKPo0,提取码:2gin,,,
,樱之诗,pc,game,https://caiyun.139.com/w/i/2s2ym7Fb3phs8,提取码:ydre,,,
,丑小鸭与文字祸,pc,game,https://caiyun.139.com/w/i/2s2xRxtbhHWbd,提取码:k6uo,,,
,友爱俱乐部,pc,game,https://caiyun.139.com/w/i/2s2xRXuZFGx1r,提取码:4xk3,,,
,樱之刻,ty,game,https://caiyun.139.com/w/i/2s2xRxtbhJamj,提取码:7eqa,,,
,夏目四叶草,pc,game,https://caiyun.139.com/w/i/2s2yjDyG1w0ny,提取码:xz76,,,
,十字军之王3东方王朝,pc,game,https://caiyun.139.com/w/i/2s2xS0vcJKYe3,提取码:k3j2,,,
,巧克甜恋3,安卓,game,https://caiyun.139.com/w/i/2s2xRKu59xLmr,提取码:9uz8,,,
,死亡之板、死盘子,pc,game,https://caiyun.139.com/w/i/2s2yk3AtF0Pdd,提取码:cbmp,,,
,死亡之板、死盘子,安卓,game,https://caiyun.139.com/w/i/2s2xRNuibwxev,提取码:n32o,,,
,爱之吻五部曲,pc,game,https://caiyun.139.com/w/i/2s2yk0Afrp28t,提取码:h2eu,,,
,永恒世界0.9,pc+盖世+spark,game,https://caiyun.139.com/w/i/2s2xRNuicMsjq,提取码:dsqt,,,
,共鸣之吻,switch,game,https://caiyun.139.com/w/i/2s2ymzHbSSK1n,提取码:kkvr,,,
,魔鬼恋人,switch,game,https://caiyun.139.com/w/i/2s2xS6vDSUS1l,提取码:oitl,,,
,蝶之毒,kr,game,https://caiyun.139.com/w/i/2s2ymCHq9ddo3,提取码:b8o4,,,
,叠之毒,安卓,game,https://caiyun.139.com/w/i/2s2xS6vDT0Awz,提取码:kllv,,,
,魔法使之夜,安卓,game,https://caiyun.139.com/w/i/2s2ymzHbR4Yfs,提取码:jfnc,,,
,青鸟,pc,game,https://caiyun.139.com/w/i/2s2xS0vc8v8p2,提取码:9tw6,,,
,救赎的小夜曲,kr,game,https://caiyun.139.com/w/i/2s2ykcB9djA0g,提取码:q32o,,,
,永恒世界0.9,安卓,game,https://caiyun.139.com/w/i/2s2ymFHDgRdlq,提取码:15cv,,,
,fate系列,pc,game,https://caiyun.139.com/w/i/2s2xRXuYJdsso,提取码:sd06,,,
,救赎的小夜曲,pc+kr,game,https://caiyun.139.com/w/i/2s2ymJHSxS54j,提取码:k69r,,,
,约会大作战,pc,game,https://yun.139.com/shareweb/#/w/i/2s2xSBxTKkB88,,,,
,约会大作战,pc,game,https://pan.baidu.com/s/1weHGpKNzLhF1c7pWjrD9Ng?pwd=zcd5,,,,
,约会大作战,pc,game,https://pan.quark.cn/s/13c18343824f,,,,
,不可逾越的红花,switch,game,https://yun.139.com/shareweb/#/w/i/2s2ykVEh1Uzvw,,,,
,琉璃樱,kr,game,https://yun.139.com/shareweb/#/w/i/2s2xSyxEaihmv,,,,
,失忆症1、失忆症2、失忆症3,psp,game,https://yun.139.com/shareweb/#/w/i/2s2xT7A8bw8a2,,,,
,一天后会死的妹妹,安卓,game,https://yun.139.com/shareweb/#/w/i/2s2xSSz0Q2tn7,,,,
,妹同居生活,安卓,game,https://yun.139.com/shareweb/#/w/i/2s2xT4zV1qti6,,,,
,【kr】鸟笼婚姻,kr,game,https://yun.139.com/shareweb/#/w/i/2s2xSBxTfZ3wj,,,,
,【psp】魔鬼恋人 本篇+血迹篇,psp,game,https://yun.139.com/shareweb/#/w/i/2s2xSLyyaGDk0,,,,
,【switch】【kr】吉源彼岸花,switch、kr,game,https://yun.139.com/shareweb/#/w/i/2s2ymtGKgKLsx,,,,
,【psp】【kr】【pc】薄樱鬼+同人全系列,psp、kr、pc,game,https://yun.139.com/shareweb/#/w/i/2sxU4dKmGNe26,,,,
,【pc】早上起来我变成美少女了,pc,game,https://yun.139.com/shareweb/#/w/i/2sxU4aK8sHR8v,,,,
,【安卓】致命至爱,安卓,game,https://yun.139.com/shareweb/#/w/i/2sxU3PHyoEZi0,,,,
,【pc】【安卓】我的恶霸女友,安卓,game,https://yun.139.com/shareweb/#/w/i/2sxU4nL2JRSg0,,,,
,【pc】【安卓】我的恶霸女友,pc,game,https://yun.139.com/shareweb/#/w/i/2sxU4dKmMvAxk,,,,
,【PC】五彩斑斓的世界,pc,game,https://yun.139.com/shareweb/#/w/i/2sxU4gKA8HCwc,,,,
,【PC】五彩斑斓的曙光,pc,game,https://yun.139.com/shareweb/#/w/i/2sxU3PHyoFh17,,,,
,【PC】你朱眸里的五彩世界-映入红瞳的世界,pc,game,https://yun.139.com/shareweb/#/w/i/2sxU41Jsvsnt0,,,,
,【PC】啮齿动物NO.44观察记录,pc,game,https://yun.139.com/shareweb/#/w/i/2sxU4gKA6k6b8,,,,
,【pc】无颜之月 待宵的双椿,pc,game,https://yun.139.com/shareweb/#/w/i/2sxU4CMa5Fhyt,,,,
,【pc】肢体洗-十二魔器,pc,game,https://yun.139.com/shareweb/#/w/i/2sxU4jKPsq2ut,,,,
,【psp】最后的伴侣-猫之俱乐部,psp,game,https://yun.139.com/shareweb/#/w/i/2sxU47JV6Dhmi,,,,
,【安卓】【PC】存在感薄弱的妹妹0.95,安卓,game,https://yun.139.com/shareweb/#/w/i/2su6xSBzTps0z,,,,
,,pc,game,https://yun.139.com/shareweb/#/w/i/2su6CKZ4Eekvi,,,,
,【安卓】存在感薄弱的妹妹0.95d（挂梯子更新）,安卓,game,https://yun.139.com/shareweb/#/w/i/2sxU4CM9QvBra,,,,
,【安卓+spark】蜉蝣0.2重制版,安卓+spark,game,https://yun.139.com/shareweb/#/w/i/2sxU4QN3VSWjy,,,,
,【ons】近月少女的礼仪,ONS,game,https://yun.139.com/shareweb/#/w/i/2sCUf6NrcNZwj,,,,
,【kr】KANADE 官方中文版,KR,game,https://yun.139.com/shareweb/#/w/i/2sCUf0MZBy7b3,,,,
,【安卓】君与彼女与彼女之恋,安卓,game,https://yun.139.com/shareweb/#/w/i/2sCUf0MZBz9od,,,,
,【pc】雨音,pc,game,https://yun.139.com/shareweb/#/w/i/2sCUexKYdUg8r,,,,
,【PC】夏之锁,pc,game,https://yun.139.com/shareweb/#/w/i/2sCUhuYXUbWh2,,,,
,【pc】幸福噩梦、幸福噩梦FD,pc,game,https://yun.139.com/shareweb/#/w/i/2sCUig2j6zm1v,,,,
,【安卓】跨界0.4,安卓,game,https://yun.139.com/shareweb/#/w/i/2sNZWufAfbwim,,,,
,困倦的羁绊,PC,game,https://pan.xunlei.com/s/VOjkH2fDsrbc38XLeiezolG0A1?pwd=35ud#,,,,
,跨界0.4,安卓,game,https://pan.xunlei.com/s/VOjo-rMxs70LAEMuRqVebjMyA1?pwd=rnef#,,,,
,永恒世界0.95,安卓+spark,game,https://yun.139.com/shareweb/#/w/i/2sNZWof8jCvii,,,,
,新天域0.4,安卓+spark,game,https://yun.139.com/shareweb/#/w/i/2sNZWxfPfieht,,,,
,【pc+psp】Re;Lord 第二章 ～ケルンの魔女と黒猫～,pc+psp,game,https://yun.139.com/shareweb/#/w/i/2sUfC3qQVBC9l,,,,
,【pc】unless terminalia,pc,game,https://yun.139.com/shareweb/#/w/i/2sUfB5mz0cE4o,,,,
,【pc】牵绊闪耀的恋之伊吕波,pc,game,https://yun.139.com/shareweb/#/w/i/2sUfBonVvyPu8,,,,
,【pc】主播女孩重度依赖,pc,game,https://yun.139.com/shareweb/#/w/i/2sUfBAoPCDizp,,,,
,【pc】鬼歌,pc,game,https://yun.139.com/shareweb/#/w/i/2sUfBonVxJems,,,,
,【安卓】StreamLove Voyage,安卓,game,https://yun.139.com/shareweb/#/w/i/2sUfBknGaTdw9,,,,
,【pc】极品采花郎,pc,game,https://yun.139.com/shareweb/#/w/i/2sUfBDp2FT9hl,,,,
,命运石之门正篇,PSP、switch,game,https://yun.139.com/shareweb/#/w/i/2sUfBuomLajlj,,,,
,命运石之门比翼,PSP、switch,game,https://yun.139.com/shareweb/#/w/i/3sUfBuomLajlj,,,,
,命运石之门精英,PSP、switch,game,https://yun.139.com/shareweb/#/w/i/4sUfBuomLajlj,,,,
,命运石之门表征图,PSP、switch,game,https://yun.139.com/shareweb/#/w/i/5sUfBuomLajlj,,,,
,命运石之门0,PSP、switch,game,https://yun.139.com/shareweb/#/w/i/6sUfBuomLajlj,,,,
,命运石之门fc,PSP、switch,game,https://yun.139.com/shareweb/#/w/i/7sUfBuomLajlj,,,,
,1-1用妹妹的审题做誓言 1.0,安卓,game,https://yun.139.com/shareweb/#/w/i/2sUfDZzkTmJh7,,,,
,1-2 RIKKA 1.0.0,安卓,game,https://yun.139.com/shareweb/#/w/i/2sUfCLtYV7m4n,,,,
,1-3妹と_.如月由香乃 2,安卓,game,https://yun.139.com/shareweb/#/w/i/2sUfDavLzwHhp,,,,
,1-4 格斗妹,安卓,game,https://yun.139.com/shareweb/#/w/i/2sUfDavLzwS8h,,,,
,1-5 打倒！魔王娘,安卓,game,https://yun.139.com/shareweb/#/w/i/2sUfC3qQpkX3c,,,,
,1-6NekoHiroiMasita,安卓,game,https://yun.139.com/shareweb/#/w/i/2sUfCcrvaiV79,,,,
,1-7FighterZ 1.0,安卓,game,https://yun.139.com/shareweb/#/w/i/2sUfC3qQpm6f3,,,,
,1-8CollegeBrawlAndroid 1.3.2,安卓,game,https://yun.139.com/shareweb/#/w/i/2sUfCLtYV7Zxr,,,,
,1-9一直到早上!生合宿 1.0 桃子移植,安卓,game,https://yun.139.com/shareweb/#/w/i/2sUfCLtYV8by4,,,,
,1-10拘束询问 皇女伊莉娜,安卓,game,https://yun.139.com/shareweb/#/w/i/2sUfEeAsVtuv4,,,,
,1-11扶她暗精灵冷狐版,安卓,game,https://yun.139.com/shareweb/#/w/i/2sUfDwxk1qCep,,,,
,1-12后宫无人岛冷狐版,安卓,game,https://yun.139.com/shareweb/#/w/i/2sUfDZzkTo566,,,,
,1-13Another girl in the wall 1.7,安卓,game,https://yun.139.com/shareweb/#/w/i/2sUfDwxk1qNds,,,,
,1-14Pornography Conference 1.0,安卓,game,https://yun.139.com/shareweb/#/w/i/2sUfC9rgTDVzb,,,,
,1-15少女希尔薇国粹最新魔改版 1.0.6,安卓,game,https://yun.139.com/shareweb/#/w/i/2sUfDwxk1rF4i,,,,
,1-16NejiSimNeet05 0.1,安卓,game,https://yun.139.com/shareweb/#/w/i/2sUfDavLzyz2q,,,,
,1-17NTRPG1冷狐版,安卓,game,https://yun.139.com/shareweb/#/w/i/2sUfC9rgTEorm,,,,
,1-18修绿记冷狐版,安卓,game,https://yun.139.com/shareweb/#/w/i/2sUfBNpH3Rqo3,,,,
,1-19gyaru 1.0,安卓,game,https://yun.139.com/shareweb/#/w/i/2sUfC3qQpnSwq,,,,
,1-20Lovecraft Locker 1.1.85,安卓,game,https://yun.139.com/shareweb/#/w/i/2sUfC3qQpo39a,,,,
,1-21Creepy Love 0.5,安卓,game,https://yun.139.com/shareweb/#/w/i/2sUfDavLzz477,,,,
,1-22末日少女：珍娜的生存日记,安卓,game,https://yun.139.com/shareweb/#/w/i/2sUfDavLzzde6,,,,
,1-23性胬 0.3,安卓,game,https://yun.139.com/shareweb/#/w/i/2sUfCssCtLz5j,,,,
,1-24时间 R社,安卓,game,https://yun.139.com/shareweb/#/w/i/2sUfCcrvakDb1,,,,
,1-25野球拳 0.1,安卓,game,https://yun.139.com/shareweb/#/w/i/2sUfDavLzzutt,,,,
,1-26蕾雅的催眠禁魔法 R社,安卓,game,https://yun.139.com/shareweb/#/w/i/2sUfDwxk1sVzv,,,,
,1-27萝莉相爱冷狐版,安卓,game,https://yun.139.com/shareweb/#/w/i/2sUfCLtYVbazp,,,,
,1-29童话故事冷狐版,安卓,game,https://yun.139.com/shareweb/#/w/i/2sUfC3qQpp4nt,,,,
,1-28义女调jiao冷狐版,安卓,game,https://yun.139.com/shareweb/#/w/i/2sUfC3qQppb13,,,,
,1-30不機嫌な姪は取扱注意 1.0,安卓,game,https://yun.139.com/shareweb/#/w/i/2sUfDavLzAcdv,,,,
,1-31银河之限：囚笼v1.0,安卓,game,https://yun.139.com/shareweb/#/w/i/2sUfDCxMsdKl6,,,,
,1-32LostLife 1.52,安卓,game,https://yun.139.com/shareweb/#/w/i/2sUfCssCtMAl8,,,,
,1-33骄傲偶像伊织的监禁教育 R社,安卓,game,https://yun.139.com/shareweb/#/w/i/2sUfC3qQppu87,,,,
,1-34希尔薇结婚冷狐版,安卓,game,https://yun.139.com/shareweb/#/w/i/2sUfCLtYVc1ix,,,,
,1-35交流生活 1.0.0,安卓,game,https://yun.139.com/shareweb/#/w/i/2sUfCYuSKb3w9,,,,
,1-36异世界觉醒1.43谭 R社,安卓,game,https://yun.139.com/shareweb/#/w/i/2sUfDZzkTr7mq,,,,
,1-37小悪魔からは逃げられない,安卓,game,https://yun.139.com/shareweb/#/w/i/2sUfBNpH3Te5m,,,,
,1-38雏酱的秘密 1.0,安卓,game,https://yun.139.com/shareweb/#/w/i/2sUfC9rgTGhwx,,,,
,1-39NPC姦 1.0,安卓,game,https://yun.139.com/shareweb/#/w/i/2sUfDCxMsepql,,,,
,1-40最后的战争 2.3 巴比伦汉化组,安卓,game,https://yun.139.com/shareweb/#/w/i/2sUfC3qQppZeg,,,,
,1-41NPC歼-与异世女孩们的随意H R社,安卓,game,https://yun.139.com/shareweb/#/w/i/2sUfCssCtNhle,,,,
,1-42妹控地下城！进亲突破的无限地牢 巴比伦汉化组,安卓,game,https://yun.139.com/shareweb/#/w/i/2sUfDZzkTrwhy,,,,
,1-43傲颜少女!恋爱车厢 1.0 桃子移植,安卓,game,https://yun.139.com/shareweb/#/w/i/2sUfCYuSKbK9z,,,,
,1-44LOVE IS UNDEAD作弊版,安卓,game,https://yun.139.com/shareweb/#/w/i/2sUfC9rgTGXb5,,,,
,1-45幼妻冷狐版,安卓,game,https://yun.139.com/shareweb/#/w/i/2sUfC9rgTH66d,,,,
,1-46干物吸血鬼冷狐版,安卓,game,https://yun.139.com/shareweb/#/w/i/2sUfBNpH3Ueh2,,,,
,1-47精灵骑士,安卓,game,https://yun.139.com/shareweb/#/w/i/2sUfC3qQpqMbk,,,,
,1-48碧吃JK的H活动 1.0 小熊移植,安卓,game,https://yun.139.com/shareweb/#/w/i/2sUfDCxMsfzp6,,,,
,1-49幸福宅女养成方法 R社,安卓,game,https://yun.139.com/shareweb/#/w/i/2sUfDavLzBL8j,,,,
,1-50我与索菲娅的秘密 1.0,安卓,game,https://yun.139.com/shareweb/#/w/i/2sUfDavLzBXks,,,,
,1-51HypnoApp,安卓,game,https://yun.139.com/shareweb/#/w/i/2sUfEeAsVy81x,,,,
,1-52直到成为我的女朋友为止-怀乃子跟纵帮架监林示 巴比伦汉化组,安卓,game,https://yun.139.com/shareweb/#/w/i/2sUfCYuSKcDys,,,,
,1-53兽娘育成方案 冷狐版,安卓,game,https://yun.139.com/shareweb/#/w/i/2sUfCssCtPjrq,,,,
,1-54魔物娘捕获大陆 1.0.0 桃子移植,安卓,game,https://yun.139.com/shareweb/#/w/i/2sUfCLtYVdKnv,,,,
,1-55业余神社少女的H服夂力,安卓,game,https://yun.139.com/shareweb/#/w/i/2sUfCssCtPF3r,,,,
,1-56每日亲吻洛丽塔,安卓,game,https://yun.139.com/shareweb/#/w/i/2sUfDwxk1w0zw,,,,
,1-57魔王想让女人们忄不乃子 1.0 小熊移植,安卓,game,https://yun.139.com/shareweb/#/w/i/2sUfDZzkTsX75,,,,
,1-58隔壁太太今天也独自一人 小熊移植,安卓,game,https://yun.139.com/shareweb/#/w/i/2sUfC9rgTJdj3,,,,
,1-59克丽丝与游乐之街 白露移植,安卓,game,https://yun.139.com/shareweb/#/w/i/2sUfDwxk1wgxy,,,,
,1-60GINKA,安卓,game,https://yun.139.com/shareweb/#/w/i/2sUfC3qQprU7i,,,,
,1-61みならい天使リーネ R社,安卓,game,https://yun.139.com/shareweb/#/w/i/2sUfDavLzCUie,,,,
,1-62H版宝可梦-巴图移植,安卓,game,https://yun.139.com/shareweb/#/w/i/2sUfCssCtQiq2,,,,
,1-63女拳主義,安卓,game,https://yun.139.com/shareweb/#/w/i/2sUfC9rgTJwbl,,,,
,1-64魔女的夜宴冷狐版,安卓,game,https://yun.139.com/shareweb/#/w/i/2sUfDwxk1wJuw,,,,
,1-65花园梦三国 白露移植,安卓,game,https://yun.139.com/shareweb/#/w/i/2sUfEeAsVzblt,,,,
,1-66希露薇の交酉己計劃 7.6.9,安卓,game,https://yun.139.com/shareweb/#/w/i/2sUfCcrvap4m9,,,,
,1-67希尔薇 火车王版,安卓,game,https://yun.139.com/shareweb/#/w/i/2sUfEeAsVzr1l,,,,
,1-69My Cute Roommate 2 0.9,安卓,game,https://yun.139.com/shareweb/#/w/i/2sUfC3qQpsrme,,,,
,1-70约战：凛绪轮回,安卓,game,https://yun.139.com/shareweb/#/w/i/2sUfEeAsVzSxs,,,,
,1-71VIRTUES 16,安卓,game,https://yun.139.com/shareweb/#/w/i/2sUfCssCtQZhd,,,,
,1-72希尔薇4.0.6,安卓,game,https://yun.139.com/shareweb/#/w/i/2sUfDwxk1xmnt,,,,
,2-1捕获红发娘,安卓,game,https://yun.139.com/shareweb/#/w/i/2sUfDZzkTui7p,,,,
,2-2futao jp,安卓,game,https://yun.139.com/shareweb/#/w/i/2sUfC3qQptqw1,,,,
,2-3艹猫4冷狐版,安卓,game,https://yun.139.com/shareweb/#/w/i/2sUfEeAsVAzmq,,,,
,2-4OUROPLAYER,安卓,game,https://yun.139.com/shareweb/#/w/i/2sUfBNpH3Wsht,,,,
,2-5ChikanDensya2 1.0,安卓,game,https://yun.139.com/shareweb/#/w/i/2sUfEeAsVARkf,,,,
,2-6砂糖酱修改版,安卓,game,https://yun.139.com/shareweb/#/w/i/2sUfDwxk1ycio,,,,
,2-7ドキドキトレーニング 0.1,安卓,game,https://yun.139.com/shareweb/#/w/i/2sUfEeAsVB52i,,,,
,2-8初冬暖阳 巴比伦汉化组,安卓,game,https://yun.139.com/shareweb/#/w/i/2sUfDavLzF1hv,,,,
,2-9URJJ,安卓,game,https://yun.139.com/shareweb/#/w/i/2sUfCLtYVg7cv,,,,
,2-10雷电将军的惩罚 桃子移植,安卓,game,https://yun.139.com/shareweb/#/w/i/2sUfDwxk1yG1n,,,,
,2-11情欲泰迪熊冷狐版,安卓,game,https://yun.139.com/shareweb/#/w/i/2sUfCLtYVgwcu,,,,
,2-12东方秘宝乡冷狐版,安卓,game,https://yun.139.com/shareweb/#/w/i/2sUfBNpH3X496,,,,
,2-13旅馆与我的妻子冷狐版,安卓,game,https://yun.139.com/shareweb/#/w/i/2sUfCLtYVgKfz,,,,
,2-14梦魔的道具店冷狐版,安卓,game,https://yun.139.com/shareweb/#/w/i/2sUfC3qQpuzkm,,,,
,2-15NPC姦「町娘から女魔王まで犯し放題ヤリ放題」 ,安卓,game,https://yun.139.com/shareweb/#/w/i/2sUfDCxMsjaie,,,,
,2-16与邻居的母亲和女儿发生联系 R社,安卓,game,https://yun.139.com/shareweb/#/w/i/2sUfDwxk1z9qu,,,,
,2-17NPC弓虽女干,安卓,game,https://yun.139.com/shareweb/#/w/i/2sUfBNpH3Xsk1,,,,
,2-18UndercoverAgent 1.3.0,安卓,game,https://yun.139.com/shareweb/#/w/i/2sUfCYuSKg3lp,,,,
,2-19触乃子冷狐版,安卓,game,https://yun.139.com/shareweb/#/w/i/2sUfCYuSKgcub,,,,
,2-20糖果萝莉冷狐版,安卓,game,https://yun.139.com/shareweb/#/w/i/2sUfDavLzGByh,,,,
,2-21寻找夏日的宝物 小熊移植,安卓,game,https://yun.139.com/shareweb/#/w/i/2sUfEeAsVCLk1,,,,
,2-22绝对服从!下忍考试巴比伦汉化,安卓,game,https://yun.139.com/shareweb/#/w/i/2sUfDZzkTwQds,,,,
,2-23少女狩猎大叔,安卓,game,https://yun.139.com/shareweb/#/w/i/2sUfCYuSKgJkr,,,,
,2-24異世界魔物娘後宮,安卓,game,https://yun.139.com/shareweb/#/w/i/2sUfDZzkTx51x,,,,
,2-25The Demon's Stele & The Dog Princess - Mod 1.04,安卓,game,https://yun.139.com/shareweb/#/w/i/2sUfDwxk1Aujt,,,,
,2-26梅子来了冷狐版,安卓,game,https://yun.139.com/shareweb/#/w/i/2sUfCLtYVikeb,,,,
,2-27夢獄の国的爱丽丝-桃子移植_1.0.0,安卓,game,https://yun.139.com/shareweb/#/w/i/2sUfCcrvasD8e,,,,
,2-28娛樂圈疑雲-S號房事件,安卓,game,https://yun.139.com/shareweb/#/w/i/2sUfCcrvasRpe,,,,
,2-29咲夜小姐 R社,安卓,game,https://yun.139.com/shareweb/#/w/i/2sUfCcrvasZvq,,,,
,2-30银乱忄生奴力调考攵化计划 御所汉化版,安卓,game,https://yun.139.com/shareweb/#/w/i/2sUfCYuSKhxbq,,,,
,2-31魔铠姬的活祭冷狐版,安卓,game,https://yun.139.com/shareweb/#/w/i/2sUfDwxk1B4e1,,,,
,2-24異世界魔物娘後宮,安卓,game,https://yun.139.com/shareweb/#/w/i/2sUfCcrvatW9b,,,,
,2-25The Demon's Stele & The Dog Princess - Mod 1.04,安卓,game,https://yun.139.com/shareweb/#/w/i/2sUfCssCtVnta,,,,
,2-26梅子来了冷狐版,安卓,game,https://yun.139.com/shareweb/#/w/i/2sUfBNpH3ZBw3,,,,
,2-27夢獄の国的爱丽丝-桃子移植_1.0.0,安卓,game,https://yun.139.com/shareweb/#/w/i/2sUfDZzkTyVvx,,,,
,2-28娛樂圈疑雲-S號房事件,安卓,game,https://yun.139.com/shareweb/#/w/i/2sUfDZzkTz5rt,,,,
,2-29咲夜小姐 R社,安卓,game,https://yun.139.com/shareweb/#/w/i/2sUfCYuSKj6x9,,,,
,2-30银乱忄生奴力调考攵化计划 御所汉化版,安卓,game,https://yun.139.com/shareweb/#/w/i/2sUfCLtYVjPtz,,,,
,2-31魔铠姬的活祭冷狐版,安卓,game,https://yun.139.com/shareweb/#/w/i/2sUfC3qQpxH2i,,,,
,2-32鬼と共に生きる町 1.3.0,安卓,game,https://yun.139.com/shareweb/#/w/i/2sUfCLtYVk64s,,,,
,2-33学校弓虽女干~五分钟的课间休息,安卓,game,https://yun.139.com/shareweb/#/w/i/2sUfCYuSKjt6i,,,,
,2-34异世界最后一个男人,安卓,game,https://yun.139.com/shareweb/#/w/i/2sUfDwxk1D9x3,,,,
,2-35禁术绝对控制之用催目民弓虽迫萝莉少女纯爱1.01AW版,安卓,game,https://yun.139.com/shareweb/#/w/i/2sUfBNpH40Khf,,,,
,2-36从和风萝莉到大姐姐 桃子移植,安卓,game,https://yun.139.com/shareweb/#/w/i/2sUfCYuSKjM7t,,,,
,2-37私立NPC姦学校(巴比伦汉化组) ,安卓,game,https://yun.139.com/shareweb/#/w/i/2sUfCssCtWHoa,,,,
,2-38夏空彼方 青桔网制作 v1.0,安卓,game,https://yun.139.com/shareweb/#/w/i/2sUfCYuSKk3gb,,,,
,2-39兽耳不背叛冷狐版,安卓,game,https://yun.139.com/shareweb/#/w/i/2sUfCYuSKkat9,,,,
,2-40爱妻氵仑为亻也人之牛勿,安卓,game,https://yun.139.com/shareweb/#/w/i/2sUfCYuSKkjps,,,,
,2-41青空的卡缪『黙示汉化组版』,安卓,game,https://yun.139.com/shareweb/#/w/i/2sUfEeAsVGvy3,,,,
,2-42妹同居生活2?异世界幻想,安卓,game,https://yun.139.com/shareweb/#/w/i/2sUfDavLzLBm5,,,,
,2-43与可爱姐姐的甜蜜性生活 桃子移植,安卓,game,https://yun.139.com/shareweb/#/w/i/2sUfCcrvavYr0,,,,
,2-44桃子小姐，催目民时间到了哦 桃子移植,安卓,game,https://yun.139.com/shareweb/#/w/i/2sUfCYuSKkGx5,,,,
,2-45Broke Girl,安卓,game,https://yun.139.com/shareweb/#/w/i/2sUfC9rgTSbt1,,,,
,2-46网络聊天女郎冷狐版,安卓,game,https://yun.139.com/shareweb/#/w/i/2sUfEeAsVHMqg,,,,
,2-47安娜的初任务,安卓,game,https://yun.139.com/shareweb/#/w/i/2sUfBNpH42Hpm,,,,
,2-48透明人间：对便利店女孩的恶作剧 小熊移植,安卓,game,https://yun.139.com/shareweb/#/w/i/2sUfDwxk1Ff0r,,,,
,2-49被調孝攵的女也,安卓,game,https://yun.139.com/shareweb/#/w/i/2sUfEeAsVJ6l7,,,,
,2-50NTR Outlaws of the Marsh 1.0.0,安卓,game,https://yun.139.com/shareweb/#/w/i/2sUfC3qQpAn8w,,,,
,2-51当铁匠的妹妹堕落时 1.4,安卓,game,https://yun.139.com/shareweb/#/w/i/2sUfCYuSKnp2t,,,,
,2-52圣骑士堕落魔法 小熊移植,安卓,game,https://yun.139.com/shareweb/#/w/i/2sUfDwxk1G4c0,,,,
,2-53与快递过来的女孩子一起生活 小熊移植,安卓,game,https://yun.139.com/shareweb/#/w/i/2sUfBNpH4431n,,,,
,"2-54天使,恶魔,精灵和我",安卓,game,https://yun.139.com/shareweb/#/w/i/2sUfCYuSKnMri,,,,
,2-55Uni 0.26.83,安卓,game,https://yun.139.com/shareweb/#/w/i/2sUfC3qQpBF1v,,,,
,2-56妖诞岛~堕落成忄生处王里委员的副会长,安卓,game,https://yun.139.com/shareweb/#/w/i/2sUfDavLzPJip,,,,
,2-57与我的小狗妻子的生活 1.3.6,安卓,game,https://yun.139.com/shareweb/#/w/i/2sUfDavLzPUh0,,,,
,2-58转世的NPC弓虽女干~神秘森林,安卓,game,https://yun.139.com/shareweb/#/w/i/2sUfEeAsVKyin,,,,
,2-59女仆LIFE(巴比伦汉化组) ,安卓,game,https://yun.139.com/shareweb/#/w/i/2sUfDZzkTD929,,,,
,2-60Life with a College Girl,安卓,game,https://yun.139.com/shareweb/#/w/i/2sUfCYuSKouy7,,,,
,2-61夏树的监进生活,安卓,game,https://yun.139.com/shareweb/#/w/i/2sUfDCxMsrxfe,,,,
,2-62eden ｜ by 音羽教会汉化·青桔移植组移植,安卓,game,https://yun.139.com/shareweb/#/w/i/2sUfDwxk1H17y,,,,
,2-63Jerez'sArena 1.2.0,安卓,game,https://yun.139.com/shareweb/#/w/i/2sUfCLtYVp464,,,,
,2-64恋爱定位 电车×同级生,安卓,game,https://yun.139.com/shareweb/#/w/i/2sUfCcrvazhn9,,,,
,2-65白衣性恋爱症候群 复诊,安卓,game,https://yun.139.com/shareweb/#/w/i/2sUfCYuSKoYdq,,,,
,2-66夏日狂想曲-巴图魔改版 2.20,安卓,game,https://yun.139.com/shareweb/#/w/i/2sUfBNpH4556h,,,,
,2-67管乐恋曲！青桔网制作 v1.0,安卓,game,https://yun.139.com/shareweb/#/w/i/2sUfBNpH45dfw,,,,
,2-68魔法少女语冰 2.0.3.1,安卓,game,https://yun.139.com/shareweb/#/w/i/2sUfCYuSKpdv6,,,,
,2-69乡下生活2.0官中 小熊移植,安卓,game,https://yun.139.com/shareweb/#/w/i/2sUfCcrvazJ3r,,,,
,2-70想谈恋爱吗？那就给钱吧,安卓,game,https://yun.139.com/shareweb/#/w/i/2sUfDavLzRhsw,,,,
,2-71Sakuranouta_part1 1.2,安卓,game,https://yun.139.com/shareweb/#/w/i/2sUfCLtYVpJ8w,,,,
,2-72ATRI -My dear moments- 1.0.3(1),安卓,game,https://yun.139.com/shareweb/#/w/i/2sUfDCxMssfop,,,,
,2-73阿尔迪亚塔【糖衣ACG】 zip删,安卓,game,https://yun.139.com/shareweb/#/w/i/2sUfBNpH45Grq,,,,
,2-74恋爱定位 神社×前辈,安卓,game,https://yun.139.com/shareweb/#/w/i/2sUfDCxMstnci,,,,
,2-75Kisu,安卓,game,https://yun.139.com/shareweb/#/w/i/2sUfDZzkTF550,,,,
,2-76Queen's Glory,安卓,game,https://yun.139.com/shareweb/#/w/i/2sUfCcrvaBkws,,,,
,2-77Nino project,安卓,game,https://yun.139.com/shareweb/#/w/i/2sUfC3qQpEBzn,,,,
,2-78阿尔迪亚之塔 糖衣ACG,安卓,game,https://yun.139.com/shareweb/#/w/i/2sUfDavLzSDla,,,,
,2-79fox,安卓,game,https://yun.139.com/shareweb/#/w/i/2sUfDCxMstWr7,,,,
,2-80恋爱少女人格崩坏,安卓,game,https://yun.139.com/shareweb/#/w/i/2sUfBNpH473r0,,,,
,2-81转世英雄与失忆少女官中步兵  小熊移植,安卓,game,https://yun.139.com/shareweb/#/w/i/2sUfCssCu39c8,,,,
,2-82Devil Girl,安卓,game,https://yun.139.com/shareweb/#/w/i/2sUfDZzkTFB54,,,,
,2-83MY New Born Life In A Harem,安卓,game,https://yun.139.com/shareweb/#/w/i/2sUfC3qQpFh2c,,,,
,2-84吹弹！丰盈！波涛汹涌！异世界魔法学园,安卓,game,https://yun.139.com/shareweb/#/w/i/2sUfCYuSKrays,,,,
,2-85区欠派武士：被无名新手击倒,安卓,game,https://yun.139.com/shareweb/#/w/i/2sUfCssCu3C4s,,,,
,2-86ROLEPLAYER：小粥姐妹的黍占月莫游戏！,安卓,game,https://yun.139.com/shareweb/#/w/i/2sUfDZzkTFWo1,,,,
,2-87缘之空,安卓,game,https://yun.139.com/shareweb/#/w/i/2sUfCLtYVrL5h,,,,
,2-88天神乱漫 无忧无虑 虫虫助手,安卓,game,https://yun.139.com/shareweb/#/w/i/2sUfCLtYVrUzj,,,,
,2-89炼金术师艾玛还债的故事 R社,安卓,game,https://yun.139.com/shareweb/#/w/i/2sUfDCxMsv0to,,,,
,3-1PixelBunny,安卓,game,https://yun.139.com/shareweb/#/w/i/2sUfCssCu497t,,,,
,3-2Kisaki Blue Archive,安卓,game,https://yun.139.com/shareweb/#/w/i/2sUfCcrvaCVxn,,,,
,3-3Hatsune Miku Hentai,安卓,game,https://yun.139.com/shareweb/#/w/i/2sUfC9rgTYZ6k,,,,
,3-4圣诞老人和白色圣诞节,安卓,game,https://yun.139.com/shareweb/#/w/i/2sUfDCxMsvtk0,,,,
,3-5和妹妹两个人看家,安卓,game,https://yun.139.com/shareweb/#/w/i/2sUfC9rgTZeeu,,,,
,3-6Pet The Pussy,安卓,game,https://yun.139.com/shareweb/#/w/i/2sUfCLtYVsKu7,,,,
,3-7タッチガールvol.1,安卓,game,https://yun.139.com/shareweb/#/w/i/2sUfCLtYVsVa6,,,,
,3-8お姉ちゃんには内緒ですよ,安卓,game,https://yun.139.com/shareweb/#/w/i/2sUfCYuSKs99e,,,,
,3-9風紀委員長の裏仕事,安卓,game,https://yun.139.com/shareweb/#/w/i/2sUfBonV9vAtc,,,,
,3-10小时代我们追过的女孩 1.0.0.6,安卓,game,https://yun.139.com/shareweb/#/w/i/2sUfBGpfxFXrn,,,,
,3-11コハルとの放課後個別指導,安卓,game,https://yun.139.com/shareweb/#/w/i/2sUfBDp2iS8m7,,,,
,3-13催目民催银～鈴仙?優曇華院?イナバ～,安卓,game,https://yun.139.com/shareweb/#/w/i/2sUfCirXM9Ju1,,,,
,3-14女队员礻皮狩猎冷狐版zip删,安卓,game,https://yun.139.com/shareweb/#/w/i/2sUfBDp2gmxu4,,,,
,3-15私立女高中生外出挑战,安卓,game,https://yun.139.com/shareweb/#/w/i/2sUfBXqnPUwlm,,,,
,3-16?ナに悪いことしないで! ,安卓,game,https://yun.139.com/shareweb/#/w/i/2sUfCHtKFK2xl,,,,
,3-17嫁傘,安卓,game,https://yun.139.com/shareweb/#/w/i/2sUfBUq9A3Asb,,,,
,3-18每天和家里蹲妹妹一起的生活,安卓,game,https://yun.139.com/shareweb/#/w/i/2sUfC9rgUzD2t,,,,
,3-19神奇的摄影机_1.0.0(1),安卓,game,https://yun.139.com/shareweb/#/w/i/2sUfCpspfhWy9,,,,
,3-20Degrees of Lewdity 0.4.2.7,安卓,game,https://yun.139.com/shareweb/#/w/i/2sUfBxozQuPww,,,,
,3-21ぱんつけんドット,安卓,game,https://yun.139.com/shareweb/#/w/i/2sUfCirXMagy5,,,,
,3-22无能大学生冷狐版,安卓,game,https://yun.139.com/shareweb/#/w/i/2sUfCEtwpkQ5r,,,,
,3-23Ganyu - StN 1.2,安卓,game,https://yun.139.com/shareweb/#/w/i/2sUfCmsb1dTbd,,,,
,3-24捡垃圾冷狐版,安卓,game,https://yun.139.com/shareweb/#/w/i/2sUfCirXBPjge,,,,
,3-25ChunyuShokushuDoukutsu 1.0,安卓,game,https://yun.139.com/shareweb/#/w/i/2sUfBDp2gn9h2,,,,
,3-26米共作恋爱游戏,安卓,game,https://yun.139.com/shareweb/#/w/i/2sUfBNpH6U4q8,,,,
,3-27torawarenoko 1.4,安卓,game,https://yun.139.com/shareweb/#/w/i/2sUfCLtYP6Sii,,,,
,3-28在阴暗的房间中和独孤的女孩子的物语,安卓,game,https://yun.139.com/shareweb/#/w/i/2sUfCcrvd58l7,,,,
,3-29魔法少女的学校冷狐版,安卓,game,https://yun.139.com/shareweb/#/w/i/2sUfCirXBQp2t,,,,
,3-30闹鬼的房子,安卓,game,https://yun.139.com/shareweb/#/w/i/2sUfCirXBQK3l,,,,
,3-31Coco Nutshake 1.3.0,安卓,game,https://yun.139.com/shareweb/#/w/i/2sUfC3qQsGnf6,,,,
,3-32和妹妹两个人看家2,安卓,game,https://yun.139.com/shareweb/#/w/i/2sUfBXqnSs5vb,,,,
,3-33ドット言周教SLGターニャ 1.2,安卓,game,https://yun.139.com/shareweb/#/w/i/2sUfBKptQe33u,,,,
,3-34NierCorruptica,安卓,game,https://yun.139.com/shareweb/#/w/i/2sUfCmsaWA7gq,,,,
,3-35Bocchi the Fakku Ex 1,安卓,game,https://yun.139.com/shareweb/#/w/i/2sUfC3qQsGA93,,,,
,3-37KAGUYA PLAYER 1.2.0,安卓,game,https://yun.139.com/shareweb/#/w/i/2sUfBGpfAiXcn,,,,
,3-38飼育機械姦,安卓,game,https://yun.139.com/shareweb/#/w/i/2sUfBDp2iVVjl,,,,
,3-39Sollyz(横屏进入！！！) ,安卓,game,https://yun.139.com/shareweb/#/w/i/2sUfC3qQipTmt,,,,
,3-40宝可梦～斗子(横屏进入！！！) ,安卓,game,https://yun.139.com/shareweb/#/w/i/2sUfC0qB6yCts,,,,
,3-41碧氵也退魔师6冷狐版 ,安卓,game,https://yun.139.com/shareweb/#/w/i/2sUfBxozQyv4c,,,,
,3-42露出学园冷狐版,安卓,game,https://yun.139.com/shareweb/#/w/i/2sUfBGpfAjurd,,,,
,3-43和散漫的同学一起度过H市生活,安卓,game,https://yun.139.com/shareweb/#/w/i/2sUfBGpfAjCeb,,,,
,3-44蔚蓝档案阿罗娜(横屏进入！！！) ,安卓,game,https://yun.139.com/shareweb/#/w/i/2sUfCirXGr9wb,,,,
,3-45NTR主义,安卓,game,https://yun.139.com/shareweb/#/w/i/2sUfBXqnPYCmb,,,,
,3-46危险的路冷狐版,安卓,game,https://yun.139.com/shareweb/#/w/i/2sUfC3qQsHuk4,,,,
,3-47士兵女孩(横屏进入！！！) ,安卓,game,https://yun.139.com/shareweb/#/w/i/2sUfCmsaWC2om,,,,
,3-48HOUSHOUPLAYER 1.2.1,安卓,game,https://yun.139.com/shareweb/#/w/i/2sUfBonV9As94,,,,
,3-49汚部屋の姫,安卓,game,https://yun.139.com/shareweb/#/w/i/2sUfBNpH97iyj,,,,
,3-50FUCKERWATCH 0.1,安卓,game,https://yun.139.com/shareweb/#/w/i/2sUfBNpH97ps5,,,,
,3-51dog_girl 1.0,安卓,game,https://yun.139.com/shareweb/#/w/i/2sUfCpspaFpzm,,,,
,3-52无知少女的服务 桃子移植,安卓,game,https://yun.139.com/shareweb/#/w/i/2sUfC9rgUE4yc,,,,
,3-53可爱，能被破坏,安卓,game,https://yun.139.com/shareweb/#/w/i/2sUfBxozL8A31,,,,
,3-54恶作剧战争冷狐版,安卓,game,https://yun.139.com/shareweb/#/w/i/2sUfBDp2iXf2a,,,,
,3-55LustsCupid 1.0,安卓,game,https://yun.139.com/shareweb/#/w/i/2sUfCLtYPb7pi,,,,
,3-56梦中与勇者H的魔王,安卓,game,https://yun.139.com/shareweb/#/w/i/2sUfC3qQfYv41,,,,
,3-57Nemurimouto 0.04,安卓,game,https://yun.139.com/shareweb/#/w/i/2sUfBXqnPZV0s,,,,
,3-58触手的爱巢冷狐版,安卓,game,https://yun.139.com/shareweb/#/w/i/2sUfBXqnSuhl1,,,,
,3-59沼之魔女~梅塔莉卡(横屏进入！！！) ,安卓,game,https://yun.139.com/shareweb/#/w/i/2sUfC9rgUEM66,,,,
,3-60纟邦架扌番种监林示冷狐版,安卓,game,https://yun.139.com/shareweb/#/w/i/2sUfC6r3C6My5,,,,
,3-61オナホ妖精ちゃん,安卓,game,https://yun.139.com/shareweb/#/w/i/2sUfBGpfxNuux,,,,
,3-62NejiSim1.5 0.1,安卓,game,https://yun.139.com/shareweb/#/w/i/2sUfCssCwxz2w,,,,
,3-63猫メイド、集合,安卓,game,https://yun.139.com/shareweb/#/w/i/2sUfCyt4YzAue,,,,
,3-64義妹、未来酱！,安卓,game,https://yun.139.com/shareweb/#/w/i/2sUfCssCwxKul,,,,
,3-65私の猫メイド Vol.3 ,安卓,game,https://yun.139.com/shareweb/#/w/i/2sUfBxozQAz07,,,,
,3-66人偶猎人爱丽丝冷狐版,安卓,game,https://yun.139.com/shareweb/#/w/i/2sUfCLtYRdNql,,,,
,3-67百分百射姬,安卓,game,https://yun.139.com/shareweb/#/w/i/2sUfBGpfxP6d8,,,,
,3-68Alexst(横屏进入！！！) ,安卓,game,https://yun.139.com/shareweb/#/w/i/2sUfBGpfAmY2q,,,,
,3-69NejiSimOneSSS,安卓,game,https://yun.139.com/shareweb/#/w/i/2sUfCLtYRe3ns,,,,
,3-70私の猫メイド Vol.2,安卓,game,https://yun.139.com/shareweb/#/w/i/2sUfBKptQhx9u,,,,
,3-71亚里苏的银荡审判篇 2.02,安卓,game,https://yun.139.com/shareweb/#/w/i/2sUfC3qQispsk,,,,
,3-72NejiSim3,安卓,game,https://yun.139.com/shareweb/#/w/i/2sUfBonV9Cdzo,,,,
,3-73课后共犯 桃子移植,安卓,game,https://yun.139.com/shareweb/#/w/i/2sUfC3qQfZGwl,,,,
,3-74约会索菲亚-完全版,安卓,game,https://yun.139.com/shareweb/#/w/i/2sUfBGpftkUpc,,,,
,3-75魔力填充计划,安卓,game,https://yun.139.com/shareweb/#/w/i/2sUfCssCpM2vp,,,,
,3-76在房间尽情瑟瑟,安卓,game,https://yun.139.com/shareweb/#/w/i/2sUfBonV9Cpcn,,,,
,3-77授种委员的工作官中 小熊移植,安卓,game,https://yun.139.com/shareweb/#/w/i/2sUfBDp2gsUxe,,,,
,3-78女忍冫夌如传冷狐版,安卓,game,https://yun.139.com/shareweb/#/w/i/2sUfC6r3C80xf,,,,
,3-79なわのかぐらSE 1.0,安卓,game,https://yun.139.com/shareweb/#/w/i/2sUfC3qQg0e83,,,,
,3-80恋爱脑少女的变太心外出55移植＋汉化,安卓,game,https://yun.139.com/shareweb/#/w/i/2sUfCmsaWEjdf,,,,
,3-81在阴暗的房间中和独孤的女孩子的物语 番外,安卓,game,https://yun.139.com/shareweb/#/w/i/2sUfCLtYPdcwp,,,,
,3-82魔法少女琉璃香,安卓,game,https://yun.139.com/shareweb/#/w/i/2sUfC3qQkZBvr,,,,
,3-83NejicomiSimulator2 ,安卓,game,https://yun.139.com/shareweb/#/w/i/2sUfBGpftmLtb,,,,
,3-84The Charm of Love,安卓,game,https://yun.139.com/shareweb/#/w/i/2sUfBKptQiwir,,,,
,3-85村子的噩梦1冷狐版,安卓,game,https://yun.139.com/shareweb/#/w/i/2sUfCmsaRRRxc,,,,
,3-86由美酱炸孚乚女壬女辰 小熊移植,安卓,game,https://yun.139.com/shareweb/#/w/i/2sUfCmsaWEHq0,,,,
,3-87卑鄙勇者3冷狐版,安卓,game,https://yun.139.com/shareweb/#/w/i/2sUfC9rgUGwf4,,,,
,3-88自由讠周教之笼2冷狐版,安卓,game,https://yun.139.com/shareweb/#/w/i/2sUfCcrvdaSjh,,,,
,3-89全衤果风纪委冷狐版,安卓,game,https://yun.139.com/shareweb/#/w/i/2sUfBRpWgnVsy,,,,
,3-90少女嵌梅克斯,安卓,game,https://yun.139.com/shareweb/#/w/i/2sUfCLtYRfupt,,,,
,3-91Utosuya 1.1.1,安卓,game,https://yun.139.com/shareweb/#/w/i/2sUfCLtYRfCq0,,,,
,3-92束缚大小姐冷狐版,安卓,game,https://yun.139.com/shareweb/#/w/i/2sUfC3qQitG3k,,,,
,3-93堕落公主物语冷狐版,安卓,game,https://yun.139.com/shareweb/#/w/i/2sUfCBti80yxc,,,,
,3-94村子的噩梦2冷狐版,安卓,game,https://yun.139.com/shareweb/#/w/i/2sUfBonV9DDhp,,,,
,3-95圣剑勇者冷狐版,安卓,game,https://yun.139.com/shareweb/#/w/i/2sUfC3qQg1c1s,,,,
,3-96萝莉少女的借款冷狐版,安卓,game,https://yun.139.com/shareweb/#/w/i/2sUfBXqnKyW85,,,,
,3-97病娇青梅竹马冷狐版,安卓,game,https://yun.139.com/shareweb/#/w/i/2sUfCLtYPeiva,,,,
,3-98H市设施很多的城镇冷狐版,安卓,game,https://yun.139.com/shareweb/#/w/i/2sUfCirXJHw9g,,,,
,3-99清秀学园冷狐版,安卓,game,https://yun.139.com/shareweb/#/w/i/2sUfCmsaRSMj9,,,,
,3-100少女夏美与奇奇怪怪的学园,安卓,game,https://yun.139.com/shareweb/#/w/i/2sUfCmsaRSTuv,,,,
,3-101民间正义联盟1冷狐版,安卓,game,https://yun.139.com/shareweb/#/w/i/2sUfC3qQm1dad,,,,
,3-102live2D酉己种战斗,安卓,game,https://yun.139.com/shareweb/#/w/i/2sUfBKptQjKd3,,,,
,3-103养成师,安卓,game,https://yun.139.com/shareweb/#/w/i/2sUfCHtKyRZbx,,,,
,3-104與妹妹的奇妙生活,安卓,game,https://yun.139.com/shareweb/#/w/i/2sUfCssCwADtd,,,,
,3-105NejiSimTma01,安卓,game,https://yun.139.com/shareweb/#/w/i/2sUfBDp2gvuyj,,,,
,3-106纯情不良少女冷狐版,安卓,game,https://yun.139.com/shareweb/#/w/i/2sUfBDp2gvByt,,,,
,3-107邪恶首领冷狐版,安卓,game,https://yun.139.com/shareweb/#/w/i/2sUfC6r3CaScd,,,,
,3-108莲的七日冷狐版,安卓,game,https://yun.139.com/shareweb/#/w/i/2sUfCpspaKZl3,,,,
,3-109Inkling heroes vs Tentacle ver. 1.55,安卓,game,https://yun.139.com/shareweb/#/w/i/2sUfBXqnQ3Uux,,,,
,3-110柳夏夏大冒险冷狐版,安卓,game,https://yun.139.com/shareweb/#/w/i/2sUfC3qQm2kdi,,,,
,3-111公主养成计划冷狐版,安卓,game,https://yun.139.com/shareweb/#/w/i/2sUfC0qB1Wjxo,,,,
,3-112婚前从H市开始(繁星) ,安卓,game,https://yun.139.com/shareweb/#/w/i/2sUfCssCpPs3o,,,,
,3-113和侄女一起度过的日子,安卓,game,https://yun.139.com/shareweb/#/w/i/2sUfBKptQkXwk,,,,
,3-114让你负债冷狐版,安卓,game,https://yun.139.com/shareweb/#/w/i/2sUfC3qQg3exs,,,,
,3-115养牛少女冷狐版,安卓,game,https://yun.139.com/shareweb/#/w/i/2sUfCssCwBr3b,,,,
,3-116My Application,安卓,game,https://yun.139.com/shareweb/#/w/i/2sUfC3qQg3unc,,,,
,3-117DIDRPG~SS~王国骑士和拟态迷宫(巴比伦汉化组) ,安卓,game,https://yun.139.com/shareweb/#/w/i/2sUfC9rgUKrgr,,,,
,3-118进入仙境1.0,安卓,game,https://yun.139.com/shareweb/#/w/i/2sUfBXqnQ4th0,,,,
,3-119梅尔的魔女试验官中,安卓,game,https://yun.139.com/shareweb/#/w/i/2sUfBNpH9cY7h,,,,
,3-120梦幻之森冷狐版,安卓,game,https://yun.139.com/shareweb/#/w/i/2sUfC0qB1WS69,,,,
,3-121请停手吧姐姐大人要断了,安卓,game,https://yun.139.com/shareweb/#/w/i/2sUfC0qB1WYix,,,,
,3-122谷欠望之尾冷狐版,安卓,game,https://yun.139.com/shareweb/#/w/i/2sUfCHtKyTaqr,,,,
,3-123亻崔寝窥记冷狐版,安卓,game,https://yun.139.com/shareweb/#/w/i/2sUfBDp2gwXse,,,,
,3-124兄妹秘哀冷狐版,安卓,game,https://yun.139.com/shareweb/#/w/i/2sUfBxozQFy4s,,,,
,3-125落地魔女冷狐版,安卓,game,https://yun.139.com/shareweb/#/w/i/2sUfBKptKPpz4,,,,
,3-126谷欠望校园 0.2,安卓,game,https://yun.139.com/shareweb/#/w/i/2sUfCssCpQk1v,,,,
,3-127代父柔亻本亻尝还债务1.0,安卓,game,https://yun.139.com/shareweb/#/w/i/2sUfCirXJKVfm,,,,
,3-128寝耳又NTR-忍法帖 巴比伦汉化 1.121,安卓,game,https://yun.139.com/shareweb/#/w/i/2sUfCLtYPgAhr,,,,
,3-129女昌饣官经营记冷狐版,安卓,game,https://yun.139.com/shareweb/#/w/i/2sUfC9rgULirc,,,,
,3-130Jump Harem 0.9,安卓,game,https://yun.139.com/shareweb/#/w/i/2sUfBGpfxTxtm,,,,
,3-131完全管理姦淫1.0XY版,安卓,game,https://yun.139.com/shareweb/#/w/i/2sUfBGpfxTRby,,,,
,3-132义女讠周教2之讠周教亻敖慢女儿1.0XY版,安卓,game,https://yun.139.com/shareweb/#/w/i/2sUfCLtYPh24w,,,,
,3-133Dickmon 0.9,安卓,game,https://yun.139.com/shareweb/#/w/i/2sUfCssCpR4ee,,,,
,3-134打倒！超魔王様,安卓,game,https://yun.139.com/shareweb/#/w/i/2sUfC0qB1XWz0,,,,
,3-135童话捉迷藏冷狐版,安卓,game,https://yun.139.com/shareweb/#/w/i/2sUfBKptQnU6a,,,,
,3-136正太的暑假冷狐版,安卓,game,https://yun.139.com/shareweb/#/w/i/2sUfBXqnQ5G3g,,,,
,3-137少女嘉年华2冷狐版,安卓,game,https://yun.139.com/shareweb/#/w/i/2sUfBxozLeKr8,,,,
,3-138THE NPC女干 ~死肥宅也要(以下略)~ 汉化版 1.121,安卓,game,https://yun.139.com/shareweb/#/w/i/2sUfBxozLf0bb,,,,
,3-139孚乚魔绘奈篇 1.0.0,安卓,game,https://yun.139.com/shareweb/#/w/i/2sUfBGpfxUznk,,,,
,3-140死神薇儿(巴比伦汉化组) 1.0,安卓,game,https://yun.139.com/shareweb/#/w/i/2sUfBGpftqZ4q,,,,
,3-141催目民APP公寓 2.0,安卓,game,https://yun.139.com/shareweb/#/w/i/2sUfCssCwDD1i,,,,
,3-142SampleAdventure_rahkah(1),安卓,game,https://yun.139.com/shareweb/#/w/i/2sUfC6r3Cdgil,,,,
,3-143堕落乙女异闻录 1.0,安卓,game,https://yun.139.com/shareweb/#/w/i/2sUfC6r3Cdryg,,,,
,3-144成长之心 1.0,安卓,game,https://yun.139.com/shareweb/#/w/i/2sUfCpspaP1vp,,,,
,3-145少女~深夜回家的路 1.0.0,安卓,game,https://yun.139.com/shareweb/#/w/i/2sUfCirXJMf1h,,,,
,3-146妹锁,安卓,game,https://yun.139.com/shareweb/#/w/i/2sUfCssCwE4hz,,,,
,3-147痴女木寸1.0XY版(1),安卓,game,https://yun.139.com/shareweb/#/w/i/2sUfCssCwEbop,,,,
,3-148自大的大小姐被亻崔目民而堕落,安卓,game,https://yun.139.com/shareweb/#/w/i/2sUfBRpWgsXw5,,,,
,3-149衤皮夺走的青梅竹马遥,安卓,game,https://yun.139.com/shareweb/#/w/i/2sUfBGpftrB1v,,,,
,3-150幸运小姐 1.0,安卓,game,https://yun.139.com/shareweb/#/w/i/2sUfBxozQHJx5,,,,
,3-151暗黑：恋爱,安卓,game,https://yun.139.com/shareweb/#/w/i/2sUfBGpfxVjp1,,,,
,3-152OshikakeShoujo_1.08,安卓,game,https://yun.139.com/shareweb/#/w/i/2sUfBxozLfNg9,,,,
,3-153sister live broadcast 1.0,安卓,game,https://yun.139.com/shareweb/#/w/i/2sUfC0qB1Znlu,,,,
,3-154甲贺阴阳忍法贴冷狐版,安卓,game,https://yun.139.com/shareweb/#/w/i/2sUfBDp2gzavo,,,,
,3-155月匈部开始膨月长的妹妹 1.0.0,安卓,game,https://yun.139.com/shareweb/#/w/i/2sUfCssCwEH6y,,,,
,3-156传送到幻想世界的故事,安卓,game,https://yun.139.com/shareweb/#/w/i/2sUfCirXJNcbb,,,,
,3-157KemomimiDousei 1.0,安卓,game,https://yun.139.com/shareweb/#/w/i/2sUfBKptQpKyh,,,,
,3-158忄生另刂转扌奂的鬼未魔 1.0,安卓,game,https://yun.139.com/shareweb/#/w/i/2sUfBRpWiDEez,,,,
,3-159功夫娘~功夫之王蓝莓(巴比伦汉化组) ,安卓,game,https://yun.139.com/shareweb/#/w/i/2sUfC9rgUPg23,,,,
,3-160草莓酱的危机 1.0,安卓,game,https://yun.139.com/shareweb/#/w/i/2sUfCcrvdha1n,,,,
,3-161艹猫0冷狐版,安卓,game,https://yun.139.com/shareweb/#/w/i/2sUfCssCpTxb2,,,,
,3-162痴漢言周教~言周教两个自大的丿亅丶母勾,安卓,game,https://yun.139.com/shareweb/#/w/i/2sUfBRpWgtW9d,,,,
,3-163Border Conqueror 1.0.0,安卓,game,https://yun.139.com/shareweb/#/w/i/2sUfC3qQizjbe,,,,
,3-164還道-累之夜 1.1.0,安卓,game,https://yun.139.com/shareweb/#/w/i/2sUfBXqnKDYo2,,,,
,3-165四季0.6,安卓,game,https://yun.139.com/shareweb/#/w/i/2sUfCBti85Zb5,,,,
,3-166艾兄成痴的妹妹与爽到不行的异世界忄生活！1.0,安卓,game,https://yun.139.com/shareweb/#/w/i/2sUfC0qB20kso,,,,
,3-167妻瑟少女 1.0,安卓,game,https://yun.139.com/shareweb/#/w/i/2sUfCssCwFHts,,,,
,3-168妹妹同居生活 1.0.7,安卓,game,https://yun.139.com/shareweb/#/w/i/2sUfCssCpU01n,,,,
,3-169古风萝莉冷狐版,安卓,game,https://yun.139.com/shareweb/#/w/i/2sUfC0qB20A0e,,,,
,3-170四季_0.6,安卓,game,https://yun.139.com/shareweb/#/w/i/2sUfBRpWgur2j,,,,
,3-171MetalFlame 1.01,安卓,game,https://yun.139.com/shareweb/#/w/i/2sUfCpspaRejv,,,,
,3-172犯錯後需要柔亻尝可是常識 1.0 r星,安卓,game,https://yun.139.com/shareweb/#/w/i/2sUfC6r3CfB9x,,,,
,3-173玉魔王大作战 9.9.9,安卓,game,https://yun.139.com/shareweb/#/w/i/2sUfCpspaRz7s,,,,
,3-174诱惑梦幻博物馆~梦见灾厄之卵 1.0,安卓,game,https://yun.139.com/shareweb/#/w/i/2sUfBXqnKECi6,,,,
,3-175亻崔堕的精灵1.4XY版,安卓,game,https://yun.139.com/shareweb/#/w/i/2sUfBXqnKES3e,,,,
,3-176地下城与H冷狐版,安卓,game,https://yun.139.com/shareweb/#/w/i/2sUfBXqnKEYfn,,,,
,3-177有型巨孚乚辣妹愛璃~从监禁宅邸逃出,安卓,game,https://yun.139.com/shareweb/#/w/i/2sUfCssCpWn6a,,,,
,3-178My Yandere Sister loves me too much! 1.2.4,安卓,game,https://yun.139.com/shareweb/#/w/i/2sUfCssCwGqbn,,,,
,3-179失落的圣杯,安卓,game,https://yun.139.com/shareweb/#/w/i/2sUfBxozLhGng,,,,
,3-180我引以为豪的女也有着禾必密,安卓,game,https://yun.139.com/shareweb/#/w/i/2sUfBXqnKFtp2,,,,
,3-181魔具物语1.0,安卓,game,https://yun.139.com/shareweb/#/w/i/2sUfBXqnKFAxc,,,,
,3-182萝莉侦探冷狐版,安卓,game,https://yun.139.com/shareweb/#/w/i/2sUfBXqnKFJu3,,,,
,3-183幸运祝词,安卓,game,https://yun.139.com/shareweb/#/w/i/2sUfC9rgUQV39,,,,
,3-184蜗居冷狐版,安卓,game,https://yun.139.com/shareweb/#/w/i/2sUfCirXC49w6,,,,
,3-185哥哥，还没做好KISS的准备吗？ 还没做好Ｈ的准备吗？,安卓,game,https://yun.139.com/shareweb/#/w/i/2sUfCssCpX86w,,,,
,3-186她与瑟浪与满员电车,安卓,game,https://yun.139.com/shareweb/#/w/i/2sUfCLtYPmxgr,,,,
,3-187【御光盟国汉化组】深夜外出,安卓,game,https://yun.139.com/shareweb/#/w/i/2sUfCBti87x5l,,,,
,3-188沉寂之舞 (狐狸汉化组) 7.2,安卓,game,https://yun.139.com/shareweb/#/w/i/2sUfBonV9Lk68,,,,
,3-189氵频四轮回的卿于饣官中萌生的忄曾恶 1.0.3(2),安卓,game,https://yun.139.com/shareweb/#/w/i/2sUfBGpfqZM4r,,,,
,3-190死棺冷狐版,安卓,game,https://yun.139.com/shareweb/#/w/i/2sUfBGpfxY2v3,,,,
,3-191妹同居生活2?异世界幻想,安卓,game,https://yun.139.com/shareweb/#/w/i/2sUfC9rgUS4fv,,,,
,3-192被夺耳又的女昌女彐街之强势青梅竹马氵仑为女昌女彐,安卓,game,https://yun.139.com/shareweb/#/w/i/2sUfBRpWiGal3,,,,
,3-193不知火舞 1.0,安卓,game,https://yun.139.com/shareweb/#/w/i/2sUfC6r3ChJy2,,,,
,3-194巫师学徒和七次审判,安卓,game,https://yun.139.com/shareweb/#/w/i/2sUfBxozLiZbv,,,,
,3-195异世界悠闲后宫村,安卓,game,https://yun.139.com/shareweb/#/w/i/2sUfCLtYPncdc,,,,
,3-196恶魔新娘v1.42,安卓,game,https://yun.139.com/shareweb/#/w/i/2sUfC3qQiC7zv,,,,
,3-197到现代的精灵女儿遭遇H的RPG,安卓,game,https://yun.139.com/shareweb/#/w/i/2sUfC0qAZxkr6,,,,
,3-198与可爱姐姐的舌甘蜜忄生生活（小熊移植）,安卓,game,https://yun.139.com/shareweb/#/w/i/2sUfCssCpXVqg,,,,
,3-199艾丽丝小姐，亻崔目民时间到了哦（小熊移植）,安卓,game,https://yun.139.com/shareweb/#/w/i/2sUfC0qB23dnx,,,,
,3-200女表子退魔师4,安卓,game,https://yun.139.com/shareweb/#/w/i/2sUfCssCwJhc0,,,,
,3-201魔王之女戴沫娜,安卓,game,https://yun.139.com/shareweb/#/w/i/2sUfBGpftvLd0,,,,
,3-202生命的备件,安卓,game,https://yun.139.com/shareweb/#/w/i/2sUfCssCwJHpx,,,,
,3-203ママンズレポート无心版,安卓,game,https://yun.139.com/shareweb/#/w/i/2sUfBGpfr10fk,,,,
,3-204女仆和少女0.6.1,安卓,game,https://yun.139.com/shareweb/#/w/i/2sUfCirXC5Wxs,,,,
,3-205谷欠望的街道 1.0,安卓,game,https://yun.139.com/shareweb/#/w/i/2sUfC0qAZy6wm,,,,
,3-206边缘0.8,安卓,game,https://yun.139.com/shareweb/#/w/i/2sUfCyt4Rydht,,,,
,3-207臭丫头的亻崔目民时间 1.0,安卓,game,https://yun.139.com/shareweb/#/w/i/2sUfCLtYVQnds,,,,
,3-208我的火暴孚乚鬼未魔伴侣~森岛小姐 1.0.2,安卓,game,https://yun.139.com/shareweb/#/w/i/2sUfDZzkU4Ags,,,,
,3-209背信少女-リリィハント 1.0 桃子移植,安卓,game,https://yun.139.com/shareweb/#/w/i/2sUfCirXx6Xnt,,,,
,3-210和前辈同居14天-巴图移植,安卓,game,https://yun.139.com/shareweb/#/w/i/2sUfDCxModqad,,,,
,3-211更衣人偶盛装中出 1.0,安卓,game,https://yun.139.com/shareweb/#/w/i/2sUfCLtYVQKst,,,,
,3-212每日与洛丽塔扌妾口勿,安卓,game,https://yun.139.com/shareweb/#/w/i/2sUfDJydPYBeq,,,,
,3-213末日機娘,安卓,game,https://yun.139.com/shareweb/#/w/i/2sUfDavLAer0s,,,,
,3-214育种村 1.2,安卓,game,https://yun.139.com/shareweb/#/w/i/2sUfC3qQq3ii7,,,,
,3-215染成红色的真爱百合,安卓,game,https://yun.139.com/shareweb/#/w/i/2sUfEkAVhgUal,,,,
,3-216精灵育禾中冷狐版,安卓,game,https://yun.139.com/shareweb/#/w/i/2sUfC9rgUnX9d,,,,
,3-217命中注定的召唤术,安卓,game,https://yun.139.com/shareweb/#/w/i/2sUfCLtYVRuwb,,,,
,3-218校花老师冷狐版,安卓,game,https://yun.139.com/shareweb/#/w/i/2sUfCyt4Rzd4g,,,,
,3-219与你共度的假日,安卓,game,https://yun.139.com/shareweb/#/w/i/2sUfDZzkU5Pt0,,,,
,3-220NTR勇者罗伊的婚礼官中步兵,安卓,game,https://yun.139.com/shareweb/#/w/i/2sUfCyt4Rzqez,,,,
,3-221家事代行(巴比伦汉化组) 2.0,安卓,game,https://yun.139.com/shareweb/#/w/i/2sUfBUq9qDFr1,,,,
,3-222哥哥，还没做好KISS的准备吗？ ,安卓,game,https://yun.139.com/shareweb/#/w/i/2sUfDJydPZNq3,,,,
,3-223克莉丝和游乐之街Ver1.28,安卓,game,https://yun.139.com/shareweb/#/w/i/2sUfCYuSKQEdk,,,,
,3-224青龙剑姬传 29,安卓,game,https://yun.139.com/shareweb/#/w/i/2sUfDCxMofhz1,,,,
,3-225夏日狂想曲-巴图魔改版 2.20,安卓,game,https://yun.139.com/shareweb/#/w/i/2sUfDZzkU6xpw,,,,
,3-226艹猫幼年冷狐版,安卓,game,https://yun.139.com/shareweb/#/w/i/2sUfDCxMofw88,,,,
,3-227勇者大战魔物娘冷狐版,安卓,game,https://yun.139.com/shareweb/#/w/i/2sUfCyt4RAd91,,,,
,3-228Succumate -魅魔伴侣（名堂）,安卓,game,https://yun.139.com/shareweb/#/w/i/2sUfDavLAg5s2,,,,
,3-229巴比伦汉化组全宇宙吞噬计划 1.0,安卓,game,https://yun.139.com/shareweb/#/w/i/2sUfBUq9qELk3,,,,
,3-230木兆色忄生癖开放宣言 1.0,安卓,game,https://yun.139.com/shareweb/#/w/i/2sUfDJydQ0Rfv,,,,
,3-231斗罗大陆小舞篇,安卓,game,https://yun.139.com/shareweb/#/w/i/2sUfDCxMogtcs,,,,
,3-232堕邪女神,安卓,game,https://yun.139.com/shareweb/#/w/i/2sUfDZzkU7yyh,,,,
,3-233月工虐少女 安装直装,安卓,game,https://yun.139.com/shareweb/#/w/i/2sUfDavLAgDjl,,,,
,3-234母上工攵略,安卓,game,https://yun.139.com/shareweb/#/w/i/2sUfC9rgUq1e8,,,,
,3-235哥哥，早上起床之前都要抱紧我哦！,安卓,game,https://yun.139.com/shareweb/#/w/i/2sUfCLtYVTN3d,,,,
,3-236崇拜 0.18,安卓,game,https://yun.139.com/shareweb/#/w/i/2sUfDavLAh7z3,,,,
,3-237公主骑士安妮与银谷欠陷阱1.0XY版,安卓,game,https://yun.139.com/shareweb/#/w/i/2sUfBUq9qFtf4,,,,
,3-238艹猫2冷狐版,安卓,game,https://yun.139.com/shareweb/#/w/i/2sUfDJydQ21ad,,,,
,3-239SaiminGame 0.6.2,安卓,game,https://yun.139.com/shareweb/#/w/i/2sUfDZzkU876h,,,,
,3-240和兔兔子的一天0.6(巴比伦汉化组出品) ,安卓,game,https://yun.139.com/shareweb/#/w/i/2sUfCirXxahgn,,,,
,3-241DRACU-RIOT!_青桔网制作 v1.1,安卓,game,https://yun.139.com/shareweb/#/w/i/2sUfC3qQq6Svy,,,,
,3-242少女与瑟忄青玩具? 1.0,安卓,game,https://yun.139.com/shareweb/#/w/i/2sUfDJydQ2ujd,,,,
,3-243妹讠周教日记-这么傲娇才不是我的妹妹,安卓,game,https://yun.139.com/shareweb/#/w/i/2sUfDCxMohhjw,,,,
,3-244郊区王子,安卓,game,https://yun.139.com/shareweb/#/w/i/2sUfEkAVhjLrf,,,,
,3-245Klee Prank Adventure 1.123,安卓,game,https://yun.139.com/shareweb/#/w/i/2sUfC3qQq7svq,,,,
,3-246与袖珍手办相伴的日常,安卓,game,https://yun.139.com/shareweb/#/w/i/2sUfBUq9qJmuj,,,,
,3-247女英雄的淘气冒险故事1.0,安卓,game,https://yun.139.com/shareweb/#/w/i/2sUfC3qQq7M7t,,,,
,3-248我暑假的秘密回忆2.0bug修复版1.3,安卓,game,https://yun.139.com/shareweb/#/w/i/2sUfC9rgUrUj6,,,,
,3-249TeachingFeeling 4.06,安卓,game,https://yun.139.com/shareweb/#/w/i/2sUfDCxMoinf1,,,,
,3-250黄金博士GOLD SCIENTIST 2(巴比伦汉化组),安卓,game,https://yun.139.com/shareweb/#/w/i/2sUfCyt4RCP50,,,,
,3-251LycorisRadiata 1.2,安卓,game,https://yun.139.com/shareweb/#/w/i/2sUfDCxMoix0c,,,,
,3-252魔法少女黑猫-巴图移植 1.0,安卓,game,https://yun.139.com/shareweb/#/w/i/2sUfCirXxbT9t,,,,
,3-253模拟后宫冷狐版,安卓,game,https://yun.139.com/shareweb/#/w/i/2sUfC3qQq8owq,,,,
,3-254王国骑士雷吉娜~高贵的女骑士被银舌乚所吞噬,安卓,game,https://yun.139.com/shareweb/#/w/i/2sUfDavLAiNcs,,,,
,3-255公主恋人,安卓,game,https://yun.139.com/shareweb/#/w/i/2sUfCSuqh4Jba,,,,
,3-256船长 0.2,安卓,game,https://yun.139.com/shareweb/#/w/i/2sUfC3qQq8Lb4,,,,
,3-257我的大你忍下 1.2.3,安卓,game,https://yun.139.com/shareweb/#/w/i/2sUfBUq9qKwhy,,,,
,3-258未经世事的莉莉 9.9.10,安卓,game,https://yun.139.com/shareweb/#/w/i/2sUfDJydQ4nhi,,,,
,3-259深红之狱{月痕乐园} ,安卓,game,https://yun.139.com/shareweb/#/w/i/2sUfDCxMojie6,,,,
,3-260我未来的妻子 1.30,安卓,game,https://yun.139.com/shareweb/#/w/i/2sUfCSuqh5ef8,,,,
,3-261雪之亻崔眠冷狐版,安卓,game,https://yun.139.com/shareweb/#/w/i/2sUfCyt4RDP61,,,,
,3-262调皮妹妹 贝攵北讠秀惑忄生生活,安卓,game,https://yun.139.com/shareweb/#/w/i/2sUfE5zNfgdoz,,,,
,3-263AOA 学院Ch.5-v1.0【火车王社区】,安卓,game,https://yun.139.com/shareweb/#/w/i/2sUfCirXxcY4g,,,,
,3-264和姐姐女仆的日常,安卓,game,https://yun.139.com/shareweb/#/w/i/2sUfC9rgUtxts,,,,
,3-265莉娜丽雅的冒险之旅~女孩们的救贝卖 9.9.10,安卓,game,https://yun.139.com/shareweb/#/w/i/2sUfE5zNfgAm8,,,,
,3-266驱炼辉晶  克尔塔  祖母纟录,安卓,game,https://yun.139.com/shareweb/#/w/i/2sUfEkAVhmX1d,,,,
,3-267【御光盟国汉化组】开大车的传奇冒险 1.0,安卓,game,https://yun.139.com/shareweb/#/w/i/2sUfCSuqh5Gqq,,,,
,3-268二次元老婆学院：外府学院0.11.0,安卓,game,https://yun.139.com/shareweb/#/w/i/2sUfCYuSKUF9a,,,,
,3-269公主大人才不会认输呢 -国家统一冒险传- 1.0,安卓,game,https://yun.139.com/shareweb/#/w/i/2sUfE5zNfh02m,,,,
,3-270小狐狸的外出成长日记 1.0,安卓,game,https://yun.139.com/shareweb/#/w/i/2sUfE5zNfhihk,,,,
,3-271末世孤雄3,安卓,game,https://yun.139.com/shareweb/#/w/i/2sUfC9rgUuq1v,,,,
,3-272亻崔眠（杰尼龟汉化组） 1.1,安卓,game,https://yun.139.com/shareweb/#/w/i/2sUfCirXxdTdw,,,,
,3-273黑暗之氵原冷狐版,安卓,game,https://yun.139.com/shareweb/#/w/i/2sUfE5zNfiX6a,,,,
,3-274精灵的女又隶御子菲涅 千载琉璃自移植,安卓,game,https://yun.139.com/shareweb/#/w/i/2sUfCYuSKWimi,,,,
,3-275借金姐妹~丽兹与萝丝的工坊,安卓,game,https://yun.139.com/shareweb/#/w/i/2sUfEkAVhom17,,,,
,3-276姐姐破产了（幻想汉化） 1.0,安卓,game,https://yun.139.com/shareweb/#/w/i/2sUfCirXxf4mo,,,,
,3-277君与彼女与彼女之恋 1.5,安卓,game,https://yun.139.com/shareweb/#/w/i/2sUfDJydQ6p6r,,,,
,3-278ToiletInSummer 1.3,安卓,game,https://yun.139.com/shareweb/#/w/i/2sUfE5zNfjqyn,,,,
,3-279冬日扌王想曲(1),安卓,game,https://yun.139.com/shareweb/#/w/i/2sUfE5zNfjyo0,,,,
,3-280夏尔公主(巴比伦汉化组) ,安卓,game,https://yun.139.com/shareweb/#/w/i/2sUfDCxMondj4,,,,
,3-281异界异闻录0.9无心版,安卓,game,https://yun.139.com/shareweb/#/w/i/2sUfCyt4RG4mn,,,,
,3-282星光咖啡馆冷狐版,安卓,game,https://yun.139.com/shareweb/#/w/i/2sUfDavLAmVt1,,,,
,3-283 12god,安卓,game,https://yun.139.com/shareweb/#/w/i/2sUfCYuSKXg2n,,,,
,3-284美少女万华镜1,安卓,game,https://yun.139.com/shareweb/#/w/i/2sUfCYuSKXruf,,,,
,3-285埋藏的欲望 0.45,安卓,game,https://yun.139.com/shareweb/#/w/i/2sUfCirXxfY0e,,,,
,3-286ROOM 亻俞窥女孩禾厶生活的偷扌白氵先脑SLG,安卓,game,https://yun.139.com/shareweb/#/w/i/2sUfCyt4RGvzj,,,,
,3-287大反派4.0,安卓,game,https://yun.139.com/shareweb/#/w/i/2sUfCfrJfCrh9,,,,
,3-288女神的最亻圭交易 2.6,安卓,game,https://yun.139.com/shareweb/#/w/i/2sUfDavLAnF92,,,,
,3-289Cosy Cafe 0.7.1,安卓,game,https://yun.139.com/shareweb/#/w/i/2sUfBUq9qPedy,,,,
,3-290无冬镇物语（女装yuan交改版）,安卓,game,https://yun.139.com/shareweb/#/w/i/2sUfBUq9qPude,,,,
,3-291魔法少女天穹魔改,安卓,game,https://yun.139.com/shareweb/#/w/i/2sUfBUq9qPDyp,,,,
,3-292校长冷狐版,安卓,game,https://yun.139.com/shareweb/#/w/i/2sUfCSuqh83mz,,,,
,3-293世界大战~行商×丝亡游戏~ 1.04,安卓,game,https://yun.139.com/shareweb/#/w/i/2sUfEkAVhqF72,,,,
,3-294天亻吏纷扌尤v1.0,安卓,game,https://yun.139.com/shareweb/#/w/i/2sUfE5zNfmjlu,,,,
,3-295秘密のアトリエ！ 1.4,安卓,game,https://yun.139.com/shareweb/#/w/i/2sUfE5zNfmwj6,,,,
,4-1Bad Bowsette_1,安卓,game,https://yun.139.com/shareweb/#/w/i/2sUfEkAVhrz42,,,,
,4-2蕾米莉亚Kicker_1.02,安卓,game,https://yun.139.com/shareweb/#/w/i/2sUfDavLAoL78,,,,
,4-3反常识地宫冷狐版,安卓,game,https://yun.139.com/shareweb/#/w/i/2sUfEkAVhrP4m,,,,
,4-4XxxBlowjob_0.1,安卓,game,https://yun.139.com/shareweb/#/w/i/2sUfE5zNfnHds,,,,
,4-5寻塔之旅冷狐版,安卓,game,https://yun.139.com/shareweb/#/w/i/2sUfCyt4RJytu,,,,
,4-6异世界勇者冷狐版(1),安卓,game,https://yun.139.com/shareweb/#/w/i/2sUfDCxMoqmb8,,,,
,4-7勇者那之后冷狐版,安卓,game,https://yun.139.com/shareweb/#/w/i/2sUfCirXxiC12,,,,
,4-8恋童(1),安卓,game,https://yun.139.com/shareweb/#/w/i/2sUfDJydQ9Me9,,,,
,4-9Reisa Kusuguri_1.0.0,安卓,game,https://yun.139.com/shareweb/#/w/i/2sUfEkAVhsx33,,,,
,4-10触扌莫人漆二（触摸互动）_1.2,安卓,game,https://yun.139.com/shareweb/#/w/i/2sUfCirXxiSyp,,,,
,4-11KIZUNA PLAYER_2.1.0,安卓,game,https://yun.139.com/shareweb/#/w/i/2sUfBUq9qRy93,,,,
,4-12girlsgame_0.1,安卓,game,https://yun.139.com/shareweb/#/w/i/2sUfC3qQgrXwl,,,,
,4-13NTR忍法帖冷狐版,安卓,game,https://yun.139.com/shareweb/#/w/i/2sUfCmsaX4Z2l,,,,
,4-14某个女子的禾必密新生活 糖衣ACG,安卓,game,https://yun.139.com/shareweb/#/w/i/2sUfCHtKzh3b0,,,,
,4-15ECM 5,安卓,game,https://yun.139.com/shareweb/#/w/i/2sUfC3qQiXm17,,,,
,4-16贝拉的初罪 巴比伦汉化组1.0,安卓,game,https://yun.139.com/shareweb/#/w/i/2sUfBro8jv3bk,,,,
,4-17转生正太冷狐版,安卓,game,https://yun.139.com/shareweb/#/w/i/2sUfBNpH08vdb,,,,
,4-18教室女学生,安卓,game,https://yun.139.com/shareweb/#/w/i/2sUfCvsRGprva,,,,
,4-19飼育機械姦 小熊移植版1.0,安卓,game,https://yun.139.com/shareweb/#/w/i/2sUfBGpfrmG7h,,,,
,4-20和阝鬲壁人妻冷狐版,安卓,game,https://yun.139.com/shareweb/#/w/i/2sUfBro8jvzdw,,,,
,4-21Genshin NSFW_1.1,安卓,game,https://yun.139.com/shareweb/#/w/i/2sUfBxozLEB6k,,,,
,4-22御神巫女番外冷狐版,安卓,game,https://yun.139.com/shareweb/#/w/i/2sUfCssCqgQh6,,,,
,4-23炼金术师艾琳与堕谷欠之村,安卓,game,https://yun.139.com/shareweb/#/w/i/2sUfC0qB2mP00,,,,
,4-24BomberCat_Multi_2.0.5,安卓,game,https://yun.139.com/shareweb/#/w/i/2sUfCmsaUzmun,,,,
,4-25尼特和女孩2冷狐版,安卓,game,https://yun.139.com/shareweb/#/w/i/2sUfBRpWgQ43w,,,,
,4-26对妹妹口+丨出之后的观察,安卓,game,https://yun.139.com/shareweb/#/w/i/2sUfC3qQgtD27,,,,
,4-27選択ゾンビ姦 桃子移植,安卓,game,https://yun.139.com/shareweb/#/w/i/2sUfCpspbcVbc,,,,
,4-28催眠メイド_1.0,安卓,game,https://yun.139.com/shareweb/#/w/i/2sUfCmsaUzVrb,,,,
,4-29ItazuraTrain_0.91,安卓,game,https://yun.139.com/shareweb/#/w/i/2sUfBKptLeF8h,,,,
,4-30NTR美娜冷狐版,安卓,game,https://yun.139.com/shareweb/#/w/i/2sUfC9rgVcivr,,,,
,4-31口袋妖怪星_0.0.1,安卓,game,https://yun.139.com/shareweb/#/w/i/2sUfBXqnL2M67,,,,
,4-32The Alien Scout_0.022,安卓,game,https://yun.139.com/shareweb/#/w/i/2sUfBXqnL2Udi,,,,
,4-33粗心的妹妹冷狐版,安卓,game,https://yun.139.com/shareweb/#/w/i/2sUfCLtYRKU4m,,,,
,4-34无知的爱 H矢口识缺失世界 小熊移植,安卓,game,https://yun.139.com/shareweb/#/w/i/2sUfBRpWj3Y4n,,,,
,4-35雌上雄下冷狐版,安卓,game,https://yun.139.com/shareweb/#/w/i/2sUfC9rgVcS6v,,,,
,4-36プチ扌爰交_2.0(1),安卓,game,https://yun.139.com/shareweb/#/w/i/2sUfBKptHG1cu,,,,
,4-37NPC女干魔法学校冷狐版,安卓,game,https://yun.139.com/shareweb/#/w/i/2sUfBAoP0ui3d,,,,
,4-38Lil'Py 003_1.08,安卓,game,https://yun.139.com/shareweb/#/w/i/2sUfCLtYPHEyu,,,,
,4-39爱很艰难_0.2.0,安卓,game,https://yun.139.com/shareweb/#/w/i/2sUfBGpftULsz,,,,
,4-40SB Nishy Birthday,安卓,game,https://yun.139.com/shareweb/#/w/i/2sUfC0qAZVk8h,,,,
,4-41我的猫女女佣_1.1,安卓,game,https://yun.139.com/shareweb/#/w/i/2sUfC6r3CEm86,,,,
,4-42Lil'Py 006_1.11,安卓,game,https://yun.139.com/shareweb/#/w/i/2sUfBro8jyE6c,,,,
,4-43异世界辣妹冷狐版,安卓,game,https://yun.139.com/shareweb/#/w/i/2sUfBKptHHt7l,,,,
,4-44孤独的人妻_1.0.0,安卓,game,https://yun.139.com/shareweb/#/w/i/2sUfC3qQmyftv,,,,
,4-45女の子様の弓虽制シコシコ命令！1.0,安卓,game,https://yun.139.com/shareweb/#/w/i/2sUfCirXCtN0g,,,,
,4-46女探员瑞卡冷狐版,安卓,game,https://yun.139.com/shareweb/#/w/i/2sUfCpspbfLk3,,,,
,4-47氵先隶之舰冷狐版,安卓,game,https://yun.139.com/shareweb/#/w/i/2sUfCBti8x123,,,,
,4-48爱之任务·萝莉_1.0,安卓,game,https://yun.139.com/shareweb/#/w/i/2sUfCpspbg9oq,,,,
,4-49DOT扌考问夺回冷狐版,安卓,game,https://yun.139.com/shareweb/#/w/i/2sUfBNpH0cCww,,,,
,4-50 506ANOTHER冷狐版,安卓,game,https://yun.139.com/shareweb/#/w/i/2sUfBNpH0cKxg,,,,
,4-51人妻公寓冷狐版,安卓,game,https://yun.139.com/shareweb/#/w/i/2sUfCBti8xBkb,,,,
,4-52口米口米的暑假生活冷狐版,安卓,game,https://yun.139.com/shareweb/#/w/i/2sUfBRpWj7Amp,,,,
,4-53和妈妈在孤岛银舌乚生活！v1.0,安卓,game,https://yun.139.com/shareweb/#/w/i/2sUfCLtYPLd62,,,,
,4-54角虫手之森冷狐版,安卓,game,https://yun.139.com/shareweb/#/w/i/2sUfC3qQmzv9t,,,,
,4-55Lil'Py 102_2.02,安卓,game,https://yun.139.com/shareweb/#/w/i/2sUfC9rgVfDyv,,,,
,4-56由女的奇妙冒险冷狐版,安卓,game,https://yun.139.com/shareweb/#/w/i/2sUfCLtYRNUfa,,,,
,4-57诱惑洛丽塔冷狐版,安卓,game,https://yun.139.com/shareweb/#/w/i/2sUfC3qQgxX60,,,,
,4-58RJ276599_1.0.0,安卓,game,https://yun.139.com/shareweb/#/w/i/2sUfC9rgVfWv3,,,,
,4-59定制开拓村冷狐版,安卓,game,https://yun.139.com/shareweb/#/w/i/2sUfC0qB2rumn,,,,
,4-60痛与快乐_0.2,安卓,game,https://yun.139.com/shareweb/#/w/i/2sUfBRpWgUNpa,,,,
,4-61副贝攵戒指_0.02,安卓,game,https://yun.139.com/shareweb/#/w/i/2sUfCvsRGukqa,,,,
,4-62救世计划冷狐版_0.0.1,安卓,game,https://yun.139.com/shareweb/#/w/i/2sUfC9rgVgkkh,,,,
,4-63与円香在H的酒店_1.0 小熊移植,安卓,game,https://yun.139.com/shareweb/#/w/i/2sUfCmsaUEoyw,,,,
,4-64与円香的同居生活_1.0.3 桃子移植,安卓,game,https://yun.139.com/shareweb/#/w/i/2sUfCLtYPMAkx,,,,
,4-65NejiSimNeet02_1.1.1,安卓,game,https://yun.139.com/shareweb/#/w/i/2sUfCvsRGuFu5,,,,
,4-66道具冒险记冷狐版,安卓,game,https://yun.139.com/shareweb/#/w/i/2sUfC3qQj3ern,,,,
,4-67魅惑都市冷狐版,安卓,game,https://yun.139.com/shareweb/#/w/i/2sUfBGpfrsK5i,,,,
,4-68暗杀者科罗尼的任务~报酬是泰迪熊(巴比伦汉化组)_0.99,安卓,game,https://yun.139.com/shareweb/#/w/i/2sUfCfrJoakq5,,,,
,4-69两边派_3.0,安卓,game,https://yun.139.com/shareweb/#/w/i/2sUfCmsaXc7ug,,,,
,4-70神铁觉醒_1.0 小熊移植,安卓,game,https://yun.139.com/shareweb/#/w/i/2sUfCirXCvKvq,,,,
,4-71PrimalInstinct_0.04,安卓,game,https://yun.139.com/shareweb/#/w/i/2sUfC9rgVh6z7,,,,
,4-72相姦游戏冷狐版,安卓,game,https://yun.139.com/shareweb/#/w/i/2sUfBXqnL7S63,,,,
,4-73NTR旅馆冷狐版,安卓,game,https://yun.139.com/shareweb/#/w/i/2sUfCfrJoaDct,,,,
,4-74地牢的女又隶_0.41,安卓,game,https://yun.139.com/shareweb/#/w/i/2sUfBGpfrtjoo,,,,
,4-75milk_gallery_0.1,安卓,game,https://yun.139.com/shareweb/#/w/i/2sUfC0qB2sJ5q,,,,
,4-76Lonely Catgirl is the Purrfect Pussy,安卓,game,https://yun.139.com/shareweb/#/w/i/2sUfC3qQmBnrq,,,,
,4-77松井小姐是我的RBQ,安卓,game,https://yun.139.com/shareweb/#/w/i/2sUfCLtYPNEu6,,,,
,4-78神秘岛大冒险冷狐版,安卓,game,https://yun.139.com/shareweb/#/w/i/2sUfCvsRGvT7b,,,,
,4-79狄安娜的回忆冷狐版,安卓,game,https://yun.139.com/shareweb/#/w/i/2sUfCfrJobqcj,,,,
,4-80麻麻成为同学的RPQ冷狐版,安卓,game,https://yun.139.com/shareweb/#/w/i/2sUfCLtYRRjf7,,,,
,4-81堕 落的魔术师冷狐版,安卓,game,https://yun.139.com/shareweb/#/w/i/2sUfCpspbiYkr,,,,
,4-82公会对抗赛之日~以棋子为赌注的ntr_1.0,安卓,game,https://yun.139.com/shareweb/#/w/i/2sUfBGpfrtYx6,,,,
,4-83捡到怪物般的少女_0.2.0,安卓,game,https://yun.139.com/shareweb/#/w/i/2sUfC9rgVi53c,,,,
,4-84痒痒大作战冷狐版,安卓,game,https://yun.139.com/shareweb/#/w/i/2sUfBGpftZ57h,,,,
,4-85我未来的老婆_0.3,安卓,game,https://yun.139.com/shareweb/#/w/i/2sUfCmsaXd98u,,,,
,4-86恶魔杀手瑟利斯_0.0.1,安卓,game,https://yun.139.com/shareweb/#/w/i/2sUfCHtKzqq3j,,,,
,4-87我最爱的妈妈1.2_海阁,安卓,game,https://yun.139.com/shareweb/#/w/i/2sUfCirXCwGdi,,,,
,4-88切又鸟儿房间v0.5,安卓,game,https://yun.139.com/shareweb/#/w/i/2sUfBro8jCTe6,,,,
,4-89不雅妻子花0.33_海阁,安卓,game,https://yun.139.com/shareweb/#/w/i/2sUfBKptLkebx,,,,
,4-90令和DE萝莉萝莉冷狐版,安卓,game,https://yun.139.com/shareweb/#/w/i/2sUfCLtYRS0ln,,,,
,4-91御神巫女冷狐版,安卓,game,https://yun.139.com/shareweb/#/w/i/2sUfBAoP0zN56,,,,
,4-92麻衣的讠秀惑冷狐版,安卓,game,https://yun.139.com/shareweb/#/w/i/2sUfBxozLNf4q,,,,
,4-93布玛I冷狐版_1.0.0,安卓,game,https://yun.139.com/shareweb/#/w/i/2sUfBro8jD9lp,,,,
,4-94Sexy Heroines_0.0.1,安卓,game,https://yun.139.com/shareweb/#/w/i/2sUfBNpH0gGhm,,,,
,4-95Teaching Feeling.exe_1.0,安卓,game,https://yun.139.com/shareweb/#/w/i/2sUfBNpH0gR9m,,,,
,4-96扌齐奶机_1.0.0,安卓,game,https://yun.139.com/shareweb/#/w/i/2sUfCvsRGxj49,,,,
,4-97同居男女冷狐版_0.3.0,安卓,game,https://yun.139.com/shareweb/#/w/i/2sUfCHtKzrak4,,,,
,4-98蒂莉娅战记冷狐版,安卓,game,https://yun.139.com/shareweb/#/w/i/2sUfCmsaSsv46,,,,
,4-99和女神一起被隔离_0.2.4,安卓,game,https://yun.139.com/shareweb/#/w/i/2sUfBXqnL9Dd5,,,,
,4-100学院任务冷狐版_1.0,安卓,game,https://yun.139.com/shareweb/#/w/i/2sUfCirXCxHj5,,,,
,4-101佐奥良训练冷狐版_1.4.,安卓,game,https://yun.139.com/shareweb/#/w/i/2sUfCirXCy14c,,,,
,4-102永生之物冷狐版,安卓,game,https://yun.139.com/shareweb/#/w/i/2sUfBAoP0BB4f,,,,
,4-103末日启示录冷狐版,安卓,game,https://yun.139.com/shareweb/#/w/i/2sUfCssCqqryk,,,,
,4-104Littlove for Mystique_1.0,安卓,game,https://yun.139.com/shareweb/#/w/i/2sUfDJydQuwsq,,,,
,4-105恶魔の石板和被讠且咒的犬公主1.0.7,安卓,game,https://yun.139.com/shareweb/#/w/i/2sUfD4vj7sxty,,,,
,4-106梦幻约会0.5海阁社区,安卓,game,https://yun.139.com/shareweb/#/w/i/2sUfCirXxC7ln,,,,
,4-107NTR莎娜冷狐版,安卓,game,https://yun.139.com/shareweb/#/w/i/2sUfBUq9rb53n,,,,
,4-108家事代行冷狐版,安卓,game,https://yun.139.com/shareweb/#/w/i/2sUfDCxMoLmds,,,,
,4-109NaedokoClicker_1.03,安卓,game,https://yun.139.com/shareweb/#/w/i/2sUfEkAVhNqtz,,,,
,4-110分析学院_1.0,安卓,game,https://yun.139.com/shareweb/#/w/i/2sUfE5zNfGNwa,,,,
,4-111兽人掠夺冷狐版_1.0,安卓,game,https://yun.139.com/shareweb/#/w/i/2sUfCfrJfZys8,,,,
,4-112勇者与奴隶魔王_1.0 桃子移植,安卓,game,https://yun.139.com/shareweb/#/w/i/2sUfBUq9rbpn8,,,,
,4-113丢失的回忆冷狐版,安卓,game,https://yun.139.com/shareweb/#/w/i/2sUfDgwcXR04i,,,,
,4-114NejiSimTma02_1.0.1,安卓,game,https://yun.139.com/shareweb/#/w/i/2sUfD4vj7tg3l,,,,
,4-115幸福小镇冷狐版_0.0.1,安卓,game,https://yun.139.com/shareweb/#/w/i/2sUfD4vj7trhs,,,,
,4-116腐贝攵耳关盟冷狐版_1.0,安卓,game,https://yun.139.com/shareweb/#/w/i/2sUfCyt4S5tmj,,,,
,4-117怀孕牧场1.1.0海阁社区,安卓,game,https://yun.139.com/shareweb/#/w/i/2sUfBUq9rc04v,,,,
,4-118魅魔蕾姆2冷狐版_1.0,安卓,game,https://yun.139.com/shareweb/#/w/i/2sUfDJydQvS0h,,,,
,4-119世界主宰者冷狐版(1),安卓,game,https://yun.139.com/shareweb/#/w/i/2sUfBUq9rcjjb,,,,
,4-120自大的大小姐被催目民而堕落_1.0.0,安卓,game,https://yun.139.com/shareweb/#/w/i/2sUfBUq9rct5n,,,,
,4-121布玛II冷狐版_1.0.0,安卓,game,https://yun.139.com/shareweb/#/w/i/2sUfD4vj7tS7x,,,,
,4-122上古世纪冷狐版_1.0,安卓,game,https://yun.139.com/shareweb/#/w/i/2sUfEkAVhPzgi,,,,
,4-123Project_Positive_0.1,安卓,game,https://yun.139.com/shareweb/#/w/i/2sUfCyt4S6cf1,,,,
,4-124宠物小姐冷狐版,安卓,game,https://yun.139.com/shareweb/#/w/i/2sUfDgwcXS0dv,,,,
,4-125乌龟乐园冷狐版_1.0,安卓,game,https://yun.139.com/shareweb/#/w/i/2sUfBUq9rd3r1,,,,
,4-126JikageRising_1.14,安卓,game,https://yun.139.com/shareweb/#/w/i/2sUfC9rgMGpue,,,,
,4-127NPC女干~勇闯魔王城！巴比伦,安卓,game,https://yun.139.com/shareweb/#/w/i/2sUfCirXxDViu,,,,
,4-128警察枫_1.0.0,安卓,game,https://yun.139.com/shareweb/#/w/i/2sUfEkAVhQ9k8,,,,
,4-129催目民半魅魔们的七天_1.0 R社,安卓,game,https://yun.139.com/shareweb/#/w/i/2sUfDJydQwYoq,,,,
,4-130索罗灵云鬼之戒冷狐版,安卓,game,https://yun.139.com/shareweb/#/w/i/2sUfC9rgMGU7d,,,,
,4-131荒岛魔物女良冷狐版_0.0.1,安卓,game,https://yun.139.com/shareweb/#/w/i/2sUfCirXxEE5j,,,,
,4-132Border Conqueror_1.0.0,安卓,game,https://yun.139.com/shareweb/#/w/i/2sUfD4vj7vfoh,,,,
,4-133西德妮冷狐版_1.0.0,安卓,game,https://yun.139.com/shareweb/#/w/i/2sUfCirXxEU3k,,,,
,4-134被催目民的人妻_1.0,安卓,game,https://yun.139.com/shareweb/#/w/i/2sUfCSuqhuHn7,,,,
,4-135正太返行冷狐版_0.0.1,安卓,game,https://yun.139.com/shareweb/#/w/i/2sUfDCxMoNUvq,,,,
,4-136還道-累之夜_1.1.0 小熊移植,安卓,game,https://yun.139.com/shareweb/#/w/i/2sUfDCxMoP0qu,,,,
,4-137魔女与地牢冷狐版,安卓,game,https://yun.139.com/shareweb/#/w/i/2sUfCirXxFmnk,,,,
,4-138毛耳少女和瑟琴的治疗,安卓,game,https://yun.139.com/shareweb/#/w/i/2sUfCirXxFtee,,,,
,4-139忄青趣娃女圭變成人DLsite_1.0.0,安卓,game,https://yun.139.com/shareweb/#/w/i/2sUfBUq9reQij,,,,
,4-140透明化冷狐版,安卓,game,https://yun.139.com/shareweb/#/w/i/2sUfCyt4S7Xv5,,,,
,4-141兽人谈恋爱冷狐版,安卓,game,https://yun.139.com/shareweb/#/w/i/2sUfCyt4S87un,,,,
,4-142鬼ヶ町オブザデッド_1.3.0,安卓,game,https://yun.139.com/shareweb/#/w/i/2sUfDgwcXTwe2,,,,
,4-143中二病的催目民冷狐版,安卓,game,https://yun.139.com/shareweb/#/w/i/2sUfE5zNfKv0g,,,,
,4-144忄生诗_0.6,安卓,game,https://yun.139.com/shareweb/#/w/i/2sUfDJydQyqm3,,,,
,4-145女神是女又隶冷狐版,安卓,game,https://yun.139.com/shareweb/#/w/i/2sUfDJydQyymq,,,,
,4-146NTR Phone_1.0.0,安卓,game,https://yun.139.com/shareweb/#/w/i/2sUfDgwcXUbck,,,,
,4-147魔女狩猎冷狐版_1.0,安卓,game,https://yun.139.com/shareweb/#/w/i/2sUfDJydQyMyx,,,,
,4-148氵青纯女孝攵师_1.0,安卓,game,https://yun.139.com/shareweb/#/w/i/2sUfCirXxGuze,,,,
,4-149战队战姬1.0XY版_1.0,安卓,game,https://yun.139.com/shareweb/#/w/i/2sUfE5zNfL80v,,,,
,4-150公会前台接待员菲利斯_1.0,安卓,game,https://yun.139.com/shareweb/#/w/i/2sUfE5zNfLgzw,,,,
,4-151爆孚乚パーティー_1.0,安卓,game,https://yun.139.com/shareweb/#/w/i/2sUfDJydQzp4b,,,,
,4-152舌乚伦之旅冷狐版_1.0,安卓,game,https://yun.139.com/shareweb/#/w/i/2sUfCirXxHb49,,,,
,4-153拯救小村庄物语 r星发布,安卓,game,https://yun.139.com/shareweb/#/w/i/2sUfDgwcXV673,,,,
,4-154魔法少女冷狐版_0.0.1,安卓,game,https://yun.139.com/shareweb/#/w/i/2sUfDCxMoQH8b,,,,
,4-155炼金公主之炼金术物语1.3_1.0,安卓,game,https://yun.139.com/shareweb/#/w/i/2sUfCyt4Sab09,,,,
,4-156逃离废弃工厂_1.0,安卓,game,https://yun.139.com/shareweb/#/w/i/2sUfCSuqhwLox,,,,
,4-157双子洛丽塔冷狐版,安卓,game,https://yun.139.com/shareweb/#/w/i/2sUfDCxMoR2sp,,,,
,4-158复仇兽人冷狐版_1.0,安卓,game,https://yun.139.com/shareweb/#/w/i/2sUfD4vj7xVg2,,,,
,4-159青龙剑姬0.9冷狐版_1.1.9,安卓,game,https://yun.139.com/shareweb/#/w/i/2sUfCSuqhxab5,,,,
,4-160我和痴女镇 小熊移植_1.0,安卓,game,https://yun.139.com/shareweb/#/w/i/2sUfDgwcXVZjf,,,,
,4-161NPC歼：圣卢米埃尔魔法学院_1.0 小熊移植,安卓,game,https://yun.139.com/shareweb/#/w/i/2sUfD4vj7yczn,,,,
,4-162母忄生觉醒1.0.0,安卓,game,https://yun.139.com/shareweb/#/w/i/2sUfE5zNfMrok,,,,
,4-163闺蜜手中堕落冷狐版,安卓,game,https://yun.139.com/shareweb/#/w/i/2sUfE5zNfMFcm,,,,
,4-164处女之道冷狐版_1.0,安卓,game,https://yun.139.com/shareweb/#/w/i/2sUfCfrJg4Pqp,,,,
,4-165忍者佐良娜崛起_1.13,安卓,game,https://yun.139.com/shareweb/#/w/i/2sUfCfrJg510f,,,,
,4-166变I态魔女的双重木窄金迷宫_1.0 小熊移植,安卓,game,https://yun.139.com/shareweb/#/w/i/2sUfD4vj7yLuo,,,,
,4-167翔太的一日,安卓,game,https://yun.139.com/shareweb/#/w/i/2sUfBUq9rhTz9,,,,
,4-168启示录Apocalust0.02,安卓,game,https://yun.139.com/shareweb/#/w/i/2sUfE5zNfN3qa,,,,
,4-169NTR复仇_1.0,安卓,game,https://yun.139.com/shareweb/#/w/i/2sUfC9rgMLfk4,,,,
,4-170堕入迷网-诺克斯密盟_0.03.0,安卓,game,https://yun.139.com/shareweb/#/w/i/2sUfCfrJg5A2i,,,,
,4-171请尽忄青宠爱你的猫娘吧 桃子移植,安卓,game,https://yun.139.com/shareweb/#/w/i/2sUfDgwcXX44p,,,,
,4-172我用了催目民APP1.0_海阁,安卓,game,https://yun.139.com/shareweb/#/w/i/2sUfDJydQBchr,,,,
,4-173寻找夏日的宝物_1.04v2,安卓,game,https://yun.139.com/shareweb/#/w/i/2sUfDJydQBkn3,,,,
,4-174和姐姐一起的夏天_1.0,安卓,game,https://yun.139.com/shareweb/#/w/i/2sUfCfrJg60vp,,,,
,4-175角虫手监禁1.0XY版_1.0,安卓,game,https://yun.139.com/shareweb/#/w/i/2sUfE5zNfNX02,,,,
,4-176女调查员莱卡_1.0,安卓,game,https://yun.139.com/shareweb/#/w/i/2sUfCyt4Scj6y,,,,
,4-177NTR新女良克拉扌立~直到堕入真实的忄夬乐_1.0,安卓,game,https://yun.139.com/shareweb/#/w/i/2sUfCirXxKgpt,,,,
,4-178Divagate 银禾岁、NTR、乐队、夏令营小熊移植1.0,安卓,game,https://yun.139.com/shareweb/#/w/i/2sUfE5zNfPi02,,,,
,4-179蝴蝶再临_1.1.0,安卓,game,https://yun.139.com/shareweb/#/w/i/2sUfCirXxKz2p,,,,
,4-180【御光盟国汉化组】转生！！异世界的旅程1.0,安卓,game,https://yun.139.com/shareweb/#/w/i/2sUfE5zNfPDuw,,,,
,4-181【御光盟国汉化组】yin荡的竞技场 安卓版_1.0,安卓,game,https://yun.139.com/shareweb/#/w/i/2sUfD4vj7Apwi,,,,
,4-182天神乱漫_青桔网制作 v1.1,安卓,game,https://yun.139.com/shareweb/#/w/i/2sUfD4vj7ABl1,,,,
,4-183乡村学校生活1.0XY版_1.0,安卓,game,https://yun.139.com/shareweb/#/w/i/2sUfCfrJg6Xof,,,,
,4-184魔物女良讠秀惑之泉 小熊移植_1.0,安卓,game,https://yun.139.com/shareweb/#/w/i/2sUfDgwcXYG0c,,,,
,4-185银魔与最后的城市_1.0.0,安卓,game,https://yun.139.com/shareweb/#/w/i/2sUfCirXxL5n4,,,,
,4-186夜猫子的尽头_1.0.0,安卓,game,https://yun.139.com/shareweb/#/w/i/2sUfE5zNfQcc6,,,,
,4-187NTR 将棋子送给他人_1.0小熊移植,安卓,game,https://yun.139.com/shareweb/#/w/i/2sUfD4vj7BP34,,,,
,4-188猫妹与狗妹的咖啡屋_1.1.2,安卓,game,https://yun.139.com/shareweb/#/w/i/2sUfCirXxLyc7,,,,
,4-189MilfsPlaza_0.9,安卓,game,https://yun.139.com/shareweb/#/w/i/2sUfE5zNfQumn,,,,
,4-190来自边境~From Frontier(官方中文版),安卓,game,https://yun.139.com/shareweb/#/w/i/2sUfDJydQE18b,,,,
,4-191JK少女的忄生记录_1.0,安卓,game,https://yun.139.com/shareweb/#/w/i/2sUfEkAVhVUfv,,,,
,4-192妹吻冷狐版,安卓,game,https://yun.139.com/shareweb/#/w/i/2sUfDgwcXZk7u,,,,
,4-193Empty × Embryo 生肉_青桔网制作 v1.0,安卓,game,https://yun.139.com/shareweb/#/w/i/2sUfCyt4SdQh8,,,,
,4-194Getting Intimate_1,安卓,game,https://yun.139.com/shareweb/#/w/i/2sUfCirXxM7vu,,,,
,4-195桃狐的変態言周教言果題_1.0 桃子移植,安卓,game,https://yun.139.com/shareweb/#/w/i/2sUfDJydQECvz,,,,
,4-196蒂尔蒂不可思议的迷宫_1.0.0,安卓,game,https://yun.139.com/shareweb/#/w/i/2sUfBKptLvRac,,,,
,4-197雪月花1.3官中_1.0小熊移植,安卓,game,https://yun.139.com/shareweb/#/w/i/2sUfC6r3CVaq9,,,,
,4-198小时候的神_1.0 小熊移植,安卓,game,https://yun.139.com/shareweb/#/w/i/2sUfBGpfu972d,,,,
,4-199妹抱冷狐版,安卓,game,https://yun.139.com/shareweb/#/w/i/2sUfBxozLXWvk,,,,
,4-200绝对统治1.2.1海阁,安卓,game,https://yun.139.com/shareweb/#/w/i/2sUfCvsRGHvkx,,,,
,4-201讠秀惑之泉~魔物女良的纵容_1.02,安卓,game,https://yun.139.com/shareweb/#/w/i/2sUfC9rgVvHe1,,,,
,4-202屌丝猎丰色记_1.0,安卓,game,https://yun.139.com/shareweb/#/w/i/2sUfC9rgVvUe0,,,,
,4-203公主骑士安妮与银谷欠陷阱_1.0海阁,安卓,game,https://yun.139.com/shareweb/#/w/i/2sUfCmsaXqige,,,,
,4-205ATRI -My dear moments-_1.0.4,安卓,game,https://yun.139.com/shareweb/#/w/i/2sUfCvsRGJvko,,,,
,4-206纯爱创作_1.0.0,安卓,game,https://yun.139.com/shareweb/#/w/i/2sUfBNpH0sgne,,,,
,4-207女又隶之剑2冷狐版_1.0,安卓,game,https://yun.139.com/shareweb/#/w/i/2sUfBXqnLkHgy,,,,
,4-208DRACU-RIOT!_青桔网制作 v1.1,安卓,game,https://yun.139.com/shareweb/#/w/i/2sUfBKptLyvbj,,,,
,4-209Friends骑兵版_1.0,安卓,game,https://yun.139.com/shareweb/#/w/i/2sUfCvsRGJZ10,,,,
,4-210恋与经纪人-桃子移植_1.0.0,安卓,game,https://yun.139.com/shareweb/#/w/i/2sUfCfrJooLv6,,,,
,4-211电车痴氵又3冷狐版,安卓,game,https://yun.139.com/shareweb/#/w/i/2sUfCmsaUUuxu,,,,
,4-212麦克斯_0.47,安卓,game,https://yun.139.com/shareweb/#/w/i/2sUfBXqnLm8t3,,,,
,4-213奥菲莉亚的困境官中_1.0小熊移植,安卓,game,https://yun.139.com/shareweb/#/w/i/2sUfCHtKzCccg,,,,
,4-214爆孚乚阿姨与夏日乡间忄生活动_1.0.0,安卓,game,https://yun.139.com/shareweb/#/w/i/2sUfC3qQgMWvq,,,,
,4-215我和玛丽_1.0,安卓,game,https://yun.139.com/shareweb/#/w/i/2sUfBGpfrGD67,,,,
,4-216模扌以后宫冷狐版,安卓,game,https://yun.139.com/shareweb/#/w/i/2sUfBxozM039c,,,,
,4-217迷宫村的女昌馆村长 R星,安卓,game,https://yun.139.com/shareweb/#/w/i/2sUfBRpWjncz6,,,,
,4-218SummertimeSaga_0.20.16,安卓,game,https://yun.139.com/shareweb/#/w/i/2sUfC3qQmPTso,,,,
,4-219角虫手冷狐版,安卓,game,https://yun.139.com/shareweb/#/w/i/2sUfC6r3CXNjo,,,,
,4-220苍色之光与魔剑锻造师_1.0小熊移植,安卓,game,https://yun.139.com/shareweb/#/w/i/2sUfCmsaUVeh0,,,,
,4-221女又隶之剑冷狐版_1.0,安卓,game,https://yun.139.com/shareweb/#/w/i/2sUfCfrJoqaiw,,,,
,4-222Nudist School_0.12.1,安卓,game,https://yun.139.com/shareweb/#/w/i/2sUfCLtYS3P3y,,,,
,4-223可亻共使用的H券与班级女生们进行那禾中事情_1.0,安卓,game,https://yun.139.com/shareweb/#/w/i/2sUfCssCqBGj8,,,,
,4-224少女异世界冒险_1.0,安卓,game,https://yun.139.com/shareweb/#/w/i/2sUfC0qB2Hswm,,,,
,4-225活泼义妹?输输讠秀惑忄生活,安卓,game,https://yun.139.com/shareweb/#/w/i/2sUfCLtYS470u,,,,
,4-226A Sinful Camp_1.0.0,安卓,game,https://yun.139.com/shareweb/#/w/i/2sUfC9rgVyajz,,,,
,4-227NTR贝者徒游戏_1.0,安卓,game,https://yun.139.com/shareweb/#/w/i/2sUfCirXCJDhe,,,,
,4-228黑暗中的骑士_1.0小熊移植,安卓,game,https://yun.139.com/shareweb/#/w/i/2sUfBro8jSeg5,,,,
,4-229神画怪盗官中步兵_1.0小熊移植,安卓,game,https://yun.139.com/shareweb/#/w/i/2sUfCirXCJQmk,,,,
,4-230公主万岁1.0,安卓,game,https://yun.139.com/shareweb/#/w/i/2sUfBRpWjoArr,,,,
,4-231Alienated_0.1,安卓,game,https://yun.139.com/shareweb/#/w/i/2sUfBGpfucp8g,,,,
,4-232希露薇の交酉己計劃_8.0.3,安卓,game,https://yun.139.com/shareweb/#/w/i/2sUfCssCqCoz4,,,,
,4-233塔玛拉暴露0.9.4海阁,安卓,game,https://yun.139.com/shareweb/#/w/i/2sUfBGpfrJqg3,,,,
,4-234夏日之王_0.2.1,安卓,game,https://yun.139.com/shareweb/#/w/i/2sUfCLtYQ41kg,,,,
,4-235My Bully is My Lover_1.3.2,安卓,game,https://yun.139.com/shareweb/#/w/i/2sUfCvsRGMcsk,,,,
,4-236冬日狂想曲 滑稽酱作弊版,安卓,game,https://yun.139.com/shareweb/#/w/i/2sUfBKptLBkuf,,,,
,4-237精灵的女又隶御子芬妮~为什么她要卖囗+玉 糖衣ACG 1.0.0,安卓,game,https://yun.139.com/shareweb/#/w/i/2sUfCLtYS5ej5,,,,
,4-238副贝攵王国_0.20.0,安卓,game,https://yun.139.com/shareweb/#/w/i/2sUfCfrJorw7p,,,,
,4-239RPG Maker MV_1.0,安卓,game,https://yun.139.com/shareweb/#/w/i/2sUfCLtYS5vfc,,,,
,4-240架向星空之桥,安卓,game,https://yun.139.com/shareweb/#/w/i/2sUfBRpWhaK2s,,,,
,4-241星体谷欠望0.2.5,安卓,game,https://yun.139.com/shareweb/#/w/i/2sUfC6r3CZz5t,,,,
,4-242幻影协议0.1.4,安卓,game,https://yun.139.com/shareweb/#/w/i/2sUfBNpH0vnf0,,,,
,4-243城市支配_1.0,安卓,game,https://yun.139.com/shareweb/#/w/i/2sUfBRpWhb2c4,,,,
,4-244超级软饭大师（小熊移植）_1.0,安卓,game,https://yun.139.com/shareweb/#/w/i/2sUfBXqnLoSvd,,,,
,4-245主权_0.3.1,安卓,game,https://yun.139.com/shareweb/#/w/i/2sUfCmsaSG990,,,,
,4-246魔戒生活冷狐版_1.0,安卓,game,https://yun.139.com/shareweb/#/w/i/2sUfC9rgVzqxl,,,,
,4-247最后一个男人冷狐版_0.3.1.1,安卓,game,https://yun.139.com/shareweb/#/w/i/2sUfBXqnLpevt,,,,
,4-248Pale Carnations_3.4,安卓,game,https://yun.139.com/shareweb/#/w/i/2sUfC3qQgQqcs,,,,
,4-249Subarashiki_Hibi_1.3,安卓,game,https://yun.139.com/shareweb/#/w/i/2sUfC0qB0ewgt,,,,
,5-1美少女万华镜2 冷狐版,安卓,game,https://yun.139.com/shareweb/#/w/i/2sUfBGpfrKDg2,,,,
,5-2女万华镜5 冷狐版,安卓,game,https://yun.139.com/shareweb/#/w/i/2sUfBNpH0wojz,,,,
,5-3像素女孩 桃子移植_1.0,安卓,game,https://yun.139.com/shareweb/#/w/i/2sUfCirXCLfr8,,,,
,5-4saki Blue Archive,安卓,game,https://yun.139.com/shareweb/#/w/i/2sUfCssCqET6h,,,,
,5-5tsu Play_1.0.0,安卓,game,https://yun.139.com/shareweb/#/w/i/2sUfCfrJosQkt,,,,
,5-6o Play_1.0.0,安卓,game,https://yun.139.com/shareweb/#/w/i/2sUfBAoP0RA0q,,,,
,5-7ngon rpg_1.0.0,安卓,game,https://yun.139.com/shareweb/#/w/i/2sUfCfrJot6yv,,,,
,5-8i Play_1,安卓,game,https://yun.139.com/shareweb/#/w/i/2sUfBKptJ5nzg,,,,
,5-9gi Play_1,安卓,game,https://yun.139.com/shareweb/#/w/i/2sUfBGpfueDsz,,,,
,5-10zusa Play_1.0.0,安卓,game,https://yun.139.com/shareweb/#/w/i/2sUfCssCqFKua,,,,
,5-11异世界之旅2冷狐版,安卓,game,https://yun.139.com/shareweb/#/w/i/2sUfBRpWhddei,,,,
,5-12の猫メイド vol.1_1.0,安卓,game,https://yun.139.com/shareweb/#/w/i/2sUfCfrJotNlb,,,,
,5-13试作弊少女_2,安卓,game,https://yun.139.com/shareweb/#/w/i/2sUfC3qQgS1bc,,,,
,5-14astTrainRe_1.0,安卓,game,https://yun.139.com/shareweb/#/w/i/2sUfBGpfrM0aj,,,,
,5-15雨と悪いことしましょう_1.0.0,安卓,game,https://yun.139.com/shareweb/#/w/i/2sUfBAoP0Snvo,,,,
,5-16血鬼_2,安卓,game,https://yun.139.com/shareweb/#/w/i/2sUfCLtYQ6w9d,,,,
,5-17すぐり電池(横屏进入！！！)_1.0.2,安卓,game,https://yun.139.com/shareweb/#/w/i/2sUfBNpH0y2zg,,,,
,5-18emaleTeacherWithPantyhouse_1.0,安卓,game,https://yun.139.com/shareweb/#/w/i/2sUfC6r3D2mb9,,,,
,5-19limax01_1.0.0,安卓,game,https://yun.139.com/shareweb/#/w/i/2sUfCLtYQ6Qs6,,,,
,5-20limax02_1.0.0,安卓,game,https://yun.139.com/shareweb/#/w/i/2sUfC3qQmUNgl,,,,
,5-21SC013_1.0.0,安卓,game,https://yun.139.com/shareweb/#/w/i/2sUfCirXCMVwf,,,,
,5-22limax04_1.0.0,安卓,game,https://yun.139.com/shareweb/#/w/i/2sUfC0qB2Nmra,,,,
,5-23limax16_1.0.0,安卓,game,https://yun.139.com/shareweb/#/w/i/2sUfC3qQmV4we,,,,
,5-24iceGame_1.0,安卓,game,https://yun.139.com/shareweb/#/w/i/2sUfBro8jVH73,,,,
,5-25弄女学生_2.1.0,安卓,game,https://yun.139.com/shareweb/#/w/i/2sUfBKptLEL6e,,,,
,5-26とオトコの娘のえっちせいかつ_1.0v,安卓,game,https://yun.139.com/shareweb/#/w/i/2sUfBGpfrMZf9,,,,
,5-27窃少女_1.1,安卓,game,https://yun.139.com/shareweb/#/w/i/2sUfC9rgVD5l9,,,,
,5-28助女高中生,安卓,game,https://yun.139.com/shareweb/#/w/i/2sUfBKptLFjip,,,,
,5-29awarare_ruka_trial_1.0,安卓,game,https://yun.139.com/shareweb/#/w/i/2sUfBXqnLspvl,,,,
,5-30entacle Locker 2_2.1.2.1,安卓,game,https://yun.139.com/shareweb/#/w/i/2sUfCHtKzHMfs,,,,
,5-31reya's Potion Shop_1.1,安卓,game,https://yun.139.com/shareweb/#/w/i/2sUfBKptJ7ura,,,,
,5-32earn The Heart_v0.3.4,安卓,game,https://yun.139.com/shareweb/#/w/i/2sUfBKptJ7Rn9,,,,
,5-33ilda's Reward_1.0,安卓,game,https://yun.139.com/shareweb/#/w/i/2sUfC0qB0i133,,,,
,5-34学生和女老师_1.0,安卓,game,https://yun.139.com/shareweb/#/w/i/2sUfC6r3D4dvs,,,,
,5-35irlgame_rxfby.com,安卓,game,https://yun.139.com/shareweb/#/w/i/2sUfCBti8Vert,,,,
,5-36Endearing Nephy_0.9,安卓,game,https://yun.139.com/shareweb/#/w/i/2sUfCfrJovJfl,,,,
,5-37SuccubusHunt_1.0,安卓,game,https://yun.139.com/shareweb/#/w/i/2sUfCmsaXya4w,,,,
,5-38ItazuraTrain_0.91,安卓,game,https://yun.139.com/shareweb/#/w/i/2sUfBGpfrPaub,,,,
,5-39纟邦架扌番种监静冷狐版,安卓,game,https://yun.139.com/shareweb/#/w/i/2sUfC0qB0it6m,,,,
,5-40高考失败的我被小姐姐温柔的救赎 V1.0,安卓,game,https://yun.139.com/shareweb/#/w/i/2sUfCmsaV1oxe,,,,
,5-41Lil'Py 100_2.04,安卓,game,https://yun.139.com/shareweb/#/w/i/2sUfCLtYS9P55,,,,
,5-42妹妹不会拒绝冷狐版,安卓,game,https://yun.139.com/shareweb/#/w/i/2sUfC0qB2Qfsw,,,,
,5-43鲁鲁修想做妈妈-桃子移植_1.0.0,安卓,game,https://yun.139.com/shareweb/#/w/i/2sUfC3qQgUKtt,,,,
,5-44陷阱地牢,安卓,game,https://yun.139.com/shareweb/#/w/i/2sUfBXqnLubde,,,,
,5-45斗技场的职业火暴衣者（名堂）_1.0,安卓,game,https://yun.139.com/shareweb/#/w/i/2sUfCLtYSak3g,,,,
,5-46Umiko Chan_ Virtual Waifu_1.0,安卓,game,https://yun.139.com/shareweb/#/w/i/2sUfCLtYQ9zcf,,,,
,5-47闪耀的传说冷狐版,安卓,game,https://yun.139.com/shareweb/#/w/i/2sUfCssCqJY3e,,,,
,5-48パンチラタウン4_1.0.0,安卓,game,https://yun.139.com/shareweb/#/w/i/2sUfCLtYSaFln,,,,
,5-49COURTSHIP DREAM_1.1.0生肉,安卓,game,https://yun.139.com/shareweb/#/w/i/2sUfC3qQjp24k,,,,
,5-50薇儿的孚乚交_0.4,安卓,game,https://yun.139.com/shareweb/#/w/i/2sUfC9rgVF4n4,,,,
,5-51p_townDX_1.0.0,安卓,game,https://yun.139.com/shareweb/#/w/i/2sUfCssCqKsus,,,,
,5-52Panchira TOWN Carnival_1.0.0,安卓,game,https://yun.139.com/shareweb/#/w/i/2sUfBKptLHuzo,,,,
,5-53改世番外冷狐版,安卓,game,https://yun.139.com/shareweb/#/w/i/2sUfC0qB0kbfw,,,,
,5-54妹妹寝耳又冷狐版,安卓,game,https://yun.139.com/shareweb/#/w/i/2sUfCmsaXA7o6,,,,
,5-55Lil'Py 102_2.02,安卓,game,https://yun.139.com/shareweb/#/w/i/2sUfC3qQgW2lj,,,,
,5-56我和她的痴氵又生活_1.0.0,安卓,game,https://yun.139.com/shareweb/#/w/i/2sUfC0qB2RWpm,,,,
,5-57转生成鬼未魔冷狐版,安卓,game,https://yun.139.com/shareweb/#/w/i/2sUfCLtYQbkwb,,,,
,5-58噩梦学校冷狐版,安卓,game,https://yun.139.com/shareweb/#/w/i/2sUfCpspbFtpo,,,,
,5-59Love at First Sight_0.1,安卓,game,https://yun.139.com/shareweb/#/w/i/2sUfCBti8X6ab,,,,
,5-60FutakenValley_0.032.7,安卓,game,https://yun.139.com/shareweb/#/w/i/2sUfBXqnLvDn1,,,,
,5-61Onnanoko7_1.1,安卓,game,https://yun.139.com/shareweb/#/w/i/2sUfC6r3D6frs,,,,
,5-62【御光盟国汉化组】和妈妈在孤岛银舌乚生活_1.0,安卓,game,https://yun.139.com/shareweb/#/w/i/2sUfBGpfrREs7,,,,
,5-63已知的未知_0.1.0,安卓,game,https://yun.139.com/shareweb/#/w/i/2sUfE5zNhk5xz,,,,
,5-64氵青道夫冷狐版,安卓,game,https://yun.139.com/shareweb/#/w/i/2sUfCyt4TKEx9,,,,
,5-65外遇实验室 小熊移植_1.0,安卓,game,https://yun.139.com/shareweb/#/w/i/2sUfDgwcZtnw0,,,,
,5-66Hailey's Adventure_0.5.4,安卓,game,https://yun.139.com/shareweb/#/w/i/2sUfCyt4TKUyj,,,,
,5-67电车角虫碰,安卓,game,https://yun.139.com/shareweb/#/w/i/2sUfDMys1x40z,,,,
,5-68蠱或心幺力虫 凤蝶,安卓,game,https://yun.139.com/shareweb/#/w/i/2sUfCyt4TLk78,,,,
,5-69succubus_1.0,安卓,game,https://yun.139.com/shareweb/#/w/i/2sUfD4vj9a7qa,,,,
,5-70羞耳止直播冷狐版,安卓,game,https://yun.139.com/shareweb/#/w/i/2sUfBUq9sQcjy,,,,
,5-71Cachipun with Waifu 0.2_生肉,安卓,game,https://yun.139.com/shareweb/#/w/i/2sUfEkAVjpMjq,,,,
,5-72重生之主宰npc_1.0,安卓,game,https://yun.139.com/shareweb/#/w/i/2sUfCyt4TLNan,,,,
,5-73驱魔修行僧与被银魔盯上的村庄 巴比伦汉化,安卓,game,https://yun.139.com/shareweb/#/w/i/2sUfBUq9sQonj,,,,
,5-74潜入女干魔冷狐版,安卓,game,https://yun.139.com/shareweb/#/w/i/2sUfE5zNhmw9f,,,,
,5-75偷走所有人的棋子冷狐版,安卓,game,https://yun.139.com/shareweb/#/w/i/2sUfBUq9sQXm4,,,,
,5-76赤发魔神冷狐版,安卓,game,https://yun.139.com/shareweb/#/w/i/2sUfD4vj9aX3h,,,,
,5-77Nightgamer_0.1.0生肉,安卓,game,https://yun.139.com/shareweb/#/w/i/2sUfEkAVjqnq5,,,,
,5-78Teaching Feeling - 希尔薇圣诞节版_0.1,安卓,game,https://yun.139.com/shareweb/#/w/i/2sUfBUq9sRepv,,,,
,5-79超变太心店长冷狐版,安卓,game,https://yun.139.com/shareweb/#/w/i/2sUfE5zNhnh62,,,,
,5-80Lovecraft Locker_ Tentacle Hell_0.1.25.生肉,安卓,game,https://yun.139.com/shareweb/#/w/i/2sUfCSuqj89uh,,,,
,5-81沙耶之歌_1.0,安卓,game,https://yun.139.com/shareweb/#/w/i/2sUfBUq9sRB9z,,,,
,5-82Turning Bitch_1.0生肉,安卓,game,https://yun.139.com/shareweb/#/w/i/2sUfDFy0zQGig,,,,
,5-83女仆和我的H之家 小熊移植_1.0,安卓,game,https://yun.139.com/shareweb/#/w/i/2sUfDMys1z0p1,,,,
,5-84勇者和伙伴冷狐版,安卓,game,https://yun.139.com/shareweb/#/w/i/2sUfEkAVjr091,,,,
,5-85mesugaki_1.0生肉,安卓,game,https://yun.139.com/shareweb/#/w/i/2sUfC9rgPiFc7,,,,
,5-86SeitoShidou_1.0,安卓,game,https://yun.139.com/shareweb/#/w/i/2sUfEkAVjr8tp,,,,
,5-87Takeaway delivery person_1.0,安卓,game,https://yun.139.com/shareweb/#/w/i/2sUfDMys1zklv,,,,
,5-88秘術相伝忍法勝負 桃子移植_1.0.0,安卓,game,https://yun.139.com/shareweb/#/w/i/2sUfEkAVjrh3c,,,,
,5-89时间停止 小熊移植_1.0,安卓,game,https://yun.139.com/shareweb/#/w/i/2sUfBUq9sSm2r,,,,
,5-90犬公主1.04-破解版,安卓,game,https://yun.139.com/shareweb/#/w/i/2sUfDFy0zRq9l,,,,
,5-91死神薇儿泳装冷狐版,安卓,game,https://yun.139.com/shareweb/#/w/i/2sUfCfrJhGmcy,,,,
,5-92姐姐和正太冷狐版,安卓,game,https://yun.139.com/shareweb/#/w/i/2sUfCSuqj98py,,,,
,5-93死神薇儿(巴比伦汉化组)_1.0,安卓,game,https://yun.139.com/shareweb/#/w/i/2sUfDgwcZwn7z,,,,
,5-94僵尸生活1冷狐版,安卓,game,https://yun.139.com/shareweb/#/w/i/2sUfE5zNhorng,,,,
,5-95让夜光进入V0.12.1,安卓,game,https://yun.139.com/shareweb/#/w/i/2sUfC9rgPjson,,,,
,5-96让电车里的倔强少女当场氵仑陷的角虫摸_1.1.0,安卓,game,https://yun.139.com/shareweb/#/w/i/2sUfBUq9sT86n,,,,
,5-97米可可大冒险 小熊移植_1.0,安卓,game,https://yun.139.com/shareweb/#/w/i/2sUfCfrJhGX1b,,,,
,5-98夏天的海滩搭讪_r星,安卓,game,https://yun.139.com/shareweb/#/w/i/2sUfC9rgPjL2m,,,,
,5-99龟仙人的乐园(巴比伦汉化组)_1.0,安卓,game,https://yun.139.com/shareweb/#/w/i/2sUfE5zNhoM7f,,,,
,5-100JadeChamberSunshine_生肉,安卓,game,https://yun.139.com/shareweb/#/w/i/2sUfEkAVjsqmt,,,,
,5-101Lovecraft Locker_1.4.03生肉,安卓,game,https://yun.139.com/shareweb/#/w/i/2sUfD4viX6i17,,,,
,5-102るなちゃんといっしょ_0.1.0,安卓,game,https://yun.139.com/shareweb/#/w/i/2sUfCirX7xLnp,,,,
,5-103我给我丈夫的朋友吹箫 小熊移植_1.0.0,安卓,game,https://yun.139.com/shareweb/#/w/i/2sUfCPubEYX94,,,,
,5-104原神：可莉的恶作剧1.16完结 海阁,安卓,game,https://yun.139.com/shareweb/#/w/i/2sUfCcruyKpqi,,,,
,5-105痴漢言周教 桃子移植_1.0.0,安卓,game,https://yun.139.com/shareweb/#/w/i/2sUfCPubEZN0o,,,,
,5-106可怕的恐怖表演 滑稽酱破解版,安卓,game,https://yun.139.com/shareweb/#/w/i/2sUfCpsoyE5ao,,,,
,5-107末日少女珍娜冷狐版,安卓,game,https://yun.139.com/shareweb/#/w/i/2sUfCYuSv5Kcn,,,,
,5-108一个人_1.0.1,安卓,game,https://yun.139.com/shareweb/#/w/i/2sUfCvsR50szg,,,,
,5-109SeedbedWars_1.0生肉,安卓,game,https://yun.139.com/shareweb/#/w/i/2sUfCcruyLms7,,,,
,5-110 177少女事件冷狐版,安卓,game,https://yun.139.com/shareweb/#/w/i/2sUfCssBR04ie,,,,
,5-111Brothel Paradise 桃子移植_1.0.0,安卓,game,https://yun.139.com/shareweb/#/w/i/2sUfCssBNvylu,,,,
,5-112【御光盟国汉化组】不会拒接的妹妹和不在家的哥哥_1.0,安卓,game,https://yun.139.com/shareweb/#/w/i/2sUfCfrHNGH28,,,,
,5-113银舌乚生首 小熊移植_1.0,安卓,game,https://yun.139.com/shareweb/#/w/i/2sUfCVuDdRWj8,,,,
,5-114工口林示术~精英学园无双(巴比伦汉化组),安卓,game,https://yun.139.com/shareweb/#/w/i/2sUfCPubF19i9,,,,
,5-115妈妈暑假！我和妈妈们的H暑假！【天竺版】_1.0.0,安卓,game,https://yun.139.com/shareweb/#/w/i/2sUfC9rghsznx,,,,
,5-116girl_1.7,安卓,game,https://yun.139.com/shareweb/#/w/i/2sUfCyt4reWim,,,,
,5-117Attack On Sluts_0.28,安卓,game,https://yun.139.com/shareweb/#/w/i/2sUfC0qAzh57z,,,,
,5-118恋爱季节：农夫之梦1.7,安卓,game,https://yun.139.com/shareweb/#/w/i/2sUfCVuDdSN5j,,,,
,5-119克里普特的裂变_1.0,安卓,game,https://yun.139.com/shareweb/#/w/i/2sUfCLtYr4yl8,,,,
,5-120Psycho Love-Beta_0.1,安卓,game,https://yun.139.com/shareweb/#/w/i/2sUfCvsR9Yr5o,,,,
,5-121鬼未魔编年史（acgfby.com发布）_1.0,安卓,game,https://yun.139.com/shareweb/#/w/i/2sUfCcruwhrmn,,,,
,5-122TeachingFeeling-ver1.9.β-a版（高清）,安卓,game,https://yun.139.com/shareweb/#/w/i/2sUfCPubF2ky8,,,,
,5-123Cursed Armor_1.0,安卓,game,https://yun.139.com/shareweb/#/w/i/2sUfCYuSv8fa0,,,,
,5-124母忄生觉醒（黑暗森林破解）_1.0.0,安卓,game,https://yun.139.com/shareweb/#/w/i/2sUfBUq98c8n2,,,,
,5-125杰斯塔尔科～異世界NTR物语 R星,安卓,game,https://yun.139.com/shareweb/#/w/i/2sUfCfrHNJqqm,,,,
,5-126美少女侦探艾尔-桃子移植_1.0.0,安卓,game,https://yun.139.com/shareweb/#/w/i/2sUfC0qAzhWbi,,,,
,5-127異世界経営-桃子移植_1.0.0,安卓,game,https://yun.139.com/shareweb/#/w/i/2sUfCssBNxwf6,,,,
,5-128冫夌汝新娘~樱川美雪的绒布球生活 小熊移植_1.0,安卓,game,https://yun.139.com/shareweb/#/w/i/2sUfCirX5v547,,,,
,5-129painRein_0.005生肉,安卓,game,https://yun.139.com/shareweb/#/w/i/2sUfCHtKbNw50,,,,
,5-130NTR魔法少女 小熊移植_1.0,安卓,game,https://yun.139.com/shareweb/#/w/i/2sUfCpsoyJblt,,,,
,5-131金发学生会长会用低俗的呻吟声喘息吗_1.0,安卓,game,https://yun.139.com/shareweb/#/w/i/2sUfCirX5vdmg,,,,
,5-132露比阿里斯的求职记 R星_1.0,安卓,game,https://yun.139.com/shareweb/#/w/i/2sUfC9rgf8sl0,,,,
,5-133尸体派对 驭血_1.0.0,安卓,game,https://yun.139.com/shareweb/#/w/i/2sUfCirX5vod8,,,,
,5-134Jump Harem_0.52,安卓,game,https://yun.139.com/shareweb/#/w/i/2sUfCirX5vxqm,,,,
,5-135炼金术士少女的逃亡日记 桃子移植_1.0.0,安卓,game,https://yun.139.com/shareweb/#/w/i/2sUfCvsR55efk,,,,
,5-136起源之塔 小熊移植_1.0,安卓,game,https://yun.139.com/shareweb/#/w/i/2sUfCBthHVahv,,,,
,5-137忍耐色讠秀的告白游戏 【糖衣ACG】_1.0.0,安卓,game,https://yun.139.com/shareweb/#/w/i/2sUfCBthHVg6m,,,,
,5-138祈祷游戏冷狐版,安卓,game,https://yun.139.com/shareweb/#/w/i/2sUfC3qPP81i1,,,,
,5-139我为丝狂冷狐版,安卓,game,https://yun.139.com/shareweb/#/w/i/2sUfDavLo9rm7,,,,
,5-140与三名可爱女佣的日常 桃子移植_1.0.0,安卓,game,https://yun.139.com/shareweb/#/w/i/2sUfC9rghuZim,,,,
,5-141归巢冷狐版,安卓,game,https://yun.139.com/shareweb/#/w/i/2sUfD4viXcwq4,,,,
,5-142幻想館の花嫁 桃子移植_1.0.0,安卓,game,https://yun.139.com/shareweb/#/w/i/2sUfCirX5whlp,,,,
,5-143艾露玛和被诅咒的记忆碎片 r社,安卓,game,https://yun.139.com/shareweb/#/w/i/2sUfCLtYr9mqk,,,,
,5-144莉卡与变态挠痒之村_1.0,安卓,game,https://yun.139.com/shareweb/#/w/i/2sUfD4viXdinr,,,,
,5-145诱惑之夜_0.2.3,安卓,game,https://yun.139.com/shareweb/#/w/i/2sUfC9rgfagvq,,,,
,5-146小镇的生态夏日假期_1.0,安卓,game,https://yun.139.com/shareweb/#/w/i/2sUfCvsR56snx,,,,
,5-147堕落旅馆1.0.1,安卓,game,https://yun.139.com/shareweb/#/w/i/2sUfCPubHsM8u,,,,
,5-148塔玛斯觉醒_1.0,安卓,game,https://yun.139.com/shareweb/#/w/i/2sUfC0qAzk2u5,,,,
,5-149灼炎的巫女静音~火暴孚乚母娘H的月匈部净化物语~【糖衣ACG】_1.0.0,安卓,game,https://yun.139.com/shareweb/#/w/i/2sUfCyt4rj930,,,,
,5-150onanikki_1.3.1,安卓,game,https://yun.139.com/shareweb/#/w/i/2sUfDdvZCzWa9,,,,
,5-151Special Harem Class_0.2.3,安卓,game,https://yun.139.com/shareweb/#/w/i/2sUfCcruwkBvy,,,,
,5-152美少女万华镜2.5,安卓,game,https://yun.139.com/shareweb/#/w/i/2sUfCyt4rkjo0,,,,
,5-153袭梦都市冷狐版,安卓,game,https://yun.139.com/shareweb/#/w/i/2sUfC3qPPaHwf,,,,
,5-154zombie retreat_1.0,安卓,game,https://yun.139.com/shareweb/#/w/i/2sUfCPubF7539,,,,
,5-155鬼刀冷狐版,安卓,game,https://yun.139.com/shareweb/#/w/i/2sUfCPubHvfk7,,,,
,5-156风流作家冷狐版,安卓,game,https://yun.139.com/shareweb/#/w/i/2sUfCPubKWc7p,,,,
,5-157朱莉乌斯的高雅魔术师特里安娜 小熊移植_1.0,安卓,game,https://yun.139.com/shareweb/#/w/i/2sUfDdvZCCddi,,,,
,5-158巫师训练师_0.50,安卓,game,https://yun.139.com/shareweb/#/w/i/2sUfDdvZCCtvy,,,,
,5-159银荡小镇0.9.1,安卓,game,https://yun.139.com/shareweb/#/w/i/2sUfCSupZWf5r,,,,
,5-160魔王想让女人们忄生孕！_1.0,安卓,game,https://yun.139.com/shareweb/#/w/i/2sUfCPubKWHyw,,,,
,5-161小白的露出受女干日记唯爱移植版_1.0,安卓,game,https://yun.139.com/shareweb/#/w/i/2sUfCyt4rmD7g,,,,
,5-162邪恶女干部的恶行 桃子移植_1.0.0,安卓,game,https://yun.139.com/shareweb/#/w/i/2sUfCssBR6Sdv,,,,
,5-163樱花秘密的游戏时间(巴比伦汉化组)_1.0,安卓,game,https://yun.139.com/shareweb/#/w/i/2sUfCvsRa51sy,,,,
,5-164丧失记忆的少年 桃子移植_1.0.0,安卓,game,https://yun.139.com/shareweb/#/w/i/2sUfCSupZWYro,,,,
,5-165Honey Kingdom_0.1,安卓,game,https://yun.139.com/shareweb/#/w/i/2sUfCirX5AN6p,,,,
,5-166口袋妖怪学院永远的生活_06,安卓,game,https://yun.139.com/shareweb/#/w/i/2sUfDdvZCDbk7,,,,
,5-167龙珠宇宙冷狐版_1.0,安卓,game,https://yun.139.com/shareweb/#/w/i/2sUfCYuSvdUcj,,,,
,5-168DIRTYING-因为爱她所以上了她 桃子移植_1.0.0,安卓,game,https://yun.139.com/shareweb/#/w/i/2sUfCYuSveMwu,,,,
,5-169亡国少女谢莉尔_1.01,安卓,game,https://yun.139.com/shareweb/#/w/i/2sUfCpsoyQZfq,,,,
,5-170失踪的少女冷狐版,安卓,game,https://yun.139.com/shareweb/#/w/i/2sUfCPubF9W37,,,,
,5-171妻子与母亲_0.190,安卓,game,https://yun.139.com/shareweb/#/w/i/2sUfCyt4roKvn,,,,
,5-172ConcertGirls_0.1.1,安卓,game,https://yun.139.com/shareweb/#/w/i/2sUfC9rgfg5gq,,,,
,5-173英雄堕落肃清计划～英雄VS女怪人_1.0.1,安卓,game,https://yun.139.com/shareweb/#/w/i/2sUfD4viXj1fc,,,,
,5-174玩具少女冷狐版,安卓,game,https://yun.139.com/shareweb/#/w/i/2sUfCirX7Jypj,,,,
,5-175妹妹的夏日生活_1.0,安卓,game,https://yun.139.com/shareweb/#/w/i/2sUfCYuSvfjb9,,,,
,5-176Sweet Revenge_0.06,安卓,game,https://yun.139.com/shareweb/#/w/i/2sUfCYuSvfjb9,,,,
,5-177仓野双胞胎冷狐版,安卓,game,https://yun.139.com/shareweb/#/w/i/2sUfCcruwpSga,,,,
,5-178夜间散步_1.0.0,安卓,game,https://yun.139.com/shareweb/#/w/i/2sUfCHtKbWGlo,,,,
,5-179希尔薇无伤痕版_2.3.1,安卓,game,https://yun.139.com/shareweb/#/w/i/2sUfCVuDe2678,,,,
,5-180萝莉后宫 农场生活！ 桃子移植_1.0,安卓,game,https://yun.139.com/shareweb/#/w/i/2sUfCPubHxJcn,,,,
,5-181我的恋天使太废柴了好可怕_1.0,安卓,game,https://yun.139.com/shareweb/#/w/i/2sUfCPubHxQs5,,,,
,5-182壳之少女_1.0,安卓,game,https://yun.139.com/shareweb/#/w/i/2sUfCHtKbWZ1g,,,,
,5-183全能?魔法_1.0,安卓,game,https://yun.139.com/shareweb/#/w/i/2sUfCvsR5d2un,,,,
,5-184大雕占戈争冷狐版,安卓,game,https://yun.139.com/shareweb/#/w/i/2sUfDavLofL00,,,,
,5-185LUNARiA_1.0.0,安卓,game,https://yun.139.com/shareweb/#/w/i/2sUfCYuSvg7g5,,,,
,5-186恋与经纪人_1.0.0,安卓,game,https://yun.139.com/shareweb/#/w/i/2sUfCirX7Kwuo,,,,
,5-187拉菲卡与封印之楔r星,安卓,game,https://yun.139.com/shareweb/#/w/i/2sUfBUq98kk1b,,,,
,5-188侠客风云传绅士,安卓,game,https://yun.139.com/shareweb/#/w/i/2sUfCcruyWJ7l,,,,
,5-189我母亲?危下的那一天_1.01,安卓,game,https://yun.139.com/shareweb/#/w/i/2sUfCssBNFYx5,,,,
,5-190女神狩猎_1.2.3,安卓,game,https://yun.139.com/shareweb/#/w/i/2sUfCpsoySEl2,,,,
,5-191Zombies Retreat 2_0.16.2,安卓,game,https://yun.139.com/shareweb/#/w/i/2sUfCHtKbXHii,,,,
,5-192兽人地下城管理 小熊移植_1.0,安卓,game,https://yun.139.com/shareweb/#/w/i/2sUfC0qAzsG0z,,,,
,5-193魔法使之夜_青桔网,安卓,game,https://yun.139.com/shareweb/#/w/i/2sUfDavLognmc,,,,
,5-194夏色泡影_9.9.10,安卓,game,https://yun.139.com/shareweb/#/w/i/2sUfDdvZCGiy1,,,,
,5-195魔女的夜宴_青桔制作,安卓,game,https://yun.139.com/shareweb/#/w/i/2sUfCHtKbY2m1,,,,
,5-196迷宮村的女昌館村長 桃子移植_1.0.0,安卓,game,https://yun.139.com/shareweb/#/w/i/2sUfC9rghCfx1,,,,
,5-197梅露缇丝的冒险_1.0,安卓,game,https://yun.139.com/shareweb/#/w/i/2sUfDdvZEzpj2,,,,
,5-198岛主日记_1.0,安卓,game,https://yun.139.com/shareweb/#/w/i/2sUfCirX5ETa9,,,,
,5-199弘树NTR第二章（杰尼龟汉化组）_1.0,安卓,game,https://yun.139.com/shareweb/#/w/i/2sUfCpsoyTgep,,,,
,5-200Celestite(GORPG汉化组),安卓,game,https://yun.139.com/shareweb/#/w/i/2sUfCBthJ31mg,,,,
,5-201候鸟_1.0.1,安卓,game,https://yun.139.com/shareweb/#/w/i/2sUfCBthJ3j81,,,,
,5-203女忄生可以使用的色忄青券_1.0,安卓,game,https://yun.139.com/shareweb/#/w/i/2sUfCBthJ3t8k,,,,
,5-204可供使用的H券与班级女生们进彳亍那禾中事情_1.0,安卓,game,https://yun.139.com/shareweb/#/w/i/2sUfCfrHNVmbm,,,,
,5-205末世孤雄0,安卓,game,https://yun.139.com/shareweb/#/w/i/2sUfCpsoyTYx1,,,,
,5-206订婚冷狐版,安卓,game,https://yun.139.com/shareweb/#/w/i/2sUfCirX5FCs8,,,,
,5-207果然在游戏里我的青春恋爱物语也有问题 续 移植版_1.2,安卓,game,https://yun.139.com/shareweb/#/w/i/2sUfCPubL25ak,,,,
,5-208剑与魔法与国家_1.0,安卓,game,https://yun.139.com/shareweb/#/w/i/2sUfCyt4rqZz2,,,,
,5-209开大车的传奇冒险_1.0,安卓,game,https://yun.139.com/shareweb/#/w/i/2sUfCVuDe5b4e,,,,
,5-210内身寸仙境_1.2.1,安卓,game,https://yun.139.com/shareweb/#/w/i/2sUfCPubL2imu,,,,
,5-211莉娜丽雅的冒险之旅~女孩们的救赎(巴比伦汉化组)_1.0,安卓,game,https://yun.139.com/shareweb/#/w/i/2sUfCirX7MYgb,,,,
,5-212H健康检查中心 小熊移植_1.0,安卓,game,https://yun.139.com/shareweb/#/w/i/2sUfC9rgfj6vm,,,,
,5-213公共瑟忄青调jiao大师v0.61【盯dang猫社区】,安卓,game,https://yun.139.com/shareweb/#/w/i/2sUfCPubL2Knl,,,,
,5-214赤发魔神_1.0,安卓,game,https://yun.139.com/shareweb/#/w/i/2sUfCVuDe5Vnl,,,,
,5-215妹妹来我家了最新版 小熊移植_1.0,安卓,game,https://yun.139.com/shareweb/#/w/i/2sUfBUq98n749,,,,
,5-216催眠（杰尼龟汉化组）_1.1,安卓,game,https://yun.139.com/shareweb/#/w/i/2sUfC0qAzuruy,,,,
,5-217Sunshine Love CH1_1.00,安卓,game,https://yun.139.com/shareweb/#/w/i/2sUfCYuSviku3,,,,
,5-218秘密地下俱乐部,安卓,game,https://yun.139.com/shareweb/#/w/i/2sUfDdvZEBs2g,,,,
,5-219服从の魔法战士2～银魔の讠周教～ 桃子移植_1.0,安卓,game,https://yun.139.com/shareweb/#/w/i/2sUfDdvZCJQ2t,,,,
,5-220亻昔金姐妹~丽兹与萝丝的工坊_r社发布,安卓,game,https://yun.139.com/shareweb/#/w/i/2sUfCpsoyVisz,,,,
,5-221母忄生萝莉近琴木目姦_3.1,安卓,game,https://yun.139.com/shareweb/#/w/i/2sUfCvsR5fG5z,,,,
,5-222生化危机 春药幸存者 小熊移植_1.0,安卓,game,https://yun.139.com/shareweb/#/w/i/2sUfCssBRbZsa,,,,
,5-223我真正的愿望_3.4.1,安卓,game,https://yun.139.com/shareweb/#/w/i/2sUfCvsR5g8ue,,,,
,5-224last12勇者的粉色育儿日记官中 小熊移植_1.0,安卓,game,https://yun.139.com/shareweb/#/w/i/2sUfC9rghEil7,,,,
,5-225FreshWomen_0.2.0,安卓,game,https://yun.139.com/shareweb/#/w/i/2sUfCcruyZsrx,,,,
,5-226末世余生5.0正版_5.0,安卓,game,https://yun.139.com/shareweb/#/w/i/2sUfCcruwtf00,,,,
,5-227银魔契約_1.0,安卓,game,https://yun.139.com/shareweb/#/w/i/2sUfCHtKc1rhk,,,,
,5-228阳光湾恋人_2.1.0,安卓,game,https://yun.139.com/shareweb/#/w/i/2sUfCirX5H79f,,,,
,5-229魔王与善恶的谎言_1.0.0,安卓,game,https://yun.139.com/shareweb/#/w/i/2sUfCvsR5gHs5,,,,
,5-230孤鸟传说完结版_1.2,安卓,game,https://yun.139.com/shareweb/#/w/i/2sUfCcruwtvk6,,,,
,5-231星空列车与白的旅行_2.4,安卓,game,https://yun.139.com/shareweb/#/w/i/2sUfCvsR5gSm4,,,,
,5-232美少女万华镜3,安卓,game,https://yun.139.com/shareweb/#/w/i/2sUfCssBRcy93,,,,
,5-233與疤痕少女的生活_4.0.6,安卓,game,https://yun.139.com/shareweb/#/w/i/2sUfCssBNKm5t,,,,
,5-234Neet And Angel_1.10 骑兵版,安卓,game,https://yun.139.com/shareweb/#/w/i/2sUfC9rgfkX2g,,,,
,5-235穿越到现代世界的精灵娘遭遇了H事_1.0,安卓,game,https://yun.139.com/shareweb/#/w/i/2sUfCHtKc21hl,,,,
,6-1Persona girls_1.0,安卓,game,https://yun.139.com/shareweb/#/w/i/2sUfBUq98oRb3,,,,
,6-2Gloria Pokemon_1.0,安卓,game,https://yun.139.com/shareweb/#/w/i/2sUfCirX7QD9x,,,,
,6-3墙壁模拟器_1.0.0,安卓,game,https://yun.139.com/shareweb/#/w/i/2sUfDavLokL3o,,,,
,6-4素晴同学_1.0.0,安卓,game,https://yun.139.com/shareweb/#/w/i/2sUfCPubHDo4b,,,,
,6-5私の猫メイド vol.1.5_1.0,安卓,game,https://yun.139.com/shareweb/#/w/i/2sUfBUq98pw6o,,,,
,6-6Dildo Collector Streamer_1.0.0,安卓,game,https://yun.139.com/shareweb/#/w/i/2sUfCLtYrjw2j,,,,
,6-7TestingR_1,安卓,game,https://yun.139.com/shareweb/#/w/i/2sUfCYuSvkUom,,,,
,6-8私立女高中生外出挑战_1.0,安卓,game,https://yun.139.com/shareweb/#/w/i/2sUfCpsoyXAnb,,,,
,6-9日本のファーム：搾孚乚の芸術_1,安卓,game,https://yun.139.com/shareweb/#/w/i/2sUfDdvZEDDum,,,,
,6-10chikanol_1.0,安卓,game,https://yun.139.com/shareweb/#/w/i/2sUfCpsoyXRaf,,,,
,6-11PlayWithIzuna_4.1,安卓,game,https://yun.139.com/shareweb/#/w/i/2sUfCcruz1pgw,,,,
,6-12fuyumafu_1.0,安卓,game,https://yun.139.com/shareweb/#/w/i/2sUfCHtKc3r67,,,,
,6-13闹鬼的房子 桃子移植_1.0,安卓,game,https://yun.139.com/shareweb/#/w/i/2sUfDavLomsml,,,,
,6-14KOMAちゃんとHI！○ー○したい_1.0.0,安卓,game,https://yun.139.com/shareweb/#/w/i/2sUfCvsRackmi,,,,
,6-15osawarimassage_1.0,安卓,game,https://yun.139.com/shareweb/#/w/i/2sUfCvsR7V7rj,,,,
,6-16飼育機械姦 桃子移植_1.0,安卓,game,https://yun.139.com/shareweb/#/w/i/2sUfCirX7RAzi,,,,
,6-17KyoukaiseiSisterSex 生肉_1.0,安卓,game,https://yun.139.com/shareweb/#/w/i/2sUfCSuq05hiz,,,,
,6-18コハルとの放課後個別指導2_1.0,安卓,game,https://yun.139.com/shareweb/#/w/i/2sUfDgwcN9Cpl,,,,
,6-19Ganyu - StN_1.3(1),安卓,game,https://yun.139.com/shareweb/#/w/i/2sUfCcruwv9tq,,,,
,6-20Sonia GO_1.1,安卓,game,https://yun.139.com/shareweb/#/w/i/2sUfCvsRacQql,,,,
,6-21囚犯带妹记冷狐版,安卓,game,https://yun.139.com/shareweb/#/w/i/2sUfBUq98qo25,,,,
,6-22選択ゾンビ姦_1.0,安卓,game,https://yun.139.com/shareweb/#/w/i/2sUfCPubHEDm6,,,,
,6-23孕ませ体験クリニック 生肉_1.3.1,安卓,game,https://yun.139.com/shareweb/#/w/i/2sUfCvsR7Vsvl,,,,
,6-24OH MY WAIFU_FREE,安卓,game,https://yun.139.com/shareweb/#/w/i/2sUfDgwcNaa78,,,,
,6-25yomu_clicker_1.0,安卓,game,https://yun.139.com/shareweb/#/w/i/2sUfCBthJ877p,,,,
,6-26Inflation Inc_0.1,安卓,game,https://yun.139.com/shareweb/#/w/i/2sUfCssBNLVrp,,,,
,6-27纳西妲同人小游戏（莉莉姆汉化版）,安卓,game,https://yun.139.com/shareweb/#/w/i/2sUfCvsRadcu2,,,,
,6-28间进之与少女相处三日_1.0,安卓,game,https://yun.139.com/shareweb/#/w/i/2sUfCfrHP00n6,,,,
,6-29お客に勝てばボーナスが出るってホントですか？_1.1.1L,安卓,game,https://yun.139.com/shareweb/#/w/i/2sUfCssBReVrh,,,,
,6-30我的爱情女神_1.0,安卓,game,https://yun.139.com/shareweb/#/w/i/2sUfC3qPPmGgh,,,,
,6-31瑞尔的日常生活冷狐版,安卓,game,https://yun.139.com/shareweb/#/w/i/2sUfCPubL5Gfu,,,,
,6-32店主v0.05,安卓,game,https://yun.139.com/shareweb/#/w/i/2sUfCPubHFihj,,,,
,6-33半熟少女们的秘密交易_1.0,安卓,game,https://yun.139.com/shareweb/#/w/i/2sUfCyt4rvLc4,,,,
,6-34思春期な妹はエッチがしたい_1.0,安卓,game,https://yun.139.com/shareweb/#/w/i/2sUfCssBNMeyk,,,,
,6-35なわのかぐらSE_1.0,安卓,game,https://yun.139.com/shareweb/#/w/i/2sUfCPubHFvbq,,,,
,6-36いもうとダークネス_1.0,安卓,game,https://yun.139.com/shareweb/#/w/i/2sUfCBthJ8zpm,,,,
,6-37丽莎的色忄青服务,安卓,game,https://yun.139.com/shareweb/#/w/i/2sUfCSuq06M2e,,,,
,6-38荒诞学院1.0_1,安卓,game,https://yun.139.com/shareweb/#/w/i/2sUfCvsR7Wg8x,,,,
,6-39COSRO2冷狐版,安卓,game,https://yun.139.com/shareweb/#/w/i/2sUfCcruwwrmf,,,,
,6-40FutakenValley_0.033,安卓,game,https://yun.139.com/shareweb/#/w/i/2sUfC9rghHxlu,,,,
,6-41角虫手陷阱迷宫冷狐版,安卓,game,https://yun.139.com/shareweb/#/w/i/2sUfCssBRfDkd,,,,
,6-42火枪手复仇冷狐版,安卓,game,https://yun.139.com/shareweb/#/w/i/2sUfCVuDeaYqm,,,,
,6-43魔书的迷宫冷狐版,安卓,game,https://yun.139.com/shareweb/#/w/i/2sUfCBthJ932c,,,,
,6-44艾丽希斯复仇记冷狐版,安卓,game,https://yun.139.com/shareweb/#/w/i/2sUfCvsR5jQ9w,,,,
,6-45James Cabello Animations_0.1,安卓,game,https://yun.139.com/shareweb/#/w/i/2sUfBUq98rJ93,,,,
,6-46水晶静香冷狐版,安卓,game,https://yun.139.com/shareweb/#/w/i/2sUfCLtYrn6v4,,,,
,6-47区殳打少女冷狐版,安卓,game,https://yun.139.com/shareweb/#/w/i/2sUfCssBRfY6v,,,,
,6-48忍羞兴故乡冷狐版,安卓,game,https://yun.139.com/shareweb/#/w/i/2sUfCirX7U1zf,,,,
,6-49傲娇女魔王冷狐版,安卓,game,https://yun.139.com/shareweb/#/w/i/2sUfCVuDebjsv,,,,
,6-50刺客女仆冷狐版,安卓,game,https://yun.139.com/shareweb/#/w/i/2sUfCirX5LTto,,,,
,6-51milk_gallery2_0.1,安卓,game,https://yun.139.com/shareweb/#/w/i/2sUfC3qPPnT6o,,,,
,6-52NejiSimSara2_0.1,安卓,game,https://yun.139.com/shareweb/#/w/i/2sUfCcruwxwj3,,,,
,6-53碧池JK传冷狐版,安卓,game,https://yun.139.com/shareweb/#/w/i/2sUfCirX7Uhu6,,,,
,6-54Utosuya_1.1.1,安卓,game,https://yun.139.com/shareweb/#/w/i/2sUfCvsRaeG3u,,,,
,6-55女昌馆生活冷狐版,安卓,game,https://yun.139.com/shareweb/#/w/i/2sUfCvsR5ktif,,,,
,6-56かよちゃんとの特別補導_1.0,安卓,game,https://yun.139.com/shareweb/#/w/i/2sUfD4viXrYw3,,,,
,6-57贴身女仆冷狐版,安卓,game,https://yun.139.com/shareweb/#/w/i/2sUfCcruz3n71,,,,
,6-58强女干无力抵抗的NPC1.0,安卓,game,https://yun.139.com/shareweb/#/w/i/2sUfCSuq081ru,,,,
,6-59小红帽和狼男冷狐版,安卓,game,https://yun.139.com/shareweb/#/w/i/2sUfDgwcNcLrj,,,,
,6-60永远在一起冷狐版,安卓,game,https://yun.139.com/shareweb/#/w/i/2sUfC0qAzzYsf,,,,
,6-61时间停止冷狐版,安卓,game,https://yun.139.com/shareweb/#/w/i/2sUfCvsR7XKp4,,,,
,6-62初音未来-将全部的歌献给未来的你,安卓,game,https://yun.139.com/shareweb/#/w/i/2sUfCirX7UZ9y,,,,
,6-63悲惨的游戏失败欢迎你 游戏式自尉心辅助_1.0.1,安卓,game,https://yun.139.com/shareweb/#/w/i/2sUfCssBNPba3,,,,
,6-64樱花虐彳寺狂冷狐版,安卓,game,https://yun.139.com/shareweb/#/w/i/2sUfCHtKc6cu5,,,,
,6-65女妖支配者冷狐版,安卓,game,https://yun.139.com/shareweb/#/w/i/2sUfCvsR5mcxd,,,,
,6-66被陌生人寄来棋子的影像_1.0,安卓,game,https://yun.139.com/shareweb/#/w/i/2sUfDgwcNdgbh,,,,
,6-67杏子迷宫2冷狐版,安卓,game,https://yun.139.com/shareweb/#/w/i/2sUfCVuDecfep,,,,
,6-68少女与迷宫冷狐版,安卓,game,https://yun.139.com/shareweb/#/w/i/2sUfCPubFj797,,,,
,6-69窥视名王元,安卓,game,https://yun.139.com/shareweb/#/w/i/2sUfD4viXsKzd,,,,
,6-70妹～団欒の刻～_0.94(1),安卓,game,https://yun.139.com/shareweb/#/w/i/2sUfCBthJb0gc,,,,
,6-71工口丰色母冷狐版,安卓,game,https://yun.139.com/shareweb/#/w/i/2sUfCirX7VJe2,,,,
,6-72厕所地缚灵-桃子移植_1.0,安卓,game,https://yun.139.com/shareweb/#/w/i/2sUfCLtYroLpx,,,,
,6-73玉魔王冷狐版,安卓,game,https://yun.139.com/shareweb/#/w/i/2sUfDgwcNdCy9,,,,
,6-74魔物扭蛋冷狐版,安卓,game,https://yun.139.com/shareweb/#/w/i/2sUfBUq98tyqs,,,,
,6-75异世界牧场主(用摇杆操作进入游戏！)_1.0,安卓,game,https://yun.139.com/shareweb/#/w/i/2sUfCssBRhtiw,,,,
,6-76成为挠痒亻孚虏的洛天壹_1.0,安卓,game,https://yun.139.com/shareweb/#/w/i/2sUfCssBNPW04,,,,
,6-77萝莉萝莉_1.0,安卓,game,https://yun.139.com/shareweb/#/w/i/2sUfCfrHP4mbj,,,,
,6-78小女巫菜菜氢_1.0.0,安卓,game,https://yun.139.com/shareweb/#/w/i/2sUfCVuDecHj2,,,,
,6-79前女王熟女亻孚虏_1.0,安卓,game,https://yun.139.com/shareweb/#/w/i/2sUfCHtKc7cqh,,,,
,6-80家出王女冷狐版,安卓,game,https://yun.139.com/shareweb/#/w/i/2sUfBUq98tZrx,,,,
,6-81堕落的嘲笑冷狐版,安卓,game,https://yun.139.com/shareweb/#/w/i/2sUfCyt4ryJ5m,,,,
,6-82荡女? x 家庭0.27,安卓,game,https://yun.139.com/shareweb/#/w/i/2sUfCyt4ryPfc,,,,
,6-83颓废少女的死亡笔记_1.0,安卓,game,https://yun.139.com/shareweb/#/w/i/2sUfCirX7WDpf,,,,
,6-84被羞辱的公主冷狐版,安卓,game,https://yun.139.com/shareweb/#/w/i/2sUfCLtYrphtf,,,,
,6-85巴麻美,安卓,game,https://yun.139.com/shareweb/#/w/i/2sUfC9rgfrsbp,,,,
,6-86无力探索者冷狐版,安卓,game,https://yun.139.com/shareweb/#/w/i/2sUfCvsR5nm5j,,,,
,6-87初女回路冷狐版,安卓,game,https://yun.139.com/shareweb/#/w/i/2sUfCBthJc3mt,,,,
,6-88JK的风花雪月冷狐版,安卓,game,https://yun.139.com/shareweb/#/w/i/2sUfCPubFkhb0,,,,
,6-89PMC Promiscuity_1.14.4,安卓,game,https://yun.139.com/shareweb/#/w/i/2sUfCssBNQU5d,,,,
,6-90星湾事件_1.01,安卓,game,https://yun.139.com/shareweb/#/w/i/2sUfCPubL8Pth,,,,
,6-91美奈子冷狐版,安卓,game,https://yun.139.com/shareweb/#/w/i/2sUfDavLorB12,,,,
,6-92重生之主宰npc_1.0,安卓,game,https://yun.139.com/shareweb/#/w/i/2sUfCvsRagZ3j,,,,
,6-93游戏会话v0.2,安卓,game,https://yun.139.com/shareweb/#/w/i/2sUfC9rgfs7j3,,,,
,6-94女神艾米丽冷狐版,安卓,game,https://yun.139.com/shareweb/#/w/i/2sUfDdvZEJHs1,,,,
,6-95NejiSim5_1.0.2,安卓,game,https://yun.139.com/shareweb/#/w/i/2sUfCPubFkJxz,,,,
,6-96Inkling heroes vs Tentacle_ver 生肉1.51,安卓,game,https://yun.139.com/shareweb/#/w/i/2sUfCPubHK88q,,,,
,6-97艾欧尼亚冷狐版,安卓,game,https://yun.139.com/shareweb/#/w/i/2sUfBUq98uYml,,,,
,6-98時間停止姦_1.0,安卓,game,https://yun.139.com/shareweb/#/w/i/2sUfCHtKc8Gjm,,,,
,6-99我和玛丽-我会为这个小男孩月兑掉我的衣服_1.0,安卓,game,https://yun.139.com/shareweb/#/w/i/2sUfCfrHP5Dzr,,,,
,6-100与天使的同居生活 唯爱_1.0.0,安卓,game,https://yun.139.com/shareweb/#/w/i/2sUfDgwcNfEmw,,,,
,6-101和金发女骑士尽忄青瑟瑟-桃子移植_1.0,安卓,game,https://yun.139.com/shareweb/#/w/i/2sUfCpsoz43jd,,,,
,6-102人鱼姬冷狐版,安卓,game,https://yun.139.com/shareweb/#/w/i/2sUfCvsR5CGd6,,,,
,6-103姫姦3_1.0,安卓,game,https://yun.139.com/shareweb/#/w/i/2sUfCssBRyQ5i,,,,
,6-104末世余生冷狐版,安卓,game,https://yun.139.com/shareweb/#/w/i/2sUfBUq98LPje,,,,
,6-105魔物竞技冷狐版,安卓,game,https://yun.139.com/shareweb/#/w/i/2sUfCLtYrEJ9h,,,,
,6-106三日计划冷狐版,安卓,game,https://yun.139.com/shareweb/#/w/i/2sUfDgwcNvs8c,,,,
,6-107露露卡与大魔导士的色忄青陷阱迷宫1.0,安卓,game,https://yun.139.com/shareweb/#/w/i/2sUfDdvZEZ64b,,,,
,6-108芙兰与罪人岛冷狐版,安卓,game,https://yun.139.com/shareweb/#/w/i/2sUfCirX64akq,,,,
,6-109不可思议银魔酱冷狐版,安卓,game,https://yun.139.com/shareweb/#/w/i/2sUfC9rgi0R61,,,,
,6-110Project_Pervert_0.1,安卓,game,https://yun.139.com/shareweb/#/w/i/2sUfCPubB3n6e,,,,
,6-111我最爱的妈妈1.2,安卓,game,https://yun.139.com/shareweb/#/w/i/2sUfCEtvTPt2i,,,,
,6-112Rookie Guard and the Queen_1.0,安卓,game,https://yun.139.com/shareweb/#/w/i/2sUfC3qPPFE4k,,,,
,6-113索菲亚的试炼冷狐版,安卓,game,https://yun.139.com/shareweb/#/w/i/2sUfCcruwQ08b,,,,
,6-114催目民应用点击器?拥有男月月友的姐姐成为我的_1.0,安卓,game,https://yun.139.com/shareweb/#/w/i/2sUfC0qAzTq61,,,,
,6-115ただいまお掃除中_1.0.0,安卓,game,https://yun.139.com/shareweb/#/w/i/2sUfCpsozj0jz,,,,
,6-116特警信号部队_1.0,安卓,game,https://yun.139.com/shareweb/#/w/i/2sUfC9rgi1k7k,,,,
,6-117我才不想成为银魔呢1.0XY版,安卓,game,https://yun.139.com/shareweb/#/w/i/2sUfCSuq0oD37,,,,
,6-118做客_1.0,安卓,game,https://yun.139.com/shareweb/#/w/i/2sUfCPubFANt2,,,,
,6-119真实人生冷狐版,安卓,game,https://yun.139.com/shareweb/#/w/i/2sUfC0qAzTWtg,,,,
,6-120恶堕之城冷狐版,安卓,game,https://yun.139.com/shareweb/#/w/i/2sUfCyt4jWJuj,,,,
,6-121jidouhanbaiki_1.0,安卓,game,https://yun.139.com/shareweb/#/w/i/2sUfCpsozk37f,,,,
,6-122女仆和我的H之家_回想码_113487,安卓,game,https://yun.139.com/shareweb/#/w/i/2sUfC9rgfKsy0,,,,
,6-123新婚妻子冷狐版,安卓,game,https://yun.139.com/shareweb/#/w/i/2sUfCPubLqBr3,,,,
,6-124堕落的旅途冷狐版,安卓,game,https://yun.139.com/shareweb/#/w/i/2sUfCPubJ3rn4,,,,
,6-125废村开拓记冷狐版,安卓,game,https://yun.139.com/shareweb/#/w/i/2sUfCssBRB9fa,,,,
,6-126milk_gallery_0.1,安卓,game,https://yun.139.com/shareweb/#/w/i/2sUfC0qAzUYnq,,,,
,6-127被怪物女孩摧毁的村庄_1.0,安卓,game,https://yun.139.com/shareweb/#/w/i/2sUfCPubB5fun,,,,
,6-128DrainMansion_2.0.4,安卓,game,https://yun.139.com/shareweb/#/w/i/2sUfCPubFC5ll,,,,
,6-129脑袋晕乎乎的身寸精忍耐自卫辅助应用程序2—被冷静地观察和逼迫的情景_1.0.0,安卓,game,https://yun.139.com/shareweb/#/w/i/2sUfCPubLqUwa,,,,
,6-130邪恶勇者冷狐版,安卓,game,https://yun.139.com/shareweb/#/w/i/2sUfCYuSvKPql,,,,
,6-131私人护士冷狐版,安卓,game,https://yun.139.com/shareweb/#/w/i/2sUfCssBRBG3x,,,,
,6-132少女收集-萝莉100连发_1.0,安卓,game,https://yun.139.com/shareweb/#/w/i/2sUfCirX66Llc,,,,
,6-133线圈城0.1.027,安卓,game,https://yun.139.com/shareweb/#/w/i/2sUfCHtKcrfah,,,,
,6-134对美女主播的羞入_1.0.0,安卓,game,https://yun.139.com/shareweb/#/w/i/2sUfDdvZF247q,,,,
,6-135Littlove for Happiness_1.0,安卓,game,https://yun.139.com/shareweb/#/w/i/2sUfC9rgi3s54,,,,
,6-136青梅NTR~一段只有我不能做ai的旅程_1.0,安卓,game,https://yun.139.com/shareweb/#/w/i/2sUfCyt4rSKjd,,,,
,6-137IllegalMahjong_1.0.0,安卓,game,https://yun.139.com/shareweb/#/w/i/2sUfCssBJJF2x,,,,
,6-138妈妈是女子校生 冷狐版,安卓,game,https://yun.139.com/shareweb/#/w/i/2sUfCssBRCtmh,,,,
,6-139room-家出少女 1.1,安卓,game,https://yun.139.com/shareweb/#/w/i/2sUfCcruwSDlm,,,,
,6-140晚上危险的回家路~纟邦架监近讠周教V2.0(巴比伦汉化组),安卓,game,https://yun.139.com/shareweb/#/w/i/2sUfC9rgi4cta,,,,
,6-141四元素师冷狐版,安卓,game,https://yun.139.com/shareweb/#/w/i/2sUfCcruzoU4v,,,,
,6-142独裁王的工口命令 巴比伦汉化版！_1.1,安卓,game,https://yun.139.com/shareweb/#/w/i/2sUfCPubLsd65,,,,
,6-143银魔的诅咒-我搬到了一个充满银荡女人的城镇_1.0,安卓,game,https://yun.139.com/shareweb/#/w/i/2sUfCPubB6z9r,,,,
,6-144魅魔同居冷狐版,安卓,game,https://yun.139.com/shareweb/#/w/i/2sUfCyt4rTo2x,,,,
,6-145【御光盟国汉化组】特警信号部队1.01,安卓,game,https://yun.139.com/shareweb/#/w/i/2sUfCyt4rTvj5,,,,
,6-146沙滩上的碧池_1,安卓,game,https://yun.139.com/shareweb/#/w/i/2sUfDdvZy8m3b,,,,
,6-147与学生流落荒岛1.0,安卓,game,https://yun.139.com/shareweb/#/w/i/2sUfCSuq0rf98,,,,
,6-148不女干NPC你就无法离开这个岛_1.0,安卓,game,https://yun.139.com/shareweb/#/w/i/2sUfCirX683q9,,,,
,6-149萤石冷狐版,安卓,game,https://yun.139.com/shareweb/#/w/i/2sUfCcruwThsk,,,,
,6-150綺羅的氵?亂人生_1.0.0,安卓,game,https://yun.139.com/shareweb/#/w/i/2sUfCPubJ5Q20,,,,
,6-151拉娜的忄生骚扌尤冒险记录 r星,安卓,game,https://yun.139.com/shareweb/#/w/i/2sUfCssBJLSf7,,,,
,6-152肉亻更骑冷狐版,安卓,game,https://yun.139.com/shareweb/#/w/i/2sUfCPubFEj2s,,,,
,6-153向国王致敬0.3,安卓,game,https://yun.139.com/shareweb/#/w/i/2sUfCPubFErdi,,,,
,6-154魔王的逆袭冷狐版,安卓,game,https://yun.139.com/shareweb/#/w/i/2sUfCSupVS0k0,,,,
,6-155御手洗蜜月0.2,安卓,game,https://yun.139.com/shareweb/#/w/i/2sUfDdvZy9Zuk,,,,
,6-156小夏シミュ_0.1,安卓,game,https://yun.139.com/shareweb/#/w/i/2sUfCEtvTUnzn,,,,
,6-157氵?荡的忍者少女-御光盟国汉化组_1.0,安卓,game,https://yun.139.com/shareweb/#/w/i/2sUfCvsR5JBtz,,,,
,6-158魔王女物语冷狐版,安卓,game,https://yun.139.com/shareweb/#/w/i/2sUfCyt4hJ49y,,,,
,6-159悠悠的少女尤子，享受起早晨上学的愉快旅程_1.0,安卓,game,https://yun.139.com/shareweb/#/w/i/2sUfCvsR5JUvk,,,,
,6-160兄妹危险的红线_1.0,安卓,game,https://yun.139.com/shareweb/#/w/i/2sUfC9rgfPirs,,,,
,6-161The Girlfriend From My Novel_1.0,安卓,game,https://yun.139.com/shareweb/#/w/i/2sUfBUq98Saf1,,,,
,6-162恶女亲卫队冷狐版,安卓,game,https://yun.139.com/shareweb/#/w/i/2sUfCcruwUTfb,,,,
,6-163天青石冷狐版,安卓,game,https://yun.139.com/shareweb/#/w/i/2sUfBUq98Sji1,,,,
,6-164Dungeon Core Master_1.0,安卓,game,https://yun.139.com/shareweb/#/w/i/2sUfCSupVSJs5,,,,
,6-165催目民APP公寓(巴比伦汉化组),安卓,game,https://yun.139.com/shareweb/#/w/i/2sUfCssBJMM2k,,,,
,6-166少女~深夜回家的路_1.0,安卓,game,https://yun.139.com/shareweb/#/w/i/2sUfCYuSvPkzf,,,,
,6-167我和姐姐们的h生活_1.0,安卓,game,https://yun.139.com/shareweb/#/w/i/2sUfC3qPPLMdx,,,,
,6-168绿巾冒的小妻子1.0AW版_1.0,安卓,game,https://yun.139.com/shareweb/#/w/i/2sUfCyt4hJNqx,,,,
,6-169自大的大小姐被催眠而堕落,安卓,game,https://yun.139.com/shareweb/#/w/i/2sUfDdvZF5gae,,,,
,6-170Monster girl assault_1.0.0,安卓,game,https://yun.139.com/shareweb/#/w/i/2sUfCssBRFo3q,,,,
,6-171终末之子冷狐版,安卓,game,https://yun.139.com/shareweb/#/w/i/2sUfCSupTvy1o,,,,
,6-172魅魔阝付身冷狐版,安卓,game,https://yun.139.com/shareweb/#/w/i/2sUfCEtvTXgcv,,,,
,6-173露比莉亚丝冷狐版,安卓,game,https://yun.139.com/shareweb/#/w/i/2sUfCVuDez3bq,,,,
,6-174我这辈子最想做的就是在一个萝莉怪物女孩体内身寸米青_1.0.0,安卓,game,https://yun.139.com/shareweb/#/w/i/2sUfC3qPKss3u,,,,
,6-175Hinata Unleashed_1.0,安卓,game,https://yun.139.com/shareweb/#/w/i/2sUfCcruqiuea,,,,
,6-176氵?狱捜査官罗斯1.0AW版_1.0,安卓,game,https://yun.139.com/shareweb/#/w/i/2sUfCVuD9Y16p,,,,
,6-177普涅拉和救命灵药1.0,安卓,game,https://yun.139.com/shareweb/#/w/i/2sUfCmsafCWwk,,,,
,6-178The Sagara Family_1.0,安卓,game,https://yun.139.com/shareweb/#/w/i/2sUfCirX8pWyk,,,,
,6-179时间停止的村庄,安卓,game,https://yun.139.com/shareweb/#/w/i/2sUfCcruzzVv9,,,,
,6-180宠物小姐冷狐版,安卓,game,https://yun.139.com/shareweb/#/w/i/2sUfCssBJUYqn,,,,
,6-181爱情药剂冷狐版,安卓,game,https://yun.139.com/shareweb/#/w/i/2sUfCmsafDGuy,,,,
,6-182修女与无光之森_1.0.0,安卓,game,https://yun.139.com/shareweb/#/w/i/2sUfC3qPKtHwm,,,,
,6-183与人马娘的生活1.0,安卓,game,https://yun.139.com/shareweb/#/w/i/2sUfC3qPKtQ21,,,,
,6-184金色的冷笑_1.0,安卓,game,https://yun.139.com/shareweb/#/w/i/2sUfCLtYn0Bef,,,,
,6-185Project_Bar_0.1,安卓,game,https://yun.139.com/shareweb/#/w/i/2sUfCyt4feMns,,,,
,6-186和精灵一起生活的话~休息森林的2人生活~,安卓,game,https://yun.139.com/shareweb/#/w/i/2sUfCssBPiX7v,,,,
,6-187幻獣研究所1.0,安卓,game,https://yun.139.com/shareweb/#/w/i/2sUfCYuSp3D78,,,,
,6-188基友的妈妈冷狐版,安卓,game,https://yun.139.com/shareweb/#/w/i/2sUfCEtvU4Vww,,,,
,6-189放学后露出女学生2_1.0,安卓,game,https://yun.139.com/shareweb/#/w/i/2sUfC3qPPUB86,,,,
,6-190谎言与复仇冷狐版,安卓,game,https://yun.139.com/shareweb/#/w/i/2sUfDgwcNJzjb,,,,
,6-191少女的生存之路-惊魂山_1.0.0,安卓,game,https://yun.139.com/shareweb/#/w/i/2sUfCcrusCyaa,,,,
,6-192Woman's Prison_1.0.0,安卓,game,https://yun.139.com/shareweb/#/w/i/2sUfD7vx7mQkq,,,,
,6-193兽耳女又隶冷狐版,安卓,game,https://yun.139.com/shareweb/#/w/i/2sUfC3qPKvAwm,,,,
,6-194北海道狐狸0.5,安卓,game,https://yun.139.com/shareweb/#/w/i/2sUfCPubBhSwg,,,,
,6-195与你相链的少女【天竺版】_1.0.0,安卓,game,https://yun.139.com/shareweb/#/w/i/2sUfCssBPjJ5o,,,,
,6-196和哥哥一起加油_1.0,安卓,game,https://yun.139.com/shareweb/#/w/i/2sUfDgwcNJRx9,,,,
,6-197银荡女孩球赛_0.23.0,安卓,game,https://yun.139.com/shareweb/#/w/i/2sUfDgwcNJYaw,,,,
,6-198护士医院1.0海阁社区,安卓,game,https://yun.139.com/shareweb/#/w/i/2sUfCSupTD027,,,,
,6-199家庭主女彐的不忠生活1.0,安卓,game,https://yun.139.com/shareweb/#/w/i/2sUfCEtvU6swb,,,,
,6-200找出那个闷闷不乐的涩鬼_1.0,安卓,game,https://yun.139.com/shareweb/#/w/i/2sUfCmsafFajd,,,,
,6-201女仆之剑(巴比伦汉化组),安卓,game,https://yun.139.com/shareweb/#/w/i/2sUfBUq991xsm,,,,
,6-202逆推村_1.0,安卓,game,https://yun.139.com/shareweb/#/w/i/2sUfCirX8tG6h,,,,
,6-203银俗村冷狐版,安卓,game,https://yun.139.com/shareweb/#/w/i/2sUfDgwcNMoxc,,,,
,6-204给童年的朋友戴了纟录帽子_1.0,安卓,game,https://yun.139.com/shareweb/#/w/i/2sUfCssBJZ7es,,,,
,6-205艾丽莎和无人洞穴_1.1,安卓,game,https://yun.139.com/shareweb/#/w/i/2sUfDgwcQBApw,,,,
,6-206巴麻美,安卓,game,https://yun.139.com/shareweb/#/w/i/2sUfCYuSp81vq,,,,
,6-207优秀员工,安卓,game,https://yun.139.com/shareweb/#/w/i/2sUfCyt4fimsx,,,,
,6-208SeedbedWars_1.0,安卓,game,https://yun.139.com/shareweb/#/w/i/2sUfCYuSp8en3,,,,
,6-209女子孕牧场-巴图移植_1.0,安卓,game,https://yun.139.com/shareweb/#/w/i/2sUfBUq993Kz7,,,,
,6-210CampWithMom,安卓,game,https://yun.139.com/shareweb/#/w/i/2sUfCssBPo6jo,,,,
,6-211赢荡人棋卡琳娜1.0,安卓,game,https://yun.139.com/shareweb/#/w/i/2sUfCfrHPDL38,,,,
,6-212氵?魔的诱惑1.0,安卓,game,https://yun.139.com/shareweb/#/w/i/2sUfCSupTHS3j,,,,
,6-213和妹妹生活冷狐版,安卓,game,https://yun.139.com/shareweb/#/w/i/2sUfDgwcQCxhs,,,,
,6-214你以为这样就能忍受吗_1.0,安卓,game,https://yun.139.com/shareweb/#/w/i/2sUfC3qPPY59l,,,,
,6-215一个人_1.0.1,安卓,game,https://yun.139.com/shareweb/#/w/i/2sUfCssBPowxw,,,,
,6-216灵魂后宫_1.0,安卓,game,https://yun.139.com/shareweb/#/w/i/2sUfCyt4fjibt,,,,
,6-217水上世界冷狐版,安卓,game,https://yun.139.com/shareweb/#/w/i/2sUfDgwcQD1q2,,,,
,6-218secret casino 生肉_0.8,安卓,game,https://yun.139.com/shareweb/#/w/i/2sUfCSupW4qgw,,,,
,6-219兽娘和人外娘_1.0.0,安卓,game,https://yun.139.com/shareweb/#/w/i/2sUfCVuDa3Azl,,,,
,6-220毛耳少女和色忄青的治疗,安卓,game,https://yun.139.com/shareweb/#/w/i/2sUfCSupW4B9u,,,,
,6-221Yurufuwa 生肉_1.0.2,安卓,game,https://yun.139.com/shareweb/#/w/i/2sUfCirX8vk81,,,,
,6-222U10ChanIIndesuka_1.2,安卓,game,https://yun.139.com/shareweb/#/w/i/2sUfCPubBmBm7,,,,
,6-223Pocket Touch Simulation_0.1,安卓,game,https://yun.139.com/shareweb/#/w/i/2sUfCyt4kdK3e,,,,
,6-224讠周戏萝莉冷狐版,安卓,game,https://yun.139.com/shareweb/#/w/i/2sUfCPubBmTbb,,,,
,6-225愿望0.90,安卓,game,https://yun.139.com/shareweb/#/w/i/2sUfCvsR1fCv1,,,,
,6-226宇宙船的异形_1.0,安卓,game,https://yun.139.com/shareweb/#/w/i/2sUfCmsafKnzx,,,,
,6-227紫色宝石1.0,安卓,game,https://yun.139.com/shareweb/#/w/i/2sUfDdvZyoyy5,,,,
,6-228角虫祭之都冷狐版,安卓,game,https://yun.139.com/shareweb/#/w/i/2sUfCPubBnemu,,,,
,6-229imprisonedQueen_1.0.0,安卓,game,https://yun.139.com/shareweb/#/w/i/2sUfCvsR1gp14,,,,
,6-230Bar_Extra_0.1,安卓,game,https://yun.139.com/shareweb/#/w/i/2sUfCVuDa4pze,,,,
,6-231我的小恶魔_1.0,安卓,game,https://yun.139.com/shareweb/#/w/i/2sUfC3qPKAGta,,,,
,6-232与她的生活-UU移植_1.0,安卓,game,https://yun.139.com/shareweb/#/w/i/2sUfCssBK1ugo,,,,
,6-233豪宅出逃记1.0XY版_1.0,安卓,game,https://yun.139.com/shareweb/#/w/i/2sUfCfrHPFno0,,,,
,6-234催目民大叔和爆孚乚辣妹_1.0,安卓,game,https://yun.139.com/shareweb/#/w/i/2sUfCcrusH9d3,,,,
,6-235治疗妹妹冷狐版,安卓,game,https://yun.139.com/shareweb/#/w/i/2sUfDdvZyp6q8,,,,
,6-236校园讠秀惑记之巨孚乚学园1.01XY版,安卓,game,https://yun.139.com/shareweb/#/w/i/2sUfCmsahUNqr,,,,
,6-237希望之盾1.0XY版,安卓,game,https://yun.139.com/shareweb/#/w/i/2sUfCfrHPFBv6,,,,
,6-238苗床圣女索菲亚 小熊移植_1.0,安卓,game,https://yun.139.com/shareweb/#/w/i/2sUfCVuDa4Wjj,,,,
,6-239花吻,安卓,game,https://yun.139.com/shareweb/#/w/i/2sUfC3qPKBdgw,,,,
,6-240犭?錯後需要肉亻賞可是常識_1.0,安卓,game,https://yun.139.com/shareweb/#/w/i/2sUfDdvZyps0t,,,,
,6-241拯救小村庄物语_1.0,安卓,game,https://yun.139.com/shareweb/#/w/i/2sUfCvsQYNYad,,,,
,6-242苗床圣女索菲亚 海阁_1.0,安卓,game,https://yun.139.com/shareweb/#/w/i/2sUfCyt4fn5f8,,,,
,6-243时间停止校园_1.0.0,安卓,game,https://yun.139.com/shareweb/#/w/i/2sUfCSupW6Ro2,,,,
,6-244The Witch’s Sexual Prison_1.0.0,安卓,game,https://yun.139.com/shareweb/#/w/i/2sUfCVuDa69nt,,,,
,6-245伊藤由奈冷狐版_1.0,安卓,game,https://yun.139.com/shareweb/#/w/i/2sUfCmsafMDkr,,,,
,6-246被壮汉讠秀惑的年轻棋子之背着丈夫偷忄青1.0,安卓,game,https://yun.139.com/shareweb/#/w/i/2sUfCvsQYPfn0,,,,
,6-247npc女干新作_1.0,安卓,game,https://yun.139.com/shareweb/#/w/i/2sUfDgwcQFNn0,,,,
,6-248模糊墙壁_0.4.0,安卓,game,https://yun.139.com/shareweb/#/w/i/2sUfCyt4kggw2,,,,
,6-249勇者也想和妈妈亻故1.0XY版,安卓,game,https://yun.139.com/shareweb/#/w/i/2sUfCLtYnb5om,,,,
,6-250堕落！被女忄生抢走的姐夫1.0AW版,安卓,game,https://yun.139.com/shareweb/#/w/i/2sUfCmsahWwtv,,,,
,6-251NTR新女良克拉拉～堕入真正的忄夬感之前_1.0,安卓,game,https://yun.139.com/shareweb/#/w/i/2sUfCBthBwJzf,,,,
,6-252某企业的无偿加班_1.0,安卓,game,https://yun.139.com/shareweb/#/w/i/2sUfCyt4kgA9d,,,,
,6-253没有他的七天_1.0,安卓,game,https://yun.139.com/shareweb/#/w/i/2sUfCEtvUe2y0,,,,
,6-254可以和护士发生联系的医院1.0XY版,安卓,game,https://yun.139.com/shareweb/#/w/i/2sUfCcrusKfko,,,,
,6-255迷宫[纸片人汉化移植]_1.0,安卓,game,https://yun.139.com/shareweb/#/w/i/2sUfCyt4i1bib,,,,
,6-256母子色忄青1.0,安卓,game,https://yun.139.com/shareweb/#/w/i/2sUfCssBK4Ugf,,,,
,6-257玛格菲莉亚 magfilia_1.0,安卓,game,https://yun.139.com/shareweb/#/w/i/2sUfCYuSpe7dt,,,,
,6-258尸体派对 血色笼罩_1.0,安卓,game,https://yun.139.com/shareweb/#/w/i/2sUfCPubBro17,,,,
,6-259魔法少女的讠周教默示录_1.0.0,安卓,game,https://yun.139.com/shareweb/#/w/i/2sUfDnwEi082q,,,,
,6-260复兴之路_1.1,安卓,game,https://yun.139.com/shareweb/#/w/i/2sUfERD9ikh4w,,,,
,6-261氵?谷欠未亡人_1.0,安卓,game,https://yun.139.com/shareweb/#/w/i/2sUfE8A1po4x0,,,,
,6-262【御光盟国汉化组】疏忽大意的妹妹-虽然是一家人 但是也会毫无防备的孛力起吧_1.0,安卓,game,https://yun.139.com/shareweb/#/w/i/2sUfCEtvN9Tjs,,,,
,6-263我喜欢你所以我会被纟录1.0XY版,安卓,game,https://yun.139.com/shareweb/#/w/i/2sUfDzxy859a7,,,,
,6-264NTR鬼未魔1.0XY版,安卓,game,https://yun.139.com/shareweb/#/w/i/2sUfCPubysDjm,,,,
,6-265露比阿里斯的求职记_1.0,安卓,game,https://yun.139.com/shareweb/#/w/i/2sUfDzxy85zdi,,,,
,6-266人气遥香开发日志1.1,安卓,game,https://yun.139.com/shareweb/#/w/i/2sUfDMyrYzWp7,,,,
,6-267到哪都可以瑟瑟-桃子移植_1.0,安卓,game,https://yun.139.com/shareweb/#/w/i/2sUfE8A1poTh5,,,,
,6-268瘴气与圣印小熊移植_1.0,安卓,game,https://yun.139.com/shareweb/#/w/i/2sUfCPubytby9,,,,
,6-269悠之空_冷狐版,安卓,game,https://yun.139.com/shareweb/#/w/i/2sUfCLtYgHdky,,,,
,6-270魔法大陆0.6,安卓,game,https://yun.139.com/shareweb/#/w/i/2sUfERD9imSm5,,,,
,6-271入境监查官瑞贝卡~方?暴的歹民_1.0.0,安卓,game,https://yun.139.com/shareweb/#/w/i/2sUfCpsorAwv3,,,,
,6-272柜台小姐是鬼未魔-用H来帮助大家完成任务_1.0,安卓,game,https://yun.139.com/shareweb/#/w/i/2sUfCPubyttlk,,,,
,6-273炼精术师冷狐版,安卓,game,https://yun.139.com/shareweb/#/w/i/2sUfCLtYgHGj6,,,,
,6-274美丽的世界v0.4189 R社,安卓,game,https://yun.139.com/shareweb/#/w/i/2sUfDzxy86izv,,,,
,6-275不道德的伊利莎-被戴纟录帽子的已婚法师_1.0,安卓,game,https://yun.139.com/shareweb/#/w/i/2sUfD4viSXqr2,,,,
,6-276和巨孚乚JK们恋爱H过高中生活的游戏_1.0.0,安卓,game,https://yun.139.com/shareweb/#/w/i/2sUfEeAsRgCe5,,,,
,6-277魔王的征途冷狐版,安卓,game,https://yun.139.com/shareweb/#/w/i/2sUfEeAsRgMau,,,,
,6-278爱妻日记冷狐版,安卓,game,https://yun.139.com/shareweb/#/w/i/2sUfERD9invgc,,,,
,6-279火影忍者下一代1.0.4,安卓,game,https://yun.139.com/shareweb/#/w/i/2sUfCpsorBj0c,,,,
,6-280魅惑1.0XY版,安卓,game,https://yun.139.com/shareweb/#/w/i/2sUfCPubyuwdh,,,,
,6-281童贞正太此隹堕计划_1.0,安卓,game,https://yun.139.com/shareweb/#/w/i/2sUfDnwEi2hay,,,,
,6-282电车痴汉1冷狐版,安卓,game,https://yun.139.com/shareweb/#/w/i/2sUfCLtYgJxqj,,,,
,6-283我的妈妈是肉亻更器老师1.0,安卓,game,https://yun.139.com/shareweb/#/w/i/2sUfD4viSYuhf,,,,
,6-284NTRサキュバス_1.0,安卓,game,https://yun.139.com/shareweb/#/w/i/2sUfDnwEi2Upe,,,,
,6-285猪的RBQ冷狐版,安卓,game,https://yun.139.com/shareweb/#/w/i/2sUfERD9ioDo1,,,,
,6-286美少女之监禁计划1.0XY版,安卓,game,https://yun.139.com/shareweb/#/w/i/2sUfE8A1pqZg8,,,,
,6-287中途之家_8,安卓,game,https://yun.139.com/shareweb/#/w/i/2sUfCpsorCgyo,,,,
,6-288爱玩少女阿扎瑞亚·星_1.0,安卓,game,https://yun.139.com/shareweb/#/w/i/2sUfERD9ioUzo,,,,
,6-289心之形 心之声 心之色_1.0,安卓,game,https://yun.139.com/shareweb/#/w/i/2sUfEeAsRipju,,,,
,6-290安娜的初任务_1.0,安卓,game,https://yun.139.com/shareweb/#/w/i/2sUfCyt4i71je,,,,
,6-291新婚忄生活生存RPG~~桃音的秘密起点_1.0,安卓,game,https://yun.139.com/shareweb/#/w/i/2sUfCirWZdpjm,,,,
,6-292奇幻后宫之旅(狐狸汉化组)_0.6,安卓,game,https://yun.139.com/shareweb/#/w/i/2sUfCyt4i7dgk,,,,
,6-293权力的代价ch.19,安卓,game,https://yun.139.com/shareweb/#/w/i/2sUfCcruqAysw,,,,
,6-294近未来都市_1.0,安卓,game,https://yun.139.com/shareweb/#/w/i/2sUfDdvZyxHuz,,,,
,6-295盛夏的那座岛屿(黑屏点屏幕两侧进入！)_1.0,安卓,game,https://yun.139.com/shareweb/#/w/i/2sUfDgwcQNQ0o,,,,
,6-296圣骑士堕落魔法,安卓,game,https://yun.139.com/shareweb/#/w/i/2sUfCEtvUm8u8,,,,
,6-297拉斯特沃斯学院_0.30.9,安卓,game,https://yun.139.com/shareweb/#/w/i/2sUfCLtYnio56,,,,
,6-298潜入娱乐街【爱社资源社区】_1.5,安卓,game,https://yun.139.com/shareweb/#/w/i/2sUfDdvZyxWdw,,,,
,6-299别对我的妹妹出手_1.0,安卓,game,https://yun.139.com/shareweb/#/w/i/2sUfCLtYniygi,,,,
,6-300Meet the New Neighbors!_0.4,安卓,game,https://yun.139.com/shareweb/#/w/i/2sUfD1v5FySy2,,,,
,6-301魔王领主和守护骑士(巴比伦汉化组)_1.0,安卓,game,https://yun.139.com/shareweb/#/w/i/2sUfD7vx7Cqcx,,,,
,6-302被寝耳又日记_1.0,安卓,game,https://yun.139.com/shareweb/#/w/i/2sUfCvsR1rjwv,,,,
,6-303五等分的抢婚·三玖篇 1.7,安卓,game,https://yun.139.com/shareweb/#/w/i/2sUfCvsQYYsf9,,,,
,6-304告白_2.0.0,安卓,game,https://yun.139.com/shareweb/#/w/i/2sUfCBthBEEdx,,,,
,6-305神秘的少女们冷狐版,安卓,game,https://yun.139.com/shareweb/#/w/i/2sUfCirWZg5tq,,,,
,6-306我这个有女朋友的男人是如何与一个已女昏女人上广木的_1.0,安卓,game,https://yun.139.com/shareweb/#/w/i/2sUfD1v5FAja2,,,,
,6-307assistant_0.1,安卓,game,https://yun.139.com/shareweb/#/w/i/2sUfCLtYnncew,,,,
,6-308阿尔忒弥斯乐园冷狐版,安卓,game,https://yun.139.com/shareweb/#/w/i/2sUfCBthBHE8h,,,,
,6-309此隹小鬼炭矿劳工与扌番种大叔_1.0,安卓,game,https://yun.139.com/shareweb/#/w/i/2sUfDdvZyB4c4,,,,
,6-310自由通行证（杰尼龟汉化组）_0.5,安卓,game,https://yun.139.com/shareweb/#/w/i/2sUfCvsR1upyg,,,,
,6-311被氵?欲染污的人棋战士1.0XY版(2),安卓,game,https://yun.139.com/shareweb/#/w/i/2sUfBXqniH241,,,,
,6-312修女缇亚利斯之吟纹圣女1.0XY版,安卓,game,https://yun.139.com/shareweb/#/w/i/2sUfCssBKfzs5,,,,
,6-313忄生骚扰高中生 灵梦御所汉化版 V1.01,安卓,game,https://yun.139.com/shareweb/#/w/i/2sUfCfrHKjN13,,,,
,6-314Lonely Catgirl is the Purrfect Pussy_1.23,安卓,game,https://yun.139.com/shareweb/#/w/i/2sUfCmsag01yb,,,,
,6-315女仆的讠周教日志_1.2.4,安卓,game,https://yun.139.com/shareweb/#/w/i/2sUfCcruqH2v5,,,,
,6-316丽贝卡与氵?咒之剑_1.0,安卓,game,https://yun.139.com/shareweb/#/w/i/2sUfD1v5FDWkd,,,,
,6-317野外学习冷狐版,安卓,game,https://yun.139.com/shareweb/#/w/i/2sUfCSupWkDzk,,,,
,6-318MaidforPleasure_1.2.4,安卓,game,https://yun.139.com/shareweb/#/w/i/2sUfD1v5FEoht,,,,
,6-319来自异世界的女勇者_1.0,安卓,game,https://yun.139.com/shareweb/#/w/i/2sUfCvsR1wwca,,,,
,6-320痴漢掲示板~蓝猫汉化移植_1.0,安卓,game,https://yun.139.com/shareweb/#/w/i/2sUfDdvZyD41z,,,,
,6-321斗罗大陆比比东篇,安卓,game,https://yun.139.com/shareweb/#/w/i/2sUfCBthBLg3j,,,,
,6-322售票员大叔冷狐版,安卓,game,https://yun.139.com/shareweb/#/w/i/2sUfBXqniJpfe,,,,
,6-323花痴驯兽师0.5,安卓,game,https://yun.139.com/shareweb/#/w/i/2sUfCPubBDcl1,,,,
,6-324直到青春孕育的爱被破坏为止~被夺走、累积的关系_1.0,安卓,game,https://yun.139.com/shareweb/#/w/i/2sUfDdvZyDo7d,,,,
,6-325妖诞岛~堕落成忄生处理委员的副会长_1.0,安卓,game,https://yun.139.com/shareweb/#/w/i/2sUfCfrHGNo92,,,,
,6-326处女对忄生的觉醒_1.0,安卓,game,https://yun.139.com/shareweb/#/w/i/2sUfCirWZkF31,,,,
,6-327隐居军师的救国战略_1,安卓,game,https://yun.139.com/shareweb/#/w/i/2sUfCvsQZ3Vtm,,,,
,6-328编织时间的约定,安卓,game,https://yun.139.com/shareweb/#/w/i/2sUfCSupU1smz,,,,
,6-329妻子出车九岳母顶替冷狐版,安卓,game,https://yun.139.com/shareweb/#/w/i/2sUfCyt4fB1oj,,,,
,6-330少女与色忄青玩具_1.0,安卓,game,https://yun.139.com/shareweb/#/w/i/2sUfCvsQZ496j,,,,
,6-331あまねのTS学園せいかつ_1.0.0,安卓,game,https://yun.139.com/shareweb/#/w/i/2sUfD1v5FF9wk,,,,
,6-332神的圣母_1.0,安卓,game,https://yun.139.com/shareweb/#/w/i/2sUfD7vx7JJs3,,,,
,6-333魔契的圣女2.0完全汉化版(巴比伦汉化组),安卓,game,https://yun.139.com/shareweb/#/w/i/2sUfCcruqJMvv,,,,
,6-334Quickie_ A Love Hotel Story_0.28,安卓,game,https://yun.139.com/shareweb/#/w/i/2sUfCvsQZ4zta,,,,
,6-335Rescuing You in the Infinite Loop_1.0.0,安卓,game,https://yun.139.com/shareweb/#/w/i/2sUfCyt4igtrd,,,,
,6-336悠久之少年少女,安卓,game,https://yun.139.com/shareweb/#/w/i/2sUfCVuDakntf,,,,
,6-337樱花秘密时间冷狐版,安卓,game,https://yun.139.com/shareweb/#/w/i/2sUfD1v5FFL0y,,,,
,6-338不败世界与终焉之花_青桔网制作,安卓,game,https://yun.139.com/shareweb/#/w/i/2sUfCvsQZ57br,,,,
,6-339勇者泽库斯_1.0.0,安卓,game,https://yun.139.com/shareweb/#/w/i/2sUfCSupWnJ5j,,,,
,6-340山谷里的莉莉冷狐版,安卓,game,https://yun.139.com/shareweb/#/w/i/2sUfD1v5FGda4,,,,
,6-341女又隶训练_1.0,安卓,game,https://yun.139.com/shareweb/#/w/i/2sUfCyt4kzDhv,,,,
,6-342母亲课程：三子 生肉_1.0,安卓,game,https://yun.139.com/shareweb/#/w/i/2sUfDgwcQXkr4,,,,
,6-343魔法少女麻衣冷狐版,安卓,game,https://yun.139.com/shareweb/#/w/i/2sUfD7vx7LHsd,,,,
,6-344K罩木不JK美依的校园忄生活1.0XY版,安卓,game,https://yun.139.com/shareweb/#/w/i/2sUfCmsaiaypt,,,,
,6-345双马尾萝莉少女-桃子移植_1.0,安卓,game,https://yun.139.com/shareweb/#/w/i/2sUfD7vx7MNy9,,,,
,6-346fatal countdown-immoral list of desires_1.0.0,安卓,game,https://yun.139.com/shareweb/#/w/i/2sUfDgwcQYHbw,,,,
,6-347欢迎来到~忄生爱岛！_1.0,安卓,game,https://yun.139.com/shareweb/#/w/i/2sUfC3qPKWa3c,,,,
,6-348少女组长凛凛花的女昌馆经营记,安卓,game,https://yun.139.com/shareweb/#/w/i/2sUfD7vx7S8ly,,,,
,6-349我和我老婆～被困在荒岛上,安卓,game,https://yun.139.com/shareweb/#/w/i/2sUfCvsQZaor8,,,,
,6-350她的小秘密0.2.8,安卓,game,https://yun.139.com/shareweb/#/w/i/2sUfCVuDapi7n,,,,
,6-351女眉肉氵?馆V0.528,安卓,game,https://yun.139.com/shareweb/#/w/i/2sUfCirWZqFg2,,,,
,6-352我妈妈跪地道兼欠的那一天,安卓,game,https://yun.139.com/shareweb/#/w/i/2sUfCyt4kEslz,,,,
,6-353恋爱成双_1.0,安卓,game,https://yun.139.com/shareweb/#/w/i/2sUfC3qPKYYq7,,,,
,6-354妹妹寝耳又～身心都是哥哥的戶斤有物～_1.0,安卓,game,https://yun.139.com/shareweb/#/w/i/2sUfCYuSpzogb,,,,
,6-355怪盗艾菲 桃子移植_1.0.3,安卓,game,https://yun.139.com/shareweb/#/w/i/2sUfCSupU6M6w,,,,
,6-356对萌系女孩的催目民报复_1.0,安卓,game,https://yun.139.com/shareweb/#/w/i/2sUfCSupU7erv,,,,
,6-357勇者大战魔物娘冷狐版,安卓,game,https://yun.139.com/shareweb/#/w/i/2sUfD1v5FN4j8,,,,
,6-358完成勇者使命成为王国的禾中马1.0XY版,安卓,game,https://yun.139.com/shareweb/#/w/i/2sUfCYuSpAbfp,,,,
,6-359My intimate love with the devil king,安卓,game,https://yun.139.com/shareweb/#/w/i/2sUfCcrut43cm,,,,
,6-360哥特妄想冷狐版,安卓,game,https://yun.139.com/shareweb/#/w/i/2sUfCSupRFo5h,,,,
,6-361正太空白版_1.0,安卓,game,https://yun.139.com/shareweb/#/w/i/2sUfCBthBTme9,,,,
,6-362姉と妹の忄生事情_1.0,安卓,game,https://yun.139.com/shareweb/#/w/i/2sUfCyt4fM1xj,,,,
,6-363谷欠望学院S3.3.6.1,安卓,game,https://yun.139.com/shareweb/#/w/i/2sUfCssBKots9,,,,
,6-364股市银狼_1.0.5,安卓,game,https://yun.139.com/shareweb/#/w/i/2sUfCfrHKtKha,,,,
,6-365妈妈老师：好瑟的家庭作业_1.2.3,安卓,game,https://yun.139.com/shareweb/#/w/i/2sUfCvsQZcTk1,,,,
,6-366Mother s Conditioning_1.0.0,安卓,game,https://yun.139.com/shareweb/#/w/i/2sUfCvsR1Et6c,,,,
,6-367妈妈和豪宅里的肉灯_1.0,安卓,game,https://yun.139.com/shareweb/#/w/i/2sUfCyt4ioq87,,,,
,6-368巴麻美学姐3,安卓,game,https://yun.139.com/shareweb/#/w/i/2sUfCvsQZdbio,,,,
,6-369精灵幻想曲(巴比伦汉化组),安卓,game,https://yun.139.com/shareweb/#/w/i/2sUfC6r2ZMPw4,,,,
,6-370忄不晕后宫派对冷狐版,安卓,game,https://yun.139.com/shareweb/#/w/i/2sUfCEtvUC8ta,,,,
,6-371noble☆works_青桔网制作,安卓,game,https://yun.139.com/shareweb/#/w/i/2sUfCyt4fMJvo,,,,
,6-372女友是班主任冷狐版,安卓,game,https://yun.139.com/shareweb/#/w/i/2sUfCEtvUCqxz,,,,
,6-373H宝可梦_1.0.0,安卓,game,https://yun.139.com/shareweb/#/w/i/2sUfDgwcPdemf,,,,
,6-374GALS!～自大辣妹的家庭教学开始了_1.0,安卓,game,https://yun.139.com/shareweb/#/w/i/2sUfD7vx7YE7q,,,,
,6-375美少女战士(兔酱)繁星_1.0,安卓,game,https://yun.139.com/shareweb/#/w/i/2sUfC6r2ZNw24,,,,
,6-376被威月办的母女_1.0,安卓,game,https://yun.139.com/shareweb/#/w/i/2sUfCyt4irgpv,,,,
,6-377奈的调jiao日记V1.2,安卓,game,https://yun.139.com/shareweb/#/w/i/2sUfCfrHKuYg5,,,,
,6-378被讨厌的人腐化的我后宫1.0XY版,安卓,game,https://yun.139.com/shareweb/#/w/i/2sUfDgwcPdZvc,,,,
,6-379诅咒铠甲2,安卓,game,https://yun.139.com/shareweb/#/w/i/2sUfCyt4irD3v,,,,
,6-380医院1.0XY版,安卓,game,https://yun.139.com/shareweb/#/w/i/2sUfCSupRJ2l0,,,,
,6-381魅魔高校-御光盟国汉化组_1.0,安卓,game,https://yun.139.com/shareweb/#/w/i/2sUfCyt4kHZae,,,,
,6-382氵?荡的罪 海阁0.4.1,安卓,game,https://yun.139.com/shareweb/#/w/i/2sUfCLtYnzdrp,,,,
,6-383融化勇敢的小猫们 海阁1.1,安卓,game,https://yun.139.com/shareweb/#/w/i/2sUfCEtvUDEt8,,,,
,6-384ImperialHarem_0.1,安卓,game,https://yun.139.com/shareweb/#/w/i/2sUfDdvZyPpsa,,,,
,6-385世界之卵_1.0,安卓,game,https://yun.139.com/shareweb/#/w/i/2sUfCLtYnzsum,,,,
,6-386外道勇者一行_1.0,安卓,game,https://yun.139.com/shareweb/#/w/i/2sUfCyt4is42h,,,,
,6-387航迹云的彼方冷狐版,安卓,game,https://yun.139.com/shareweb/#/w/i/2sUfCfrHKvRmn,,,,
,6-388异常状态少女 ~魔纹_禁书_寄生篇_1.0,安卓,game,https://yun.139.com/shareweb/#/w/i/2sUfD7vx7ZNp0,,,,
,6-389怪物导师 v0.1.1,安卓,game,https://yun.139.com/shareweb/#/w/i/2sUfCirWZuT76,,,,
,6-390女高中生的外出1.0,安卓,game,https://yun.139.com/shareweb/#/w/i/2sUfCvsQZeWgd,,,,
,6-391MWNeus_0.8,安卓,game,https://yun.139.com/shareweb/#/w/i/2sUfCVuDatF0a,,,,
,6-392Knightly Passions_1.03,安卓,game,https://yun.139.com/shareweb/#/w/i/2sUfCmsagdA1x,,,,
,6-393へんこい 変恋≒黒歴史_1.0,安卓,game,https://yun.139.com/shareweb/#/w/i/2sUfCmsagdU2p,,,,
,6-394白嫖券-巴图移植_1.0,安卓,game,https://yun.139.com/shareweb/#/w/i/2sUfCyt4itDtz,,,,
,6-395恶魔调酒师_1.0.0,安卓,game,https://yun.139.com/shareweb/#/w/i/2sUfCfrHKxcgy,,,,
,6-396邪女辰娼馆,安卓,game,https://yun.139.com/shareweb/#/w/i/2sUfD1v5FUgr3,,,,
,6-397战巫女禾惠花_1.0,安卓,game,https://yun.139.com/shareweb/#/w/i/2sUfBXqniUUpv,,,,
,6-398妈妈们的地下城2.0XY版,安卓,game,https://yun.139.com/shareweb/#/w/i/2sUfD7vx81sug,,,,
,6-399富家大小姐与角虫手的恩爱生活_1.0,安卓,game,https://yun.139.com/shareweb/#/w/i/2sUfCcruqXd18,,,,
,6-400忄不别人孩子3冷狐版,安卓,game,https://yun.139.com/shareweb/#/w/i/2sUfC6r2ZRAx2,,,,
,9-辣妹基地_1.06,未知,game,https://yun.139.com/shareweb/#/w/i/2sUfCyt4fQyik,,,,
,9-诺莉卡案件 第一季完结 Norika's Case,未知,game,https://yun.139.com/shareweb/#/w/i/2sUfCVuDavEgw,,,,
,10-Psycho Love Ver_1.3,未知,game,https://yun.139.com/shareweb/#/w/i/2sUfCSupWy78y,,,,
,10-TENTACLE VAN_,未知,game,https://yun.139.com/shareweb/#/w/i/2sUfCBthBYqjk,,,,
,10-かよちゃんとの特別補導_1.0,未知,game,https://yun.139.com/shareweb/#/w/i/2sUfDgwcR7U13,,,,
,10-吉原彼岸花,未知,game,https://yun.139.com/shareweb/#/w/i/2sUfCvsR1K69h,,,,
,10-教室指导濑南里绪,未知,game,https://yun.139.com/shareweb/#/w/i/2sUfCBthBZ0no,,,,
,10-莉莉涅与炼金术师1.0,未知,game,https://yun.139.com/shareweb/#/w/i/2sUfCyt4fRnls,,,,
,10-少女领域冷狐版,未知,game,https://yun.139.com/shareweb/#/w/i/2sUfCSupWz8go,,,,
,10-收留JK少女1.01,未知,game,https://yun.139.com/shareweb/#/w/i/2sUfBXqniX5s0,,,,
,10-我的扶她Futa家族0.15,未知,game,https://yun.139.com/shareweb/#/w/i/2sUfCvsR1LRej,,,,
,10-星路闪耀 Unto Starlight_0.1.9,未知,game,https://yun.139.com/shareweb/#/w/i/2sUfD1v5FXuxa,,,,
,10-幸福宅女_1.0,未知,game,https://yun.139.com/shareweb/#/w/i/2sUfC3qPL6rcz,,,,
,11-elenastory_1.0.0,未知,game,https://yun.139.com/shareweb/#/w/i/2sUfCyt4fTwmm,,,,
,11-KANADE,未知,game,https://yun.139.com/shareweb/#/w/i/2sUfCssBKwg4i,,,,
,11-第几次的初见_1.0,未知,game,https://yun.139.com/shareweb/#/w/i/2sUfD1v5FYrv4,,,,
,11-蝶之毒华之锁-幻想夜话,未知,game,https://yun.139.com/shareweb/#/w/i/2sUfD7vx85vxi,,,,
,11-蝶之毒华之锁-特别篇,未知,game,https://yun.139.com/shareweb/#/w/i/2sUfC6r2ZUR9p,,,,
,11-蝶之毒华之锁,未知,game,https://yun.139.com/shareweb/#/w/i/2sUfC6r2ZUYnt,,,,
,11-哥特少女,未知,game,https://yun.139.com/shareweb/#/w/i/2sUfDdvZyVZo1,,,,
,11-女王蜂的王房-辉夜篇_1.0,未知,game,https://yun.139.com/shareweb/#/w/i/2sUfD1v5FZQib,,,,
,11-女王蜂的王房-玛瑙篇_1.0,未知,game,https://yun.139.com/shareweb/#/w/i/2sUfCvsQZmVbm,,,,
,11-巧克甜恋3_1.6,未知,game,https://yun.139.com/shareweb/#/w/i/2sUfCSupRQ22y,,,,
,11-夏末白夜_1.0,未知,game,https://yun.139.com/shareweb/#/w/i/2sUfDgwcPmVtt,,,,
,11-小小的身影，重叠的内心_1.11,未知,game,https://yun.139.com/shareweb/#/w/i/2sUfCvsR1Pscl,,,,
,11-银之冠碧之泪 全cg,未知,game,https://yun.139.com/shareweb/#/w/i/2sUfCvsR1Pzxa,,,,
,播种压榨机,未知,game,https://yun.139.com/shareweb/#/w/i/2sUfCYuSpKqbb,,,,
,绯月仙行录V0.526A版 礼包码54188,未知,game,https://yun.139.com/shareweb/#/w/i/2sUfCmsagktri,,,,
,魅魔女王的阴谋世界1.0,未知,game,https://yun.139.com/shareweb/#/w/i/2sUfCSupWCrjt,,,,
,我和夏天的姐姐们-1.0,未知,game,https://yun.139.com/shareweb/#/w/i/2sUfCEtvUM784,,,,
,在和妹妹亻故AI前出不去的房间1.0,未知,game,https://yun.139.com/shareweb/#/w/i/2sUfCPubBWw12,,,,
,1 TrueFacials_Pro_0.55,pc,game,https://yun.139.com/shareweb/#/w/i/2sUfCEtvUQ96i,,,,
,8 甜蜜女友3,pc,game,https://yun.139.com/shareweb/#/w/i/2sUfDgwcRfXw7,,,,
,9 银色遥远,pc,game,https://yun.139.com/shareweb/#/w/i/2sUfCyt4kUXu1,,,,
,10到21 寒蝉鸣泣之时系列,pc,game,https://yun.139.com/shareweb/#/w/i/2sUfCEtvUQSax,,,,
,22 友爱俱乐部,pc,game,https://yun.139.com/shareweb/#/w/i/2sUfCBthC7yn9,,,,
,23 乐园之扉,pc,game,https://yun.139.com/shareweb/#/w/i/2sUfCEtvUR3fp,,,,
,24 花子さんえっちぃ学園のおばけとエロ搾米青性活,pc,game,https://yun.139.com/shareweb/#/w/i/2sUfCmsaisJza,,,,
,25 同居女友,pc,game,https://yun.139.com/shareweb/#/w/i/2sUfCvsR1Uofz,,,,
,26 幼児公園レイプ幼女ろりぽて,pc,game,https://yun.139.com/shareweb/#/w/i/2sUfD7vx8c0z0,,,,
,27 邻居的妻子2 The Neighbor's Wife,pc,game,https://yun.139.com/shareweb/#/w/i/2sUfCBthC85sd,,,,
,28 魅惑氵?魔城 - ゆうわく氵?魔城,pc,game,https://yun.139.com/shareweb/#/w/i/2sUfCPubC00gq,,,,
,29 迷醉唇旅～总编为我退高烧,pc,game,https://yun.139.com/shareweb/#/w/i/2sUfCyt4iDwvi,,,,
,31 fallen_ 堕落 崭新世界1.0.5b,pc,game,https://yun.139.com/shareweb/#/w/i/2sUfBXqnj597s,,,,
,32 ntrman合集,pc,game,https://yun.139.com/shareweb/#/w/i/2sUfCfrHH9ag2,,,,
,33 蝶之毒华之锁,pc,game,https://yun.139.com/shareweb/#/w/i/2sUfCBthC8A9c,,,,
,34 银之冠碧之泪,pc,game,https://yun.139.com/shareweb/#/w/i/2sUfDgwcPs4tc,,,,
,35 【PC官中ADV】圣女又隶学园1,pc,game,https://yun.139.com/shareweb/#/w/i/2sUfCvsR1VA8d,,,,
,36 圣女又隶学园2,pc,game,https://yun.139.com/shareweb/#/w/i/2sUfC6r3018u0,,,,
,37 圣女又隶学园3,pc,game,https://yun.139.com/shareweb/#/w/i/2sUfCcrur6Qsu,,,,
,38 播种压榨机,pc,game,https://yun.139.com/shareweb/#/w/i/2sUfCBthC8Tm5,,,,
,39 濑南里绪,pc,game,https://yun.139.com/shareweb/#/w/i/2sUfCirWZH0l6,,,,
,40 理想のひきこもり生活 ～父娘イチャイチャ同棲～,pc,game,https://yun.139.com/shareweb/#/w/i/2sUfC3qPLeE1p,,,,
,41 魅魔女王的阴谋世界1.0,pc,game,https://yun.139.com/shareweb/#/w/i/2sUfCEtvUT1ix,,,,
,42 在和妹妹XX之前都出不去的房间1.0-PC,pc,game,https://yun.139.com/shareweb/#/w/i/2sUfDdvZz2V4k,,,,
,43 突袭厕所 トイレを襲撃,pc,game,https://yun.139.com/shareweb/#/w/i/2sUfCirWZHg6p,,,,
,44 ガルドマ －女子寮の管理人－ 三贤者汉化,pc,game,https://yun.139.com/shareweb/#/w/i/2sUfBXqnj6a1j,,,,
,45 ガルドマ-女子寮の管理人-After-三贤者汉化,pc,game,https://yun.139.com/shareweb/#/w/i/2sUfCEtvUTse5,,,,
,46 小恶魔的诱惑,pc,game,https://yun.139.com/shareweb/#/w/i/2sUfC3qPLfkn3,,,,
,47 氵?獄の放課後,pc,game,https://yun.139.com/shareweb/#/w/i/2sUfCfrHHau5q,,,,
,48 景之海的艾佩莉娅,pc,game,https://yun.139.com/shareweb/#/w/i/2sUfCYuSpRskc,,,,
,48 景之海的艾佩莉娅_20251201_003435,pc,game,https://yun.139.com/shareweb/#/w/i/2sUfCmsagsZ0v,,,,
,49 流景之海的艾佩理雅～卡萨布兰卡的骑士～,pc,game,https://yun.139.com/shareweb/#/w/i/2sUfCcrur7Qyo,,,,
,49 流景之海的艾佩理雅～卡萨布兰卡的骑士～_20251201_003435,pc,game,https://yun.139.com/shareweb/#/w/i/2sUfCYuSpRKyc,,,,
,50 Air,pc,game,https://yun.139.com/shareweb/#/w/i/2sUfCmsaivK3k,,,,
,51 亚里纱与魔典 V2.00 Alisa's Grimoire,pc,game,https://yun.139.com/shareweb/#/w/i/2sUfCPubC2Mdu,,,,
,52 【AVG】笨蛋情侣?甜蜜补给 - バカップル?サプリメント Bakappuru Supplement,pc,game,https://yun.139.com/shareweb/#/w/i/2sUfCVuDaHA00,,,,
,52 【AVG】笨蛋情侣?甜蜜补给 - バカップル?サプリメント Bakappuru Supplement_20251201_161626,pc,game,https://yun.139.com/shareweb/#/w/i/2sUfCirWZJpmq,,,,
,53 【PC】恋爱成双 瑠衣&宫子 mini小剧场,pc,game,https://yun.139.com/shareweb/#/w/i/2sUfCyt4iGoxn,,,,
,54 恋爱成双,pc,game,https://yun.139.com/shareweb/#/w/i/2sUfCfrHKNGtq,,,,
,55 恋爱弱者的青梅竹马少女和恋爱强者的女朋友,pc,game,https://yun.139.com/shareweb/#/w/i/2sUfCSupRXJls,,,,
,56 恋爱连线—想要传达的恋心 イモコネ—届けたい恋心,pc,game,https://yun.139.com/shareweb/#/w/i/2sUfCSupWLj7h,,,,
,57 厉鬼的恋爱指南 V1.1.1.6,pc,game,https://yun.139.com/shareweb/#/w/i/2sUfCcrur926u,,,,
,58 扭曲的恋爱模样 歪んだ恋愛模様+特典ストーリー,pc,game,https://yun.139.com/shareweb/#/w/i/2sUfCyt4g3Hrm,,,,
,59 恋爱派对 Koikatsu Party 1.0,pc,game,https://yun.139.com/shareweb/#/w/i/2sUfCmsaix2je,,,,
,60 恋爱活动 恋活2021整合版 Koikatu,pc,game,https://yun.139.com/shareweb/#/w/i/2sUfCSupWLG7c,,,,
,61 恋活2 Sunshine Ver1.1.4,pc,game,https://yun.139.com/shareweb/#/w/i/2sUfCvsQZxk86,,,,
,62 心爱的恋人被讨厌的朋友戴纟录帽子的事 - 愛する恋人を大嫌いな旧友に寝耳又られた件,pc,game,https://yun.139.com/shareweb/#/w/i/2sUfCcrur9tbz,,,,
,63 逐光柠檬协奏曲／追光：冰柠果乐／青柠星光·柠檬果酱／LimeLight Lemonade Jam／ライムライト?レモネードジャム,pc,game,https://yun.139.com/shareweb/#/w/i/2sUfC6r3044bn,,,,
,64 花之天使的夏日恋歌,pc,game,https://yun.139.com/shareweb/#/w/i/2sUfCvsR1Ygvd,,,,
,65 CLANNAD,pc,game,https://yun.139.com/shareweb/#/w/i/2sUfD1v5GbNdb,,,,
,66 【RPG】NTR是冒险的常见事 - NTRは冒険あるある,pc,game,https://yun.139.com/shareweb/#/w/i/2sUfCcrutmSjp,,,,
,67 Misao - 2024 HD Remaster v2.00,pc,game,https://yun.139.com/shareweb/#/w/i/2sUfC6r304Rjr,,,,
,68 NTR-可爱的学生们 - NTR-可愛い生徒たち v1.11,pc,game,https://yun.139.com/shareweb/#/w/i/2sUfCSupRZG4n,,,,
,69 堕落的兼职妻子 - 堕ちるパート妻（需转区）,pc,game,https://yun.139.com/shareweb/#/w/i/2sUfCirWZLirf,,,,
,70 久那土国记 - クナド国記,pc,game,https://yun.139.com/shareweb/#/w/i/2sUfCmsagvwh1,,,,
,71 女儿的堕落 ～父亲与女儿的疯狂孽缘～ - 娘くずし ～父と娘の狂縁～,pc,game,https://yun.139.com/shareweb/#/w/i/2sUfCmsagvF7q,,,,
,72 魔卡魅恋！零之编年史 magicha_trial,pc,game,https://yun.139.com/shareweb/#/w/i/2sUfCYuSpV7rj,,,,
,73 那些年、我玩过的校花英语老师 - あの年、私が遊んだ校花英語の先生 v1.18,pc,game,https://yun.139.com/shareweb/#/w/i/2sUfCvsR1ZA36,,,,
,74 奇妙的故事～关注主播理帆酱的瑟瑟直播通知~ - ～ おかしな物語～推しの配信者?りぽたんから届いた不自然な配信通知～,pc,game,https://yun.139.com/shareweb/#/w/i/2sUfCirWZLF3t,,,,
,75 生物机械少女的解亻本工房 - 生械娘の解亻本工房,pc,game,https://yun.139.com/shareweb/#/w/i/2sUfCvsQZyY1l,,,,
,76 バーチャル彼女VR コットン,pc,game,https://yun.139.com/shareweb/#/w/i/2sUfCfrHHfD96,,,,
,77 幽灵牛奶生活  Spooky Milk Life V0.67.7sea 汉化步兵版,pc,game,https://yun.139.com/shareweb/#/w/i/2sUfCLtYnUr3v,,,,
,78 CLANNAD被光守望着的坡道（CLANNAD 光見守る坂道で）,pc,game,https://yun.139.com/shareweb/#/w/i/2sUfD7vx8iLwu,,,,
,79 突然之间发现我已恋上你,pc,game,https://yun.139.com/shareweb/#/w/i/2sUfCLtYnUZoq,,,,
,80 スターライトBLUE_幼なじみで推しの娘が知らないうちに開発されていた,pc,game,https://yun.139.com/shareweb/#/w/i/2sUfCirWZNA1z,,,,
,81 虹彩都市,pc,game,https://yun.139.com/shareweb/#/w/i/2sUfCfrHKT03k,,,,
,82 花咲Workspring！（花咲ワークスプリング！）,pc,game,https://yun.139.com/shareweb/#/w/i/2sUfCPubC7tkh,,,,
,83 猫忍之心,pc,game,https://yun.139.com/shareweb/#/w/i/2sUfCfrHHh833,,,,
,84 猫忍之心2 猫忍えくすはーとSPIN! 2,pc,game,https://yun.139.com/shareweb/#/w/i/2sUfC3qPLmeua,,,,
,85 猫忍之心3,pc,game,https://yun.139.com/shareweb/#/w/i/2sUfCLtYnW6de,,,,
,86 射米青管理上手な小悪魔娘?,pc,game,https://yun.139.com/shareweb/#/w/i/2sUfCLtYnWEk0,,,,
,87 映入红瞳的世界,pc,game,https://yun.139.com/shareweb/#/w/i/2sUfCirWZPspf,,,,
,88 未来乡愁,pc,game,https://yun.139.com/shareweb/#/w/i/2sUfCssBKLTzy,,,,
,89 青鸟,pc,game,https://yun.139.com/shareweb/#/w/i/2sUfDdvZz95no,,,,
,90 恋姬无双,pc,game,https://yun.139.com/shareweb/#/w/i/2sUfDgwcPAvpn,,,,
,91 真?恋姬无双,pc,game,https://yun.139.com/shareweb/#/w/i/2sUfCBthCgrnu,,,,
,92 恋姬无双 萌将传,pc,game,https://yun.139.com/shareweb/#/w/i/2sUfCirWZPWoq,,,,
,93 戦国?恋姫Ｘ ～乙女絢爛☆戦国絵巻～,pc,game,https://yun.139.com/shareweb/#/w/i/2sUfCPubC8M5k,,,,
,94 戦国?恋姫EX 壱 ～奥州の独眼竜編～,pc,game,https://yun.139.com/shareweb/#/w/i/2sUfCSupS484d,,,,
,95 戦国?恋姫EX 弐 ～鬼の国、越前編～,pc,game,https://yun.139.com/shareweb/#/w/i/2sUfCmsagzcz3,,,,
,96 戦国?恋姫EX 参 ?毛利家の絆編?,pc,game,https://yun.139.com/shareweb/#/w/i/2sUfCVuDaQP2d,,,,
,97 真?恋姫?夢想-革命 劉旗の大望,pc,game,https://yun.139.com/shareweb/#/w/i/2sUfCvsQZD7si,,,,
,98 真?恋姫?夢想-革命 蒼天の覇王,pc,game,https://yun.139.com/shareweb/#/w/i/2sUfCyt4m5ehg,,,,
,99 真?恋姫?夢想-革命 孫呉の血脈,pc,game,https://yun.139.com/shareweb/#/w/i/2sUfCvsQZDnz2,,,,
,100 真?恋姫?英雄譚 1 ～乙女艶乱☆三国志演義［蜀］,pc,game,https://yun.139.com/shareweb/#/w/i/2sUfCSupWRJxi,,,,
,101 真?恋姫?英雄譚 2 ～乙女艶乱☆三国志演義［魏］,pc,game,https://yun.139.com/shareweb/#/w/i/2sUfD1v5Ghs54,,,,
,102 真?恋姫?英雄譚 3 ～乙女艶乱☆三国志演義［呉］,pc,game,https://yun.139.com/shareweb/#/w/i/2sUfCssBKPpz2,,,,
,103 真?恋姫?英雄譚 4 ～乙女耀乱☆三国志演義［呉］,pc,game,https://yun.139.com/shareweb/#/w/i/2sUfCvsQZDN6j,,,,
,104 爱姐妹IV,pc,game,https://yun.139.com/shareweb/#/w/i/2sUfCVuDaRVl1,,,,
,105 真?恋姫?英雄譚 5 ～乙女耀乱☆三国志演義［魏］,pc,game,https://yun.139.com/shareweb/#/w/i/2sUfCPubCawjp,,,,
,106 真?恋姬无双英雄谭PLUS,pc,game,https://yun.139.com/shareweb/#/w/i/2sUfCvsR24Cp1,,,,
,107 真?恋姬英雄谭外伝～白月の灯火～,pc,game,https://yun.139.com/shareweb/#/w/i/2sUfCvsR24Ko3,,,,
,108 魔导士小奏的扌夫女也地牢探险魔道士,pc,game,https://yun.139.com/shareweb/#/w/i/2sUfCPubCaUzu,,,,
,109 傻乎乎主播蔚来！ ぽんこつ生主ミライちゃん～えっちなコメント受付中～,pc,game,https://yun.139.com/shareweb/#/w/i/2sUfCssBKPNv0,,,,
,110 异世界缘交,pc,game,https://yun.139.com/shareweb/#/w/i/2sUfDzxy8R6cq,,,,
,111 少女骑士物语  ワルキューレロマンツェ,pc,game,https://yun.139.com/shareweb/#/w/i/2sUfDzxy8Rr64,,,,
,112 奏逃亡～魔法少女奏与教会 カナデエスケイプ ver.1.1.0,pc,game,https://yun.139.com/shareweb/#/w/i/2sUfDzxy8RNo4,,,,
,113 衤皮困在无法出去的房间里，所以继续做更秦秘的事情,pc,game,https://yun.139.com/shareweb/#/w/i/2sUfEDCfrpBxh,,,,
,114 此隹小鬼义妹?一败涂地的讠秀惑生活,pc,game,https://yun.139.com/shareweb/#/w/i/2sUfCSupJAc2e,,,,
,115 红楼梦：林黛玉与北静王,pc,game,https://yun.139.com/shareweb/#/w/i/2sUfCEtvP0Ne1,,,,
,116 病娇可爱 虐系陷阱地牢 Kawaii-RyonaTrapDungeon,pc,game,https://yun.139.com/shareweb/#/w/i/2sUfCssBBLv1e,,,,
,117 终焉之莉莉丝：骑士的救赎 - ENDER LILIES：Quietus of the Knights v1.1.6,pc,game,https://yun.139.com/shareweb/#/w/i/2sUfEUDntwbgr,,,,
,118 双人生活／#ふたりぐらしv1.312,pc,game,https://yun.139.com/shareweb/#/w/i/2sUfCssBBLKh0,,,,
,119 NOeSIS01－诉说谎言的记忆之物语,pc,game,https://yun.139.com/shareweb/#/w/i/2sUfCSupJAFfh,,,,
,120 NOeSIS02～羽化～／ノエシス～うか～,pc,game,https://yun.139.com/shareweb/#/w/i/2sUfCEtvP1x75,,,,
,121 NOeSIS03～轻歌之影的戏曲～／NOeSIS～歌う影の戯曲～,pc,game,https://yun.139.com/shareweb/#/w/i/2sUfEUDntwJ0a,,,,
,122 我爱上了你的冒牌货／キミのニセモノに恋をする,pc,game,https://yun.139.com/shareweb/#/w/i/2sUfCSupJB5tw,,,,
,123 想要把心脏献给你／キミに心臓をあげたい,pc,game,https://yun.139.com/shareweb/#/w/i/2sUfCEtvP1Uey,,,,
,124 只有我知道／ボクだけがしっている,pc,game,https://yun.139.com/shareweb/#/w/i/2sUfDqwTtgCn6,,,,
,125 NTR教室~转校生太嚣张了 - NTR教室～ヤリチン転校生は僕の彼女(幼なじみ)をオナホコレクションに加えたい～,pc,game,https://yun.139.com/shareweb/#/w/i/2sUfEhAG1twea,,,,
,126 AI汉化 ラブピカルポッピー！-缘起甜韵趣恋丛生,pc,game,https://yun.139.com/shareweb/#/w/i/2sUfEDCfrrzpo,,,,
,127 航迹云的彼方-ひこうき雲の向こう側,pc,game,https://yun.139.com/shareweb/#/w/i/2sUfCPubrWKiu,,,,
,128 步兵 幸福噩梦／ハピメア／Hapymaher,pc,game,https://yun.139.com/shareweb/#/w/i/2sUfDzxy8TEl9,,,,
,130 世界之卵～梦幻的白百合～ - 世界の卵～夢幻のリーリウム～,pc,game,https://yun.139.com/shareweb/#/w/i/2sUfD7vx34K5n,,,,
,131 Teaching Feeling -傷肌少女との生活-（女又隶少女希尔薇）v4.0.6 精翻汉化版,pc,game,https://yun.139.com/shareweb/#/w/i/2sUfDqwTthpsu,,,,
,132 家有妹妹 - 家の妹,pc,game,https://yun.139.com/shareweb/#/w/i/2sUfDzxy8Ue1x,,,,
,133 最喜欢哥哥了,pc,game,https://yun.139.com/shareweb/#/w/i/2sUfEhAG1ur33,,,,
,134 今日，我的女友被最卑劣的无耻混蛋玷污了,pc,game,https://yun.139.com/shareweb/#/w/i/2sUfEUDntyDwl,,,,
,135 絶対女帝都市,pc,game,https://yun.139.com/shareweb/#/w/i/2sUfEhAG1uLsu,,,,
,136 你的牛子,pc,game,https://yun.139.com/shareweb/#/w/i/2sUfDCxMihcjo,,,,
,137 蓬蓬妹～小狗妹妹的宠物愿望～ - ぽこぽこ妹～犬妹ペット願望～（需转区）,pc,game,https://yun.139.com/shareweb/#/w/i/2sUfDCxMihovw,,,,
,138 若妻万华镜+在丈夫面前被琴扌?  若妻万華鏡+夫の前で扌?されて,pc,game,https://yun.139.com/shareweb/#/w/i/2sUfEDCfrtA42,,,,
,139 身体互换！无辜少女将会变得H无比,pc,game,https://yun.139.com/shareweb/#/w/i/2sUfDCxMiim23,,,,
,140 神明大人请选择我吧！ 老师你穿女装很合适呢！ - 神様ちゅ～ず！ センセー女の子似合ってるよっ！,pc,game,https://yun.139.com/shareweb/#/w/i/2sUfCssBBQaa2,,,,
,141 实习生谷欠求不满？,pc,game,https://yun.139.com/shareweb/#/w/i/2sUfDqwTtjakc,,,,
,142 我的妹妹是清纯碧池 ~对父母保密的忄生生活,pc,game,https://yun.139.com/shareweb/#/w/i/2sUfCssBBRivo,,,,
,143 无限炼女干,pc,game,https://yun.139.com/shareweb/#/w/i/2sUfEhAG1wSln,,,,
,145 小狗新女良～欢迎光临尾巴摇摇,pc,game,https://yun.139.com/shareweb/#/w/i/2sUfEhAG1xar6,,,,
,146 小迷糊好想被捉弄！ - メカクレちゃんはイジられたいっ！,pc,game,https://yun.139.com/shareweb/#/w/i/2sUfDQyF8PTjt,,,,
,147 神嫁～我的甜心女神！,pc,game,https://yun.139.com/shareweb/#/w/i/2sUfCEtvP5Spf,,,,
,148 诱惑自大洛丽塔,pc,game,https://yun.139.com/shareweb/#/w/i/2sUfDCxMimQuy,,,,
,149 爱欲姐妹洛丽塔,pc,game,https://yun.139.com/shareweb/#/w/i/2sUfEUDntBnvf,,,,
,150 同居恋人洛丽塔,pc,game,https://yun.139.com/shareweb/#/w/i/2sUfEbAezGtke,,,,
,151 每日亲口勿洛丽塔,pc,game,https://yun.139.com/shareweb/#/w/i/2sUfDqwTtmxnc,,,,
,152 双子洛丽塔后宫,pc,game,https://yun.139.com/shareweb/#/w/i/2sUfCssBBSJcf,,,,
,153 与你拉钩起誓的婚约,pc,game,https://yun.139.com/shareweb/#/w/i/2sUfEUDntBM3w,,,,
,154 与小萝莉相思相爱,pc,game,https://yun.139.com/shareweb/#/w/i/2sUfDqwTtmXkp,,,,
,155 与小萝莉相思相爱的生活,pc,game,https://yun.139.com/shareweb/#/w/i/2sUfCssBBTo02,,,,
,156 堕落皇家圣处女,pc,game,https://yun.139.com/shareweb/#/w/i/2sUfDqwTtn6y7,,,,
,157 搞土不恋妻,pc,game,https://yun.139.com/shareweb/#/w/i/2sUfDqwTtnkbh,,,,
,158 孤独少女的百合物语,pc,game,https://yun.139.com/shareweb/#/w/i/2sUfDQyF8Rfp3,,,,
,159 与幼驯染的十年之夏,pc,game,https://yun.139.com/shareweb/#/w/i/2sUfCssBBTGg6,,,,
,160 治愈男忄生的机器人,pc,game,https://yun.139.com/shareweb/#/w/i/2sUfCssBBTUm6,,,,
,161 狐娘的农场,pc,game,https://yun.139.com/shareweb/#/w/i/2sUfEbAezHxx9,,,,
,162 imouto_okuchi,pc,game,https://yun.139.com/shareweb/#/w/i/2sUfDqwTtnV3e,,,,
,163 【同人】败犬女主太多了！／負けヒロインが多すぎる！V1.1.0,pc,game,https://yun.139.com/shareweb/#/w/i/2sUfCssBBUbxl,,,,
,164 孕于神意 WHISPERS OF GODDESS,pc,game,https://yun.139.com/shareweb/#/w/i/2sUfEhAG1zguf,,,,
,165 Fairy Biograph 1,pc,game,https://yun.139.com/shareweb/#/w/i/2sUfCSupJJrr2,,,,
,166 Fairy Biograph 2,pc,game,https://yun.139.com/shareweb/#/w/i/2sUfDQyF8S8u7,,,,
,167 Fairy Biograph 3,pc,game,https://yun.139.com/shareweb/#/w/i/2sUfEUDntDwcr,,,,
,168 Fairy Biograph 4,pc,game,https://yun.139.com/shareweb/#/w/i/2sUfDQyF8Sp10,,,,
,169 Fairy Biograph 5,pc,game,https://yun.139.com/shareweb/#/w/i/2sUfEDCfryXls,,,,
,170 Fairy Biograph 6,pc,game,https://yun.139.com/shareweb/#/w/i/2sUfEDCfrz67d,,,,
,171 かつて勇者だった妻達へ,pc,game,https://yun.139.com/shareweb/#/w/i/2sUfCPubs4kx1,,,,
,172 花吻在上1 亲吻那片花瓣,pc,game,https://yun.139.com/shareweb/#/w/i/2sUfEbAezJkjx,,,,
,173 花吻在上2 亲吻那片花瓣 ～我的王子大人～,pc,game,https://yun.139.com/shareweb/#/w/i/2sUfEUDntE70c,,,,
,174 花吻在上3 亲吻那片花瓣 ～恋人的羁绊～,pc,game,https://yun.139.com/shareweb/#/w/i/2sUfEhAG1A33x,,,,
,175 花吻在上4 亲吻那片花瓣 ～珍爱的相片～,pc,game,https://yun.139.com/shareweb/#/w/i/2sUfDQyF8Ti3p,,,,
,176 花吻在上5 亲吻那片花瓣 ～爱上你的幸福～,pc,game,https://yun.139.com/shareweb/#/w/i/2sUfD7vx3bg7x,,,,
,177 花吻在上6 亲吻那片花瓣 呢喃的双唇,pc,game,https://yun.139.com/shareweb/#/w/i/2sUfEbAezJFi1,,,,
,178 花吻在上7 亲吻那片花瓣 甜蜜相思的融化之吻,pc,game,https://yun.139.com/shareweb/#/w/i/2sUfDQyF8Tz29,,,,
,179 花吻在上8 亲吻那片花瓣 天使的吻痕,pc,game,https://yun.139.com/shareweb/#/w/i/2sUfEUDntEH8z,,,,
,180 花吻在上9 亲吻那片花瓣 甜蜜成熟的融化之吻,pc,game,https://yun.139.com/shareweb/#/w/i/2sUfDqwTtpbhe,,,,
,181 花吻在上10 亲吻那片花瓣 莉莉·白金！,pc,game,https://yun.139.com/shareweb/#/w/i/2sUfD7vx3bT4k,,,,
,182 花吻在上11 亲吻那片花瓣 米卡艾尔的少女们,pc,game,https://yun.139.com/shareweb/#/w/i/2sUfCssBBVuj0,,,,
,183 花吻在上12 亲吻那片花瓣 画室的恋人们,pc,game,https://yun.139.com/shareweb/#/w/i/2sUfEhAG1ACnk,,,,
,184 花吻在上13 亲吻那片花瓣 天使的憧憬,pc,game,https://yun.139.com/shareweb/#/w/i/2sUfDQyF8U3q6,,,,
,185 花吻在上14 亲吻那片花瓣 天使们的春恋,pc,game,https://yun.139.com/shareweb/#/w/i/2sUfDQyF8Ubdw,,,,
,186 花吻在上15 亲吻那片花瓣 白雪的骑士,pc,game,https://yun.139.com/shareweb/#/w/i/2sUfEUDntFtdv,,,,
,187 花吻在上16 亲吻那片花瓣 天使们的约定,pc,game,https://yun.139.com/shareweb/#/w/i/2sUfCssBBWd8r,,,,
,188 花吻在上17 亲吻那片花瓣 与你誓约的爱,pc,game,https://yun.139.com/shareweb/#/w/i/2sUfCssBBWp14,,,,
,189 花吻在上18 亲吻那片花瓣 新世代,pc,game,https://yun.139.com/shareweb/#/w/i/2sUfEUDntFX8l,,,,
,190 花吻在上19 亲吻那片花瓣 革命！ 莉奈与渚,pc,game,https://yun.139.com/shareweb/#/w/i/2sUfCPubs5Rzt,,,,
,191 花吻在上20 亲吻那片花瓣 从初次相遇那天,pc,game,https://yun.139.com/shareweb/#/w/i/2sUfEhAG1C5l4,,,,
,192 花吻在上8.5 番外1 亲吻那片花瓣 花瓣！／はなひらっ！,pc,game,https://yun.139.com/shareweb/#/w/i/2sUfBXqnjs6al,,,,
,193 花吻在上18 番外2 亲吻那片花瓣——相遇时的回忆,pc,game,https://yun.139.com/shareweb/#/w/i/2sUfC6r30nvon,,,,
,194 花吻在上20 亲吻那片花瓣 番外3 悠铃铃～百合式自行车瘦身计划,pc,game,https://yun.139.com/shareweb/#/w/i/2sUfC6r30nHzj,,,,
,196 情归故里,pc,game,https://yun.139.com/shareweb/#/w/i/2sUfDgwcRFdq8,,,,
,197 与离家出走少女相伴。～与消极废宅女高中生的甜蜜同居生活～,pc,game,https://yun.139.com/shareweb/#/w/i/2sUfCVuDb6q24,,,,
,198 姉ちゃんのススメ ～お姉ちゃんのイタズラ忄生生活～,pc,game,https://yun.139.com/shareweb/#/w/i/2sUfBXqnjt4g7,,,,
,199 娇蛮任性 WAGAMAMA HIGH SPEC OC,pc,game,https://yun.139.com/shareweb/#/w/i/2sUfCssBL2uv0,,,,
,200 日式动态解密ACT大小姐的迷宫探险,pc,game,https://yun.139.com/shareweb/#/w/i/2sUfCvsR2i77g,,,,
,201 日式像素SLG巫女除灵师,pc,game,https://yun.139.com/shareweb/#/w/i/2sUfC3qPLBJnu,,,,
,202 与青春期妹妹的30天,pc,game,https://yun.139.com/shareweb/#/w/i/2sUfCSupShP5y,,,,
,203 禁忌乐园0.134,pc,game,https://yun.139.com/shareweb/#/w/i/2sUfD7vx8zTnh,,,,
,204 奇妙少女幻想曲 Fictional Girls Fantasia ver.0.63.1,pc,game,https://yun.139.com/shareweb/#/w/i/2sUfCSupX7jj5,,,,
,205 調査室X -裏切りの影 狙われた乙女達-(製品版 ver1.01),pc,game,https://yun.139.com/shareweb/#/w/i/2sUfCVuDb7qto,,,,
,206 将异世界收入后宫无修版 Futanari's Sex World!,pc,game,https://yun.139.com/shareweb/#/w/i/2sUfCBthCxm2d,,,,
,207 生物技术员,pc,game,https://yun.139.com/shareweb/#/w/i/2sUfDgwcRH2zt,,,,
,208 忄青谷欠效应  Lust Effect【简+繁】,pc,game,https://yun.139.com/shareweb/#/w/i/2sUfCvsR2jad0,,,,
,209 忄生转魔王敌不过勇者,pc,game,https://yun.139.com/shareweb/#/w/i/2sUfCVuDb7Y3o,,,,
,210 魔女的创造方法 魔女のつくりかた Ver1.0.1,pc,game,https://yun.139.com/shareweb/#/w/i/2sUfCmsaiU8pd,,,,
,211 谷欠望之轮 Pleasure Cruise,pc,game,https://yun.139.com/shareweb/#/w/i/2sUfCmsaiUg2o,,,,
,212 退魔巫女3D模拟,pc,game,https://yun.139.com/shareweb/#/w/i/2sUfCSupSkDxp,,,,
,213 随机满员电车,pc,game,https://yun.139.com/shareweb/#/w/i/2sUfD1v5GvDw9,,,,
,214 作弊猜拳,pc,game,https://yun.139.com/shareweb/#/w/i/2sUfCmsagQbc6,,,,
,215 皇女菲妮捆绑包无修版+全DLC,pc,game,https://yun.139.com/shareweb/#/w/i/2sUfD7vx8Btuz,,,,
,我的乌托邦女友 0.90.16,pc,game,https://yun.139.com/shareweb/#/w/i/2sUfDgwcRKG1m,,,,
,七日密室,安卓,game,https://yun.139.com/shareweb/#/w/i/2sUfErBmwfVxa,,,,
,七日密室,pc,game,https://yun.139.com/shareweb/#/w/i/2sUfDqwSKfmci,,,,
,【pc】Fallen / Brand New World,pc,game,https://yun.139.com/shareweb/#/w/i/2sUfDTyTVTn08,,,,
,甜蜜女友3,ios,game,https://yun.139.com/shareweb/#/w/i/2sUfDMyr47Lxt,,,,
,異次元の少子化対策、子無し妻強制種付け法施行,pc,game,https://yun.139.com/shareweb/#/w/i/2sUfE8A10Y4qk,,,,
,【switch】九人安息、.9 R.I.P.,switch,game,https://yun.139.com/shareweb/#/w/i/2sUfDQyEoSBeu,,,,
,heartcage、心笼,pc+joi+renpyreader,game,https://yun.139.com/shareweb/#/w/i/2sUfDQyEiRffk,,,,
,【安卓】零下30°的绝望,安卓,game,https://yun.139.com/shareweb/#/w/i/2sUfEeAsnue94,,,,
,【psp】Bloodycall,psp,game,https://yun.139.com/shareweb/#/w/i/2sUfExBNN3Dlv,,,,
,蛇香之夜,switch,game,https://yun.139.com/shareweb/#/w/i/2sUfEAC1VGNjv,,,,
,【pc+kr】LieF ?献给亲爱的你?,pc,game,https://yun.139.com/shareweb/#/w/i/2sUfFEGJn1Fh8,,,,
,【pc】LAMUNATION,pc,game,https://yun.139.com/shareweb/#/w/i/2sUfEeAs8RB0u,,,,
,【pc】印刻天际的Parallelogram,pc,game,https://yun.139.com/shareweb/#/w/i/2sUfEuBzsPCf8,,,,
,奴隶公司,安卓,game,https://yun.139.com/shareweb/#/w/i/2sUfErBmbmQjz,,,,
,奴隶公司,pc,game,https://yun.139.com/shareweb/#/w/i/2sUfDqwS6pNc3,,,,
,【pc+kr】等间隔的黑色透明,pc+kr,game,https://yun.139.com/shareweb/#/w/i/2sUfEbAdxC1by,,,,
,【pc】不/存在的逐梦者：银葱之森,pc,game,https://yun.139.com/shareweb/#/w/i/2sUfEXDAn1G13,,,,
,【pc】みんなの育乳アカデミー ?桃色おっぱい研修録?,pc,game,https://yun.139.com/shareweb/#/w/i/2sUfEeArSW78d,,,,
,【安卓】凤凰v16 官方中文版,安卓,game,https://yun.139.com/shareweb/#/w/i/2sUfEkAU0bPpa,,,,
,【pc+模拟器+RPGviewer】教学楼的大奶子和被鞭打的屁股,pc+aop+RPGviewer,game,https://yun.139.com/shareweb/#/w/i/2sUfE8A00kF0c,,,,
,【pc】一墙之隔的淫声浪语3 某一天 隔壁人妻的叫床声变成妻子的声音（官中）,pc,game,https://yun.139.com/shareweb/#/w/i/2sUfFmFnLBGzj,,,,
,【pc+aop+RPGviewer】诱拐契约 -ABDUCT CONTRACT-,pc+aop+RPGviewer,game,https://yun.139.com/shareweb/#/w/i/2sUfEKCFCVweb,,,,
,中国式相亲V2.0.5,pc,game,https://yun.139.com/shareweb/#/w/i/2sUfEKCFp7sd2,,,,
,9nine1,kr,game,https://yun.139.com/shareweb/#/w/i/2sUfFEGJ3KF0u,,,,
,解体插入新书,ons,game,https://yun.139.com/shareweb/#/w/i/2sUfGQMSV9h0q,,,,
,【日乙】剑为君舞,switch,game,https://yun.139.com/shareweb/#/w/i/2sUfGQMSVaHvs,,,,
,【日乙】小红帽与迷失森林,pc,game,https://yun.139.com/shareweb/#/w/i/2sUfFvG34hVu6,,,,
,【日乙】终远的威尔修,switch,game,https://yun.139.com/shareweb/#/w/i/2sUfFLHaobSnh,,,,
,【kr】初彼エッチ,pc,game,https://yun.139.com/shareweb/#/w/i/2sUfG1Jhxihpt,,,,
,Rewrite 罚抄 改写,pc,game,https://yun.139.com/shareweb/#/w/i/2sUfHkQ6Xa7t9,,,,
,特工17_v26.4,安卓,game,https://yun.139.com/shareweb/#/w/i/2sUfFpFAgD39l,,,,
,【安卓+spark】特工17_v26.6-非作弊,安卓+spark,game,https://yun.139.com/shareweb/#/w/i/2sUfFfEVoxtld,,,,
,【安卓】存在感薄弱的妹妹0.99,安卓,game,https://yun.139.com/shareweb/#/w/i/2sUfFvG2fUXjz,,,,
,特工17 v26.7,安卓+spark,game,https://yun.139.com/shareweb/#/w/i/2sUfGzLKo9Nn7,,,,
,【安卓】甜蜜女友,安卓,game,https://yun.139.com/shareweb/#/w/i/2sUfGFMbTchu4,,,,
,请成为最能干的VTuber吧！,pc,game,https://yun.139.com/shareweb/#/w/i/2sUfH5NZAb5a6,,,,
,【pc】【安卓+spark】野猫0.3,pc+安卓+spark,game,https://yun.139.com/shareweb/#/w/i/2sUfGnKQMHe0u,,,,
,【kr】GINKA,kr,game,https://yun.139.com/shareweb/#/w/i/2sUfJYXgmSh8n,,,,
,【switch】本所的七大不可思议,switch,game,https://yun.139.com/shareweb/#/w/i/2sUfHbPqxKPar,,,,
,【pc+joi+spark】跨界0.4,pc+joi+spark,game,https://yun.139.com/shareweb/#/w/i/2sUfHkQ6cUK4k,,,,
,特工17v0.26.9 原版+金币修改版（千秋社区改）,安卓+spark,game,https://yun.139.com/shareweb/#/w/i/2sUfKN0RwGj3u,,,,
,【安卓】和女神一起被隔离v1.0 汉化版+乱伦补丁,安卓,game,https://yun.139.com/shareweb/#/w/i/2sUfHePDaj21l,,,,
,【pc】存在感薄弱的妹妹0.99,pc,game,https://yun.139.com/shareweb/#/w/i/2sUfGZNw1wozb,,,,
,【安卓】邂逅朝雾残存的烟草香与破晓的你,安卓,game,https://yun.139.com/shareweb/#/w/i/2sUfHDRrifSur,,,,
,【pc】甜蜜夏日：完美版(AMANATSU ~Perfect Edition~)v1.0.2中文免安装硬盘版,pc,game,https://yun.139.com/shareweb/#/w/i/2sUfHGREgpNy9,,,,
,【pc】DRACU-RIOT官中高清重置,pc,game,https://yun.139.com/shareweb/#/w/i/2sUfJ6TrGhh5k,,,,
,特工17v0.26.10 官方中文版,安卓+spark,game,https://yun.139.com/shareweb/#/w/i/2tyand2A7rui0,,,,
,【pc】本阵杀人事件中文汉化版,pc,game,https://yun.139.com/shareweb/#/w/i/2tyanW5JDdaex,,,,
,【pc】devastate,pc,game,https://yun.139.com/shareweb/#/w/i/2tyaoK9iHm00s,,,,
,【pc】贽之匣庭_简中全cg,pc,game,https://yun.139.com/sharewap/#/m/i?2tyavBEw269l6,,,,
,【安卓】锈湖：天堂岛v3.0.9[完整版]Steam移植,安卓,game,https://yun.139.com/shareweb/#/w/i/2tyawgHqxkSey,,,,
,【pc+joi+aop+rpgviewer】蛇之交响曲,pc+joi+aop+rpgviewer,game,https://yun.139.com/shareweb/#/w/i/2tyapPe0Meitw,,,,
,【pc+joi+spark】后宫酒店0.2作弊码：truestory,pc+joi+spark,game,https://yun.139.com/shareweb/#/w/i/2tyaq1eUFxCy5,,,,
,【安卓】一生一次,安卓,game,https://yun.139.com/shareweb/#/w/i/2tyaoK9ifAn6f,,,,
,【pc】想成为职业coser（官中步兵）v1.0.10,pc,game,https://yun.139.com/shareweb/#/w/i/2tyawTL70uUjn,,,,
,【pc】末世孤雄：遍地丧尸世界里唯我不被袭击（官中步兵）,pc,game,https://yun.139.com/shareweb/#/w/i/2tyaw7GKSmGzl,,,,
,【pc】痴情哥哥和病弱妹妹的乡间生活,pc,game,https://yun.139.com/shareweb/#/w/i/2tyapEdjqEYkm,,,,
,【pc】魔界少女与奴隶召唤术,pc,game,https://yun.139.com/shareweb/#/w/i/2tyapPe0sgF86,,,,
,【pc】通勤电车、被偷拍的少女,pc,game,https://yun.139.com/shareweb/#/w/i/2tyaq7fmffpvz,,,,
,【switch】奥兹国安魂曲本体+补丁,switch,game,https://yun.139.com/shareweb/#/w/i/2tyapLdMbp68f,,,,
,【pc】文字化化-简中汉化,pc,game,https://yun.139.com/shareweb/#/w/i/2tyapBd67Dou1,,,,
,eden*,ons,game,https://yun.139.com/shareweb/#/w/i/2tQE9TvYoF5au,,,,
,【pc+joi+RPGviewer】【安卓】幸福宅女的养成方法v2.1.1+DLC v1.5,pc+joi+rpgviewer、安卓,game,https://yun.139.com/shareweb/#/w/i/2tZwo9A8DbJ4v,,,,
,【pc+盖世】天使不在的12月,pc+盖世,game,https://yun.139.com/shareweb/#/w/i/2uh901EH1sAgo,,,,
,【安卓+renpyreader】破碎梦想之城,安卓+renpyreader,game,https://yun.139.com/shareweb/#/w/i/2uh8YNzjyAmlr,,,,
,【安卓+renpyreader】我爱家人,安卓+renpyreader,game,https://yun.139.com/shareweb/#/w/i/2uh8ZvCsN043d,,,,
,【安卓】末日的故事,安卓,game,https://yun.139.com/shareweb/#/w/i/2uh92ESkP62w3,,,,
,【安卓】我的学院生活,安卓,game,https://yun.139.com/shareweb/#/w/i/2uh8ZBCVimBew,,,,
,【pc】泰拉瑞亚,pc,game,https://yun.139.com/shareweb/#/w/i/2uh8YAyqpUMzy,,,,
,【安卓】麦克斯的幸福生活,安卓,game,https://yun.139.com/shareweb/#/w/i/2uh8YRzxRrDl0,,,,
,【安卓】极度异常0.9.5,安卓,game,https://yun.139.com/shareweb/#/w/i/2uh8Z6AF5kodr,,,,
,【安卓】绣湖-旅馆,安卓,game,https://yun.139.com/shareweb/#/w/i/2uh92PT1rXUk6,,,,
,【安卓】绣湖-根源,安卓,game,https://yun.139.com/shareweb/#/w/i/2uh92BS7wR9tp,,,,
,【kr】离开的人们,kr,game,https://yun.139.com/shareweb/#/w/i/2uh92vRF3BJf7,,,,
,【pc+aop+joi+RPGviewer】谪仙索欢录,pc+aop+joi+RPGviewer,game,https://yun.139.com/shareweb/#/w/i/2uh8YxycaJ5bc,,,,
,【pc】九届之上0.3,pc,game,https://yun.139.com/shareweb/#/w/i/2uh8YRzxTW195,,,,
,【pc】爱丽丝的摇篮0.29g,pc,game,https://yun.139.com/shareweb/#/w/i/2uh92yRUhSKlw,,,,
,【pc+joi+rpgviewer】我和龙女妈妈的玄幻之旅v0.322 赞助版,pc+joi+rpgviewer,game,https://yun.139.com/shareweb/#/w/i/2uh92yRUhURkd,,,,
,哪怕就一次也好，让我上吧!,windows,SLG,https://yun.139.com/shareweb/#/w/i/2ur4Xx8CdoH1g,,,,
,"不知道第几次初
次见面了",安卓直装,galgame,https://yun.139.com/shareweb/#/w/i/2ur4Xx8Cd6Fg7,,,,
,触手的炼金工房,windows,SLG,https://yun.139.com/shareweb/#/w/i/2ur4ZMitzAkx7,,,,
,最后幸存者的后宫,windows,SLG,https://yun.139.com/shareweb/#/w/i/2ur51LscGns79,,,,
,女神异闻录4理世外传,安卓直装,SLG,https://yun.139.com/shareweb/#/w/i/2ur505jPUe0o6,,,,
,男友在线的学妹P友模拟器 搞亚文化的女孩小夏,安卓直装,SLG,https://yun.139.com/shareweb/#/w/i/2ur51ErLtx8ty,,,,
,恶魔女王的诱惑,安卓直装,SLG,https://yun.139.com/shareweb/#/w/i/2ur4XXapWYmcd,,,,
,库特wafter,PSP,galgame,https://yun.139.com/shareweb/#/w/i/2ur51yrj6JU2k,,,,
,火影崛起,安卓直装,SLG,https://yun.139.com/shareweb/#/w/i/2ur4ZafN7hgb7,,,,
,强行入住的辣妹后宫同居生活 ,windows,SLG,https://yun.139.com/shareweb/#/w/i/2ur4Xu8oVmZm0,,,,
,飞起来让你明白 ,windows,ACT,https://yun.139.com/shareweb/#/w/i/2ur4WQ5uat4en,,,,
,重生萝莉岛,全系列,galgame,https://yun.139.com/shareweb/#/w/i/2ur51sqSH96zd,,,,
,莉莉酱今晚也要户外露出,windows,SLG,https://yun.139.com/shareweb/#/w/i/2ur4Y9biTH7z9,,,,
,花舞少女,PSV,galgame,https://yun.139.com/shareweb/#/w/i/2ur4X26o6Cd0r,,,,
,涟漪0.9.1,安卓直装,SLG,https://yun.139.com/shareweb/#/w/i/2ur4YEdxZmK6c,,,,
,池袋星爱机器人女学园,windows,SLG,https://yun.139.com/shareweb/#/w/i/2ur4XG9hTqPch,,,,
,旅馆 酒馆与长戟,"安卓直装
",SLG,https://yun.139.com/shareweb/#/w/i/2ur51cpKwt4m6,,,,
,野猫,windows,SLG,https://yun.139.com/shareweb/#/w/i/2ur4WW5WE2Htw,,,,
,约会大作战,PSV,galgame,https://yun.139.com/shareweb/#/w/i/2ur51sqSLPZd6,,,,
,干物妹小埋,PSV,galgame,https://yun.139.com/shareweb/#/w/i/2ur4YfbLiCM0j,,,,
,伪恋出嫁,PSV,galgame,https://yun.139.com/shareweb/#/w/i/2ur4WT5Hsmnvc,,,,
,樱之刻,安卓直装,galgame,https://yun.139.com/shareweb/#/w/i/2ur4WZ69TUDlv,,,,
,再见援交娘,KR+安卓直装,galgame,https://yun.139.com/shareweb/#/w/i/2ur4XA8RtXmhl,,,,
,"巧克甜恋1
官中步兵",windows,galgame,https://yun.139.com/shareweb/#/w/i/2ur4XK9w97Wsm,,,,
,"シオンの血族-この不確かな世界と
天使たちの輪舞曲",windows,galgame,https://yun.139.com/shareweb/#/w/i/2ur4YHdMfuuii,,,,
,"To love
真正的公主
出包王女",PSV,galgame,https://yun.139.com/shareweb/#/w/i/2ur51fpYMmRat,,,,
,大地侠,windows,galgame,https://yun.139.com/shareweb/#/w/i/2ur51fpYMjLo8,,,,
,世界选举,windows,galgame,https://yun.139.com/shareweb/#/w/i/2ur4YscEbXaqf,,,,
,二次元老婆旅馆,"windows+安卓直装
",SLG,https://yun.139.com/shareweb/#/w/i/2ur4Xk7JgGGwu,,,,
,传说物语,windows,RPG,https://yun.139.com/shareweb/#/w/i/2ur4YfbLakywm,,,,
,"邻家的人妻-在丈夫身旁忘我地中
出SEX v1.0.6 官方中文步兵版",windows,SLG,https://yun.139.com/shareweb/#/w/i/2ur4XR9YpMYdi,,,,
,逃家少女~密梨与巧克力,windows,SLG,https://yun.139.com/shareweb/#/w/i/2ur51LscWy75e,,,,
,触手少女狩猎,windows,SLG,https://yun.139.com/shareweb/#/w/i/2ur4XG9hLGD6y,,,,
,对甘雨做点恶作剧,安卓直装,SLG,https://yun.139.com/shareweb/#/w/i/2ur51HrZHNCnm,,,,
,调皮主人与俏女仆,"mtool安卓+windows
",RPG,https://yun.139.com/shareweb/#/w/i/2ur4ZChNWti4j,,,,
,世间无知的猫 艾露莎,安卓直装,RPG,https://yun.139.com/shareweb/#/w/i/2ur4ZQiGPggpf,,,,
,甘音-与青梅竹马色色同居生活,windows,galgame,https://yun.139.com/shareweb/#/w/i/2ur4WZ69MAQ6a,,,,
,"能干的学妹小葵!~就此开启二人同居生活v1.05机翻步兵版+全CG回
想",windows,SLG,https://yun.139.com/shareweb/#/w/i/2ur4ZngFSZakr,,,,
,命运之风：回溯,安卓直装,SLG,https://yun.139.com/shareweb/#/w/i/2ur527tMaCAxl,,,,
,未闻花名,安卓直装,galgame,https://yun.139.com/shareweb/#/w/i/2ur51HrZnUqbo,,,,
,里垢露西亚,安卓直装,SLG,https://yun.139.com/shareweb/#/w/i/2ur4ZqgV1je94,,,,
,和存在感薄弱的妹妹一起简单生活v1.06,安卓直装,SLG,https://yun.139.com/shareweb/#/w/i/2ur4YSerDN5g5,,,,
,和文静的同学在厕所做爱,windows,SLG,https://yun.139.com/shareweb/#/w/i/2ur4ZngFLd5km,,,,
,女仆酱迷路了,KRKR,galgame,https://yun.139.com/shareweb/#/w/i/2ur502jAzK0jw,,,,
,"让雌小鬼原始人沉浸在未知的快乐中调教~在星知识为零的旧石器时代使
用大人用品~",安卓直装,SLG,https://yun.139.com/shareweb/#/w/i/2ur4YscDNcS6d,,,,
,猫娘乐园 世界连接,安卓直装,galgame,https://yun.139.com/shareweb/#/w/i/2ur4YVeENgsy4,,,,
,"从零开始的异世界生活
死或吻",PSV,galgame,https://yun.139.com/shareweb/#/w/i/2ur4ZwhmoNWv5,,,,
,甜蜜女友ss,安卓直装,galgame,https://yun.139.com/shareweb/#/w/i/2ur4ZChNQR7w8,,,,
,"触摸幻想 喜欢书的精灵的未知之夜
",windows,SLG,https://yun.139.com/shareweb/#/w/i/2ur50xmQEjFji,,,,
,与兽耳娘（强行） 玩野球拳& H模拟游戏!,"mtool安卓+windows
",SLG,https://yun.139.com/shareweb/#/w/i/2ur4YEdxwW0x4,,,,
,"遭了，秋千少女的自卫大作战
",安卓直装,SLG,https://yun.139.com/shareweb/#/w/i/2ur4YfbKKzVip,,,,
,魔法使之夜,安卓直装,galgame,https://yun.139.com/shareweb/#/w/i/2ur4ZafMFvs4i,,,,
,久那土国记,安卓直装,galgame,https://yun.139.com/shareweb/#/w/i/2ur4ZafMFppwx,,,,
,幸运草的约定,安卓直装,galgame,https://yun.139.com/shareweb/#/w/i/2ur502jAi6sow,,,,
,"若能与你再次相见
",安卓直装,galgame,https://yun.139.com/shareweb/#/w/i/2ur513p4zDRtz,,,,
,"森林物语~小小城镇的牧场生活
",windows,SLG,https://yun.139.com/shareweb/#/w/i/2ur508k2HTGdx,,,,
,无出口公寓,windows,SLG,https://yun.139.com/shareweb/#/w/i/2ur52MwFJxHid,,,,
,雌小鬼的乡下生活~大人们全部~都是又弱又菜的杂鱼,安卓直装,SLG,https://yun.139.com/shareweb/#/w/i/2ur4Zdg0Wxgx3,,,,
,牵紧我的手,"mtool安卓+windows
",SLG,https://yun.139.com/shareweb/#/w/i/2ur4XXaptRhq0,,,,
,"妹妹母亲 母性萝莉
",安卓直装,galgame,https://yun.139.com/shareweb/#/w/i/2ur4XN9JR6Eyg,,,,
,"与伪娘共度午夜
轮班",安卓直装,SLG,https://yun.139.com/shareweb/#/w/i/2ur50hkHrYy6n,,,,
,"与女仆咖啡店员的色色赌博
",windows,SLG,https://yun.139.com/shareweb/#/w/i/2ur52qv7a1n7l,,,,
,不要让魔女住在这家旅馆,windows,SLG,https://yun.139.com/shareweb/#/w/i/2ur4YPed7ZQq1,,,,
,妖狐的深夜特训 未来篇官方中文步兵版,windows,SLG,https://yun.139.com/shareweb/#/w/i/2ur52nuTVk39v,,,,
,"痴情哥哥与病弱妹妹的乡间生活
3D版",安卓直装,SLG,https://yun.139.com/shareweb/#/w/i/2ur4Xx8BRShee,,,,
,灵魂恋人,windows+直装,SLG,https://yun.139.com/shareweb/#/w/i/2ur50Dnh4hCjs,,,,
,"游戏开发部员全体游戏对决
",安卓直装,SLG,https://yun.139.com/shareweb/#/w/i/2ur4XD94gR8oa,,,,
,40日40夜之雨,安卓直装,galgame,https://yun.139.com/shareweb/#/w/i/2ur52zvN85a70,,,,
,"乐园之扉 
euphoria",安卓直装,galgame,https://yun.139.com/shareweb/#/w/i/2ur50rmoaV70c,,,,
,"Re：birth colony -Lost azur
ite-",windows,galgame,https://yun.139.com/shareweb/#/w/i/2ur4YEdxBw2qk,,,,
,妹妹脱衣对决,"windows+安卓直装
",SLG,https://yun.139.com/shareweb/#/w/i/2ur4Ycbwua25v,,,,
,少女战车究极战车道,PSV,galgame,https://yun.139.com/shareweb/#/w/i/2ur51SsDUgFfw,,,,
,MELFIAS-苍红界域,"mtool安卓+windows
",RPG,https://yun.139.com/shareweb/#/w/i/2ur4Zdg0NkZkj,,,,
,游戏王,PSP,galgame,https://yun.139.com/shareweb/#/w/i/2ur4Z4fk5jR3w,,,,
,天才麻将少女,PSP,galgame,https://yun.139.com/shareweb/#/w/i/2ur4YpcqhFYtp,,,,
,NTR直播 生日快乐,windows,SLG,https://yun.139.com/shareweb/#/w/i/2ur4Zjgsg9zl9,,,,
,腐败循环,"安卓直装+windows
",SLG,https://yun.139.com/shareweb/#/w/i/2ur519pw3wpfc,,,,
,生命的回报,安卓直装,SLG,https://yun.139.com/shareweb/#/w/i/2ur51PsqHygc3,,,,
,闪光的不死鸟,windows,SLG,https://yun.139.com/shareweb/#/w/i/2ur50umBfu5bn,,,,
,精灵忍者逃走中3D,windows,SLG,https://yun.139.com/shareweb/#/w/i/2ur51PsqH0tiq,,,,
,未来女友向我表达了问候,"安卓直装+windows
",galgame,https://yun.139.com/shareweb/#/w/i/2ur538yf8L0dq,,,,
,乱交骰子 美女母女与骰子的归宿,windows,SLG,https://yun.139.com/shareweb/#/w/i/2ur50RoaK2Lr8,,,,
,东京喰种,PSV,galgame,https://yun.139.com/shareweb/#/w/i/2ur4ZTiVCm3uv,,,,
,雷影回忆,windows,SLG,https://yun.139.com/shareweb/#/w/i/2ur53rzAtLBfu,,,,
,主人，请让塞拉为您献上如梦幻般甜蜜恩爱的侍奉吧,pc、安卓,game,https://yun.139.com/shareweb/#/w/i/2ur4YLdZLqM0h,,,,
,离开的人们,安卓直装,galgame,https://yun.139.com/shareweb/#/w/i/2ur535y1RbB5s,,,,
,与女仆机器人的榨精生活,PC,SLG,https://yun.139.com/shareweb/#/w/i/2ur4Zzhzg3kn5,,,,
,anemoi完整版+翻译补丁,PC,galgame,https://yun.139.com/shareweb/#/w/i/2ur532xNABza1,,,,
,边台的兔头巾,PC,SLG,https://yun.139.com/shareweb/#/w/i/2ur4YSer8Ph9l,,,,
,我的暑假露出性活,PC,SLG,https://yun.139.com/shareweb/#/w/i/2ur508k2zSN9q,,,,
,anemoi正式版,PC,galgame,https://yun.139.com/shareweb/#/w/i/2uETYLnmmtYdg,,,,
,力量合法的猎艳之旅内嵌汉化版,PC+安卓直装,SLG,https://yun.139.com/shareweb/#/w/i/2uETLorYEriub,,,,
,和龙女妈妈的玄幻之旅官中步兵版,PC+mtool安卓,SLG,https://yun.139.com/shareweb/#/w/i/2uETLKtx8ZCco,,,,
,伊莉与索菲目标是王都的时尚教主v2.0.3 AI汉化版,PC+mtool安卓,SLG,https://yun.139.com/shareweb/#/w/i/2uETLDt5GR23u,,,,
,淫欲之罪v0.9.4,安卓直装+PC,SLG,https://yun.139.com/shareweb/#/w/i/2uETXRijywklr,,,,
,和存在感薄弱的妹妹一起简单v1.08,安卓直装,SLG,https://yun.139.com/shareweb/#/w/i/2uETNJCgnxSig,,,,
,哀鸿,PC,galgame,https://yun.139.com/shareweb/#/w/i/2uETMExyW3uav,,,,
,欠债捡到的jk少女,pc,game,https://yun.139.com/shareweb/#/w/i/2uR1qiAc7dB7t,,,,
,【pc】塞雷卡2,pc,game,https://yun.139.com/shareweb/#/w/i/2uETLAsSGb6bb,,,,
,【pc】姐姐的推荐,pc,game,https://yun.139.com/shareweb/#/w/i/2ur4YpcqvjHcr,,,,
,【安卓】我的宿舍,安卓,game,https://yun.139.com/shareweb/#/w/i/2ur4ZggehpWjy,,,,
,【安卓】牛奶触觉,安卓,game,https://yun.139.com/shareweb/#/w/i/2ur4YEdxGACew,,,,
,【pc】梦魇的道具屋,pc,game,https://yun.139.com/shareweb/#/w/i/2ur521tjAN9a0,,,,
,【pc】双天恋姬,pc,game,https://yun.139.com/shareweb/#/w/i/2ur4YEdxEuR5x,,,,
,【pc】河原崎家一族2,pc,game,https://yun.139.com/shareweb/#/w/i/2ur4Z1f7cGQ5e,,,,
,【pc+kr】咎狗之血,,game,https://yun.139.com/shareweb/#/w/i/2ur51cpKj8zyx,,,,
,【安卓】筹码迷情,安卓,game,https://yun.139.com/shareweb/#/w/i/2ur4ZChNKMpnh,,,,
,【安卓】贪欲回想,安卓,game,https://yun.139.com/shareweb/#/w/i/2ur4XK9vLTr7t,,,,
,【pc】Gunz prophet /枪神先知,pc,game,https://yun.139.com/shareweb/#/w/i/2ur4Z1f7cJEb7,,,,
,muv-luv、muv-luv alternative,pc,game,https://yun.139.com/shareweb/#/w/i/2uR1r1Dk9Wq9o,,,,
,聊斋：画皮鬼,pc,game,https://yun.139.com/shareweb/#/w/i/2uR1rzFP1eDcj,,,,
,绯月仙行录v1.285,pc+joi+rpgviewer,game,https://yun.139.com/shareweb/#/w/i/2uR1rnEUQQ94y,,,,
,素晴日,pc+ons,game,https://yun.139.com/shareweb/#/w/i/2uR1zFhnKFPs6,,,,
,我的乡村日常生活,安卓,game,https://yun.139.com/shareweb/#/w/i/2uR1zJhAZytdm,,,,
,锈湖：轮回的房间,安卓,game,https://yun.139.com/shareweb/#/w/i/2uR1A2iXkGY7z,,,,
,锈湖：四季,安卓,game,https://yun.139.com/shareweb/#/w/i/2uR1A5jaBWu7e,,,,
,直到叛逆的义妹堕落为止,pc,game,https://yun.139.com/shareweb/#/w/i/2uR1A8joSqf8v,,,,
,母上攻略1-5重制版,pc+kr,game,https://yun.139.com/shareweb/#/w/i/2uR1AbjC5UEh6,,,,
,锈湖：哈维的盒子,安卓,game,https://yun.139.com/shareweb/#/w/i/2uR1A5jaA3gse,,,,
,我的幸福人生v1.8,安卓,game,https://yun.139.com/shareweb/#/w/i/2uR1zMhQe8azi,,16620662,,
,虚实生活v1.6,安卓,game,https://yun.139.com/shareweb/#/w/i/2uR1rqF8ky40b,,,,
,H2O ～FOOTPRINTS IN THE SAND～,pc,game,https://yun.139.com/shareweb/#/w/i/2uR1qVCTF8ckv,,,,
,暴力学院魔法学校文化节特别节目,安卓,game,https://yun.139.com/shareweb/#/w/i/2uR1qSCEoQp59,,,,
,媚肉瘾馆,安卓,game,https://yun.139.com/shareweb/#/w/i/2uR1rdEedMnzy,,,,
,死宅天使家族,安卓,game,https://yun.139.com/shareweb/#/w/i/2uR1qPCr0K4zf,,,,
,女生宿舍-女子宿舍的管理员,pc,game,https://yun.139.com/shareweb/#/w/i/2v3Exx5cscMpi,,,,
,女生宿舍-女子宿舍的管理员-after,pc,game,https://yun.139.com/shareweb/#/w/i/2v3EDrwavAukg,,,,
,CLEARWORLD-透明世界-,Android ,Galgame,"https://yun.139.com/shareweb/#/w/i/2v3EyPaNmMJq5
",,,,
,飛べない蝶のバレンタイン,Android +pc,Galgame,"https://yun.139.com/shareweb/#/w/i/2v3Eyc86pKsnv
",,,,
,新炎孕2：吹弹！丰盈！波涛汹涌！超色情App学园！,安卓直装,galgame,https://yun.139.com/shareweb/#/w/i/2v3EAKjhr8Rtz,,,,
,新炎孕1：吹弹！丰盈！波涛汹涌！异世界魔法学园 !,安卓直装,galgame,https://yun.139.com/shareweb/#/w/i/2v3EANjvMC109,,,,
,职场的30天 30 Days of Work Steam官中步兵版+存档  ,PC,SLG,https://yun.139.com/shareweb/#/w/i/2v3EB0kpTNUc5,,,,
,姐妹X催眠 1＆2 动态版套装 姉妹X催眠 1＆2 MOTION EDITIONセット 官中版+全CG存档 ,PC,galgame,https://yun.139.com/shareweb/#/w/i/2v3EGkJVCBV0s,,,,
,薛定谔的电话,PC,galgame,https://yun.139.com/shareweb/#/w/i/2v3EAuiatS4tk,,,,
,莉莉与不可思议的色色迷宫 リリィちゃんと不思議でえっちなダンジョン 内嵌AI汉化版+全回想存档 ,PC,SLG,https://yun.139.com/shareweb/#/w/i/2v3EFdE05TXmr,,,,
,兔女郎与治愈服务 Bunny Girl & Healing Service v1.0.1 Steam官中步兵版,PC,SLG,https://yun.139.com/shareweb/#/w/i/2v3EAKjhXKzqh,,,,
,朝鲜之旅,安卓直装+PC+IOS直装 ,galgame,https://yun.139.com/shareweb/#/w/i/2v3EB3kDqFAj0,,,,
,棘罪修女-伊妮莎 ThornSin V0.7.5 官方中文步兵版,PC,SLG,https://yun.139.com/shareweb/#/w/i/2v3EGDLfWwzdx,,,,
,只要一次就好，让我和你做爱吧！ 一度だけでいいから、エッチさせて！v26.05.16 官中版+自带全回想,PC,SLG,https://yun.139.com/shareweb/#/w/i/2v3EFWH83wT4c,,,,
,Wild Cats野猫,PC+安卓直装,SLG,https://yun.139.com/shareweb/#/w/i/2ur4WW5WE2Htw,,,,
,禁闭乐园：堕罪之寓 Deadland: Fallen Apartment v1.7 官中步兵版+存档,PC,SLG,https://yun.139.com/shareweb/#/w/i/2v3EFnEEMdif3,,,,
,同一屋簷下，羽翼下的故事,安卓直装,galgame,https://yun.139.com/shareweb/#/w/i/2v3EB3kDxsr8g,,,,
,绯月仙行录 v1.291 Steam官中步兵版+全CG存档,PC+mtool安卓,RPG,https://yun.139.com/shareweb/#/w/i/2v3EEHBL5FMsf,,,,
,MTool PC安卓翻译启动工具【RPG游戏】,PC+安卓,工具,https://yun.139.com/shareweb/#/w/i/2v3EF4Djyhxv6,,,,
,Relirium-レリリウム- 遺跡と出逢いと冒険と ,PC,galgame,https://yun.139.com/shareweb/#/w/i/2v3EH0MQmAm1b,,,,
,星之恋！～与六位女主角共度欢乐酒馆的甜蜜恋爱RPG～ ,PC+mtool安卓,RPG,https://yun.139.com/shareweb/#/w/i/2v3EADiRUVxjo,,,,
,格林花园的少女,安卓直装,galgame,https://yun.139.com/shareweb/#/w/i/2v3EArhXNKjat,,,,
,谙世事的猫咪艾露莎 世間知らずの猫エルーシャ ver1.04 内嵌AI汉化版+全回想存档 ,安卓直装,SLG,https://yun.139.com/shareweb/#/w/i/2ur4ZQiGPggpf,,,,
,与兽人娘的山中H生活 AI汉化版 ,PC+mtool安卓,RPG,https://yun.139.com/shareweb/#/w/i/2v3EFdE0mhsip,,,,
,池袋性爱人偶女学园 池袋セクサロイド女学園 v26.03.31 正式版+全回想存档 ,PC,SLG,https://yun.139.com/shareweb/#/w/i/2ur4XG9hTqPch ,,,,
,与阿尔雅一起生活v0.39 AI汉化版 ,PC+安卓直装,SLG,https://yun.139.com/shareweb/#/w/i/2v3Ezze9Fj8s6,,,,
,"甜蜜女友【修复小春线】
全图片汉化",安卓直装,galgame,https://yun.139.com/shareweb/#/w/i/2v3EF1D6Aospf,,,,
,乡下钓钝吻鲑 田舎のドン釣り AI汉化版+全回想存档 ,PC,SLG,https://yun.139.com/shareweb/#/w/i/2v3EEBBiVqYhw,,,,
,鼓手余命十日谭,安卓直装,galgame,https://yun.139.com/shareweb/#/w/i/2v3Eyy9ESSZqc,,,,
,如胶似漆双胞胎！／我可爱的双子妹妹！我的妹妹们总是特别粘人,安卓直装,galgame,https://yun.139.com/shareweb/#/w/i/2v3EyYbsW1Xim,,,,
,TrymenT ―献给渴望改变的你― ,安卓直装,galgame,https://yun.139.com/shareweb/#/w/i/2v3EzwdWFpZ2e,,,,
,在结束的钟声敲响前 Chapter.3,安卓直装,galgame,https://yun.139.com/shareweb/#/w/i/2v3EyPaN2HXjr,,,,
,错位兄妹的崩坏伦理观,安卓直装,galgame,https://yun.139.com/shareweb/#/w/i/2v3Eyy9EPdCqw,,,,
,创作少女的恋爱公式,安卓直装,galgame,https://yun.139.com/shareweb/#/w/i/2v3EzgcPvwCci,,,,
,樱花不会绽放,安卓直装,galgame,https://yun.139.com/shareweb/#/w/i/2v3EESCqZv5hc,,,,
,租借女友NTR V 0.5官中步兵版,PC+mtool安卓,SLG,https://yun.139.com/shareweb/#/w/i/2v3EyPaNeHal0,,,,
,"哥哥，继续哦!和由宇甜蜜恋爱
本篇+FD","PC+安卓直装+ios
+switch+tyranor",Galgame,https://yun.139.com/shareweb/#/w/i/2v3EyLaz3ufft,,,,
,请多关照！四古老师！ ケアして！ 四古先生！ AI汉化版+自带全回想,PC,SLG,https://yun.139.com/shareweb/#/w/i/2v3EDGxhfSBzz,,,,
,命运新娘 – 高潮觉醒的仪式 – FORTUNE BRIDE – 絶頂開眼の儀式 – 内嵌AI汉化版,PC,SLG,https://yun.139.com/shareweb/#/w/i/2v3EyPaNmxi88,,,,
,"没错，我是福瑞控 Yes, I Am a Furry v0.2.3 AI汉 ",PC+安卓直装,SLG,https://yun.139.com/shareweb/#/w/i/2v3Eyv9rZYysf,,,,
,铝海的医术师 アルミオシオンの医術師 Ver1.052 AI汉化版+自带全回想 ,PC,RPG,https://yun.139.com/shareweb/#/w/i/2v3Ez4bVMPHyy,,,,
,【步兵版】天津罪／アマツツミ（已打安卓15兼容补丁） [白鹭园艺移植组],安卓直装,galgame,https://yun.139.com/shareweb/#/w/i/2v3Eym8Meyvyr,,,,
,妖狐的深夜特训 未来篇 Mirai’s Midnight Training v26.05.20 官中步兵版+存档,PC,SLG,https://yun.139.com/shareweb/#/w/i/2v3Eyf8jMVdwu,,,,
,姬狩—魔王再临,安卓直装,galgame,https://yun.139.com/shareweb/#/w/i/2v3EyLazsMinq,,,,
,心跳文学部／Doki Doki Literature Club+Plus,安卓直装,galgame,https://yun.139.com/shareweb/#/w/i/2v3Eyp90EJVi5,,,,
,"和存在感薄弱的妹妹一起简单生活
v1.1",PC+安卓直装,SLG,https://yun.139.com/shareweb/#/w/i/2v3Eyp90E7Y0u,,,,
,几度相逢若初见 steam官方中文版,PC+KRKR,galgame,https://yun.139.com/shareweb/#/w/i/2v3EEizYPcAnn,,,,
,绯月仙行录 v1.29官中步兵版 正式版,PC+mtool安卓,SLG,https://yun.139.com/shareweb/#/w/i/2v3Eww0HYZH6c,,,,
,特少女勇闯恶魔城2 SiNiSistar2 v1.3.1 官中版+去码补丁+MOD合集+修改器+存档  ,PC,galgame,https://yun.139.com/shareweb/#/w/i/2v3Eww0J1Jzmu,,,,
,女生宿舍 -女子宿舍的管理员- 本篇+后日谈 Steam官中版+全CG存档 ,PC,galgame,https://yun.139.com/shareweb/#/w/i/2v3EDxwBGgzq3,,,,
,箱中纯洁少女?阿纳斯塔西娅,PC,SLG,https://yun.139.com/shareweb/#/w/i/2v3ExG5SH3C2o,,,,
,抓到女主角后不可能什么都不做,PC,SLG,https://yun.139.com/shareweb/#/w/i/2v3Exu4YNfajk,,,,
,修干嘛？二手3C店的暗营业,PC,SLG,https://yun.139.com/shareweb/#/w/i/2v3EBLoMCTL5i,,,,
,医院诱惑,PC,SLG,https://yun.139.com/shareweb/#/w/i/2v3EC1pUHsVtg,,,,
,与傲娇妹妹的治愈日常v1.03官方中文版,安卓直装,SLG,https://yun.139.com/shareweb/#/w/i/2v3EBEokhYSog,,,,
,赤朽叶之笑 赤朽葉は嗤う 官中版 ,PC,SLG,https://yun.139.com/shareweb/#/w/i/2v3ExG5SSDHra,,,,
,[安卓]洛克人X离线版,安卓,game,https://pan.quark.cn/s/7f0be3032d62?pwd=URBE,提取码：URBE,,,
,「暗黑破坏神2 3.5汉化版」,安卓,game,https://pan.quark.cn/s/0e97ceb38bef,,,,
,哀恸之日系列,安卓,game,https://pan.quark.cn/s/44231fef00a8,,,,
,安卓口袋妖怪：传说绿宝石,安卓,game,https://pan.quark.cn/s/82a329e6222e,,,,
,安卓手机玩僵尸毁灭工程v41.78.16-联机优化版.16-联机优化版,安卓,game,https://pan.quark.cn/s/97c31ce857c1,,,,
,安卓手机游戏《阿尔祖崛起ArcaniumRise of Akhan》[完整版](用mt管理器安装)Steam移植,安卓,game,https://pan.quark.cn/s/33f91a30c116,,,,
,安卓手机游戏《暗黑破坏神1 v1.5.2》中文[完整版],安卓,game,https://pan.quark.cn/s/9558928efb73,,,,
,安卓手机游戏《安魂曲Never Gonev1.0.9》免谷歌支持安卓14游玩！,安卓,game,https://pan.quark.cn/s/6743c42ec857,,,,
,安卓手机游戏《艾力达v1.38.7》[完整版]Steam移植,安卓,game,https://pan.quark.cn/s/0c364eb09f66,,,,
,安卓手机游戏《奥罗拉山第1章v1.0.3》[完整版]Steam移植,安卓,game,https://pan.quark.cn/s/647c8fdb08cb,,,,
,安卓手机游戏《阿门罗Armello》[完整版] 断网运行！Steam移植,安卓,game,https://pan.quark.cn/s/0b53398cfa25,,,,
,安卓手机游戏《阿瑞斯病毒v1.0.29》[菜单版]Steam移植,安卓,game,https://pan.quark.cn/s/5142fbcb7e88,,,,
,安卓手机游戏《安息，死亡!v1.9(1).30》[完整版]Steam移植,安卓,game,https://pan.quark.cn/s/cb38d1621efb,,,,
,安卓手机游戏《安息，死亡!v1.9.30》[完整版]Steam移植,安卓,game,https://pan.quark.cn/s/47b9b008e850,,,,
,安卓手机游戏《暗影之剑v2.3.4》适配高版本系统,安卓,game,https://pan.quark.cn/s/f8b25296cf04,,,,
,安卓手机游戏《波比的游戏时间第三章v1.0.25》[完整版]Steam移植,安卓,game,https://pan.quark.cn/s/7cd980589461,,,,
,安卓手机游戏《背包乱斗》[完整版+解锁资源]Steam移植,安卓,game,https://pan.quark.cn/s/ce1d59c400ac,,,,
,安卓手机游戏《博德之门围攻龙刃堡》[汉化版+完整版]Steam移植,安卓,game,https://pan.quark.cn/s/3fca83cde9e8,,,,
,安卓手机游戏《冰风谷增强版v2.6.6.12》(用mT管理器安装)[完整版]Steam移植,安卓,game,https://pan.quark.cn/s/db18e9ff8e3a,,,,
,安卓手机游戏《饼干点点乐v1.0.0》[完整版]Steam移植,安卓,game,https://pan.quark.cn/s/51b10ebc26c6,,,,
,安卓手机游戏《宝可梦回忆录v1.8完美汉化版》加教程,安卓,game,https://pan.quark.cn/s/283b256b0d5f,,,,
,安卓手机游戏《宝可梦回忆录完美中文福利版 v1.8》加教程,安卓,game,https://pan.quark.cn/s/dbad63958732,,,,
,安卓手机游戏《冰冷地狱DRAW CHILLY v1.0(1).51》[完整版]Steam移植,安卓,game,https://pan.quark.cn/s/6e712a80594e,,,,
,安卓手机游戏《冰冷地狱DRAW CHILLY v1.0.51》[完整版]Steam移植,安卓,game,https://pan.quark.cn/s/2b59bac3e477,,,,
,安卓手机游戏《波斯王子影与火》(支持安卓14游玩)中文修复版[完整版],安卓,game,https://pan.quark.cn/s/38925b524c0f,,,,
,安卓手机游戏《蠢蠢的幸存者v1.2.26》[完整版]Steam移植,安卓,game,https://pan.quark.cn/s/f507d0a35811,,,,
,安卓手机游戏《赤痕(血污)夜之仪式v'1.35'》(用mt管理器安装)需要加速器[完整版]Steam移植,安卓,game,https://pan.quark.cn/s/7826c58138fd,,,,
,安卓手机游戏《彩虹六号Smolv1.4》[完整版+网飞版],安卓,game,https://pan.quark.cn/s/e4f1fb4b30d7,,,,
,安卓手机游戏《超级房车赛汽车运动v1.10RC10》(用mt管理器安装)[完整版+DLC]Steam移植,安卓,game,https://pan.quark.cn/s/5b54782e12d5,,,,
,安卓手机游戏《超阈限空间v1(1).13》[完整版]Steam移植,安卓,game,https://pan.quark.cn/s/a2a12a4f3dbe,,,,
,安卓手机游戏《超阈限空间v1.13》[完整版]Steam移植,安卓,game,https://pan.quark.cn/s/badfa405f7c7,,,,
,安卓手机游戏《大航空时代》[完整版]Steam移植,安卓,game,https://pan.quark.cn/s/96273b808327,,,,
,安卓手机游戏《当铺人生2DealersLife2 v1.015》[完整版]Steam移植,安卓,game,https://pan.quark.cn/s/1f15744daf2e,,,,
,安卓手机游戏《动物森友会口袋露营广场集合版v7.1.1》[完整版],安卓,game,https://pan.quark.cn/s/84b66eeae60c,,,,
,安卓手机游戏《打造世界》[中文版+完整版+DLC]Steam移植,安卓,game,https://pan.quark.cn/s/cb0fe8abd45a,,,,
,安卓手机运行《饿殍：明末千里行》mobox模拟器！(游戏),安卓,game,https://pan.quark.cn/s/dbd2c6bcc930,,,,
,安卓手机游戏《废都物语》[汉化版],安卓,game,https://pan.quark.cn/s/90300d2b5b64,,,,
,安卓手机游戏《法老王：青铜帝国》[完整版]Steam移植,安卓,game,https://pan.quark.cn/s/d76e2ad2630a,,,,
,安卓手机游戏《方舟：终极移动版v1.0》[完整版+DLC+上帝模式]Steam移植,安卓,game,https://pan.quark.cn/s/e939c77f48db,,,,
,安卓手机游戏《孤岛余生1v1.3》[完整版]pC移植,安卓,game,https://pan.quark.cn/s/4ac1e7a9d052,,,,
,安卓手机游戏《光剑小骑士Slash Questv1.21》[完整版]Steam移植,安卓,game,https://pan.quark.cn/s/b061334e3d3f,,,,
,安卓手机游戏《核爆RPGAtom RPG v1.39》[DLC+完整版]Steam移植,安卓,game,https://pan.quark.cn/s/4ff9bc9cc7e2,,,,
,安卓手机游戏《海岛大亨Tropico v1.4.2RC1》(用mt管理器安装)[完整版]Steam移植,安卓,game,https://pan.quark.cn/s/daaa47f9f413,,,,
,安卓手机游戏《红怪Carrionv1.0.32》[完整版+DLC]Steam移植,安卓,game,https://pan.quark.cn/s/6b326ad8cf53,,,,
,安卓手机游戏《昏迷2：恶毒姐妹v1.0.0》[完整版]Steam移植,安卓,game,https://pan.quark.cn/s/59d80535824b,,,,
,安卓手机游戏《花园之间》[完整版]Steam移植,安卓,game,https://pan.quark.cn/s/3e571ccdd971,,,,
,安卓手机游戏《进化之地Evoland v1.9.1》[完整版]Steam移植,安卓,game,https://pan.quark.cn/s/53873ccd4330,,,,
,安卓手机游戏《纪念碑谷3v1.0.14999》[完整版]Steam移植,安卓,game,https://pan.quark.cn/s/1fb451adb97c,,,,
,安卓手机游戏《加拿大死亡之路》[汉化版+完整版]Steam移植,安卓,game,https://pan.quark.cn/s/d215988fc5e9,,,,
,安卓手机游戏《巨人生存：进击的勇者v1.0.6》[完整版],安卓,game,https://pan.quark.cn/s/3bd46cfe705c,,,,
,安卓手机游戏《节奏地牢v4.1.1-b296》[完整版+DLC]Steam移植,安卓,game,https://pan.quark.cn/s/9a049e500273,,,,
,安卓手机游戏《开拍！电视制作物语v117》[完整版],安卓,game,https://pan.quark.cn/s/84041c8e622b,,,,
,安卓手机游戏《开拍！电视制作物语v122》[完整版]Steam移植,安卓,game,https://pan.quark.cn/s/0e105d5c2008,,,,
,安卓手机游戏《灵魂摆渡人v1.5.8》[完整版]Steam移植,安卓,game,https://pan.quark.cn/s/5a17b53b69b0,,,,
,安卓手机游戏《路径与危险Paths & Dangerⅴ1.1.0》[完整版]Steam移植,安卓,game,https://pan.quark.cn/s/04084810b7f1,,,,
,安卓手机游戏《拉库纳》[完整版]Steam移植,安卓,game,https://pan.quark.cn/s/da769965f5ae,,,,
,安卓手机游戏《黎明前20分钟v4.8》[完整版]Steam移植,安卓,game,https://pan.quark.cn/s/7e261f473af0,,,,
,安卓手机游戏《罗马全面战争v1.10.10RC1》(用mt管理器安装)[完整版]Steam移植,安卓,game,https://pan.quark.cn/s/84fc29bc830d,,,,
,安卓手机游戏《露娜银河之星v1.2.1》[完整版],安卓,game,https://pan.quark.cn/s/63997bb9213c,,,,
,安卓手机游戏《历史时代3官方版v1.035》[完整版]Steam移植,安卓,game,https://pan.quark.cn/s/a98ea17d479a,,,,
,安卓手机游戏《魔界战记1高清重制版v1.0.5》[完整版]Steam移植,安卓,game,https://pan.quark.cn/s/d3ac5dd31d1a,,,,
,安卓手机游戏《魔女之泉1v1.9.8》[完整版+mod版]支持中文！,安卓,game,https://pan.quark.cn/s/839ea635b7d6,,,,
,安卓手机游戏《莫塔守山人v1.0.1》[完整版]Steam移植,安卓,game,https://pan.quark.cn/s/aed88416c195,,,,
,安卓手机游戏《魔物娘传奇v0.0(1).8》[完整版],安卓,game,https://pan.quark.cn/s/a924e216c222,,,,
,安卓手机游戏《魔物娘传奇v0.0.8》[完整版],安卓,game,https://pan.quark.cn/s/119dce0ff012,,,,
,安卓手机游戏《迷雾侦探》[完整版]Steam移植,安卓,game,https://pan.quark.cn/s/13eb625c71d1,,,,
,安卓手机游戏《命运创世》[完整版]Steam移植,安卓,game,https://pan.quark.cn/s/5367c8aeaa07,,,,
,安卓手机游戏《迷因朋友v1.1.2》[完整版]Steam移植,安卓,game,https://pan.quark.cn/s/5810c6ff402f,,,,
,安卓手机游戏《霓虹射击2v0.9.197》[完整版],安卓,game,https://pan.quark.cn/s/cf3ab136bd1a,,,,
,安卓手机游戏《尼可梦一代v5.0.3》[完整版+MOD版]Steam移植,安卓,game,https://pan.quark.cn/s/b4aef31f37a6,,,,
,安卓手机游戏《OPUS：灵魂之桥v4.12.2》[完整版]Steam移植,安卓,game,https://pan.quark.cn/s/d95abc0123f2,,,,
,安卓手机游戏《奇幻高尔夫0.1.5》[完整版]Steam移植,安卓,game,https://pan.quark.cn/s/c24079e6e366,,,,
,安卓手机游戏《桥梁建造师v10.2》[完整版]Steam移植,安卓,game,https://pan.quark.cn/s/0dbc6e7fde1d,,,,
,安卓手机游戏《骑士与龙3v1.2.4》[完整版],安卓,game,https://pan.quark.cn/s/285ed6cc3612,,,,
,安卓手机游戏《人生的选择中世纪》[完整版]Steam移植,安卓,game,https://pan.quark.cn/s/1f4688c84c52,,,,
,安卓手机游戏《热血硬派国夫君外传热血少女2》[完整版]Steam移植,安卓,game,https://pan.quark.cn/s/cbc85463c03d,,,,
,安卓手机游戏《三国志汉末霸业》[完整版]Steam移植,安卓,game,https://pan.quark.cn/s/3af803d6ab6f,,,,
,安卓手机游戏《森久城物语Castle Morihisav1.3.0》[完整版]Steam移植,安卓,game,https://pan.quark.cn/s/fbfb1ce50087,,,,
,安卓手机游戏《时空幻境周年纪念版v2.0.25》[完整版]Steam移植,安卓,game,https://pan.quark.cn/s/92ea6eb9a1d7,,,,
,安卓手机游戏《失落的记忆v1.0.8》[中文版+完整版](完整特效版),安卓,game,https://pan.quark.cn/s/d74b5f33a0e6,,,,
,安卓手机游戏《失落的记忆：重制版v1.9.95》[完整版]Steam移植,安卓,game,https://pan.quark.cn/s/079b895686b3,,,,
,安卓手机游戏《生命的选择：中世纪2v1.12》[完整版+中文版]Steam移植,安卓,game,https://pan.quark.cn/s/449d11ea6940,,,,
,安卓手机游戏《使命猎人v1.1.7》[完整版+DLC]Steam移植,安卓,game,https://pan.quark.cn/s/ce34659b745b,,,,
,安卓手机游戏《索尼克狂欢v1.1.0》[完整版+网飞版]Steam移植,安卓,game,https://pan.quark.cn/s/8549e7fcb80d,,,,
,安卓手机游戏《沙丘帝国v1.4.1》[完整版]Steam移植.apk,安卓,game,https://pan.quark.cn/s/eaf95b01875d,,,,
,安卓手机游戏《石器时代v1.1.9》[完整版加汉化版]Steam移植,安卓,game,https://pan.quark.cn/s/68f2a851afb2,,,,
,安卓手机游戏《死人之国Niffelheim v1.6.02》[完整版]Steam移植,安卓,game,https://pan.quark.cn/s/9a0cc88af059,,,,
,安卓手机游戏《舒适森林灵魂营地v1.0.1》[完整版+网飞版]Steam移植,安卓,game,https://pan.quark.cn/s/2470ddb3812b,,,,
,安卓手机游戏《桑塔和七赛莲》[完整版]Steam移植,安卓,game,https://pan.quark.cn/s/3aba7b50c3f1,,,,
,安卓手机游戏《失忆症：黑暗后裔》[完整版]Steam移植,安卓,game,https://pan.quark.cn/s/af42ae8058cb,,,,
,安卓手机游戏《TCG卡牌商店模拟器v1.0.1》[完整版]Steam移植,安卓,game,https://pan.quark.cn/s/084e9bb51c7e,,,,
,安卓手机游戏《糖豆人Fall Guysv11.1.4》Steam移植,安卓,game,https://pan.quark.cn/s/a2adc5c206d8,,,,
,安卓手机游戏《土豆兄弟v1.1.5.1.2》[完整版+DLC]Steam移植,安卓,game,https://pan.quark.cn/s/c45e94f7e56d,,,,
,安卓手机游戏《逃税的萝卜男孩》[完整版]Steam移植,安卓,game,https://pan.quark.cn/s/e38667435572,,,,
,安卓手机游戏《泰坦探索终极版v3.0.5326》[完整版+DLC](用mt管理器安装)Steam移植,安卓,game,https://pan.quark.cn/s/ac0123a42901,,,,
,安卓手机游戏《泰坦之旅终极版v3.0.5183》(用mT管理器安装)[完整版+DLC]Steam移植,安卓,game,https://pan.quark.cn/s/d7c5e8ea317d,,,,
,安卓手机游戏《骰子与砍杀Slice & Dicev3.1.20》[完整版]Steam移植,安卓,game,https://pan.quark.cn/s/e582f4ba2254,,,,
,安卓手机游戏《无耻乱斗2v1.3》[完整版]Steam移植,安卓,game,https://pan.quark.cn/s/408fd04f6786,,,,
,安卓手机游戏《王国保卫战2前线v6.1.16》[完整版]Steam移植,安卓,game,https://pan.quark.cn/s/ec71d85213a2,,,,
,安卓手机游戏《王国征程v1.0.20》[完整版]Steam移植,安卓,game,https://pan.quark.cn/s/6fc8e71ec22b,,,,
,安卓手机游戏《文明6v1.2.0b》(支持安卓 14游玩)[完整版+DLC]Steam移植,安卓,game,https://pan.quark.cn/s/b06944d49a7c,,,,
,安卓手机游戏《误入迷途》[完整版]Steam移植,安卓,game,https://pan.quark.cn/s/1468f946d84f,,,,
,安卓手机游戏《巫师之昆特牌王权的陨落》[完整版]Steam移植,安卓,game,https://pan.quark.cn/s/1ed161474b6c,,,,
,安卓手机游戏《往左一点v3.2.4》[完整版]Steam移植,安卓,game,https://pan.quark.cn/s/17dfa7250cf0,,,,
,安卓手机游戏《无主之地传说v1.74》[完整版]Steam移植,安卓,game,https://pan.quark.cn/s/e79dbba0f7eb,,,,
,安卓手机游戏《细胞迷途v1.3.8》请用mt管理器安装[完整版]Steam移植,安卓,game,https://pan.quark.cn/s/508853f644f8,,,,
,安卓手机游戏《小白世纪Munchkin Digital v1.5.0》[完整版]Steam移植,安卓,game,https://pan.quark.cn/s/4e2cb7860d55,,,,
,安卓手机游戏《小丑牌官方版v0.4》[完整版]Steam移植,安卓,game,https://pan.quark.cn/s/b46b12e22d74,,,,
,安卓手机游戏《侠盗猎车3ⅴ1.72.42919648》[重制版+网飞版+完整版]Steam移植,安卓,game,https://pan.quark.cn/s/35f256ef73a8,,,,
,安卓手机游戏《侠盗猎车手罪恶都市v1.72.42919648》[重制版+网飞版+完整版]Steam移植,安卓,game,https://pan.quark.cn/s/e149656bed1f,,,,
,安卓手机游戏《小动物自走棋Super Auto Pets v150》(用mt管理器安装)[汉化版]Steam移植,安卓,game,https://pan.quark.cn/s/697b41fce439,,,,
,安卓手机游戏《邪恶冥刻v1.0.1》[完整版]Steam移植,安卓,game,https://pan.quark.cn/s/1b3e5d44bf47,,,,
,安卓手机游戏《巡警Beat Copv1.0.1》[完整版]Steam移植,安卓,game,https://pan.quark.cn/s/09df51672cd5,,,,
,安卓手机游戏《侠客风云传v1.9》[完整版+m0d版]Steam移植,安卓,game,https://pan.quark.cn/s/ce950d4e6ac4,,,,
,安卓手机游戏《吸血鬼幸存者v1.12.104》[完整版+DLC]Steam移植,安卓,game,https://pan.quark.cn/s/486631012c42,,,,
,安卓手机游戏《轩辕剑参外传 天之痕》[完整版]Steam移植,安卓,game,https://pan.quark.cn/s/a33f506812c6,,,,
,安卓手机游戏《轩辕剑参外传 天之痕》[完整版]Steam移植(1),安卓,game,https://pan.quark.cn/s/654f07e8b1b1,,,,
,安卓手机游戏《心渊梦境Afterimage v1.0.3》[完整版]Steam移植,安卓,game,https://pan.quark.cn/s/39ef077651b1,,,,
,安卓手机游戏《伊格利亚战记》[完整版](用mt管理器安装)Steam移植,安卓,game,https://pan.quark.cn/s/7b83d66ea3e4,,,,
,安卓手机游戏《月光石岛》[完整版]Steam移植,安卓,game,https://pan.quark.cn/s/138324c8ff20,,,,
,安卓手机游戏《音乐世界Cytusv10.1.5》[完整版](用mT器管理器安装),安卓,game,https://pan.quark.cn/s/197d2b8f0483,,,,
,安卓手机游戏《音乐世界赛特斯2Cytus IIv5.0.12》[完整版+DLC].(用mt管理器安装),安卓,game,https://pan.quark.cn/s/efc996e16a50,,,,
,安卓手机游戏《异形隔离v1.2.5RC3》(用MT管理器安装)[完整版+DLC]Steam移植,安卓,game,https://pan.quark.cn/s/09871920e4d2,,,,
,安卓手机游戏《英雄无敌3HoMM3》[汉化+DLC]端游完美移植版,安卓,game,https://pan.quark.cn/s/c3845f4fd7c1,,,,
,安卓手机游戏《永夜(永恒之夜)Eternights》[完整版]Steam移植,安卓,game,https://pan.quark.cn/s/661519ddd939,,,,
,安卓手机游戏《整蛊邻居地狱归来v1.0》[完整版]Steam移植,安卓,game,https://pan.quark.cn/s/96b8a6747043,,,,
,安卓手机游戏《召唤命途v2.21.0》[完整版+DLC]Steam移植,安卓,game,https://pan.quark.cn/s/cb4aa5ae0421,,,,
,安卓手机游戏《这就是警察v1.1.3.7》[完整版]Steam移植,安卓,game,https://pan.quark.cn/s/c47af46201a0,,,,
,安卓手机游戏《坠落深井v1.2.3》[完整版]Steam移植,安卓,game,https://pan.quark.cn/s/388153b9c96c,,,,
,安卓手机游戏《遵命，陛下v1.0.87_b204》[完整版]Steam移植,安卓,game,https://pan.quark.cn/s/95517292bfbe,,,,
,安卓手机游戏《宅男的人间冒险》[完整版+Drc]Steam移植,安卓,game,https://pan.quark.cn/s/a1de13d23a69,,,,
,安卓手机游戏《诸神灰烬：救赎v1.0.25》[完整版]Steam移植,安卓,game,https://pan.quark.cn/s/476547665740,,,,
,安卓手机游戏《中世纪2全面战争v1.4RC10》[完整版Steam移植,安卓,game,https://pan.quark.cn/s/b53c0ded8ff4,,,,
,安卓手机游戏《战神：夜袭v1.0.35》[完整版]Steam移植,安卓,game,https://pan.quark.cn/s/f523d36378e6,,,,
,安卓手机游戏《植物大战僵尸2国际版11.4.1汉化修复版》[全植物存档+扩展关卡],安卓,game,https://pan.quark.cn/s/697afed4b0d2,,,,
,安卓手机游戏《植物大战僵尸杂交版》[dome1],安卓,game,https://pan.quark.cn/s/562d4a468b82,,,,
,安卓手机游戏《只有一扇门Level Devil》[完整版],安卓,game,https://pan.quark.cn/s/3328d43fd262,,,,
,安卓手机游戏《抓抓地牢v0.4.605》[完整版]Steam移植,安卓,game,https://pan.quark.cn/s/707e8b1de7be,,,,
,安卓手机游戏《来自星尘v1.1.0》[完整版](用mT管理器安装),安卓,game,https://pan.quark.cn/s/b284520a5d94,,,,
,安卓手机游戏《异形：断电》[汉化版+完整版],安卓,game,https://pan.quark.cn/s/6fef033f603d,,,,
,安卓手机游戏《六月衷曲》Steam移植,安卓,game,https://pan.quark.cn/s/ebf449b742c1,,,,
,安卓手机游戏《爱与恨2About Love and Hate 2v1.2.0》[完整版]Steam移植,安卓,game,https://pan.quark.cn/s/f2c17fb122bf,,,,
,安卓手机游戏《班班幼儿园3Garten Of Banban 3V1.0.5》[完整版]Steam移植,安卓,game,https://pan.quark.cn/s/30e2bb901fd5,,,,
,安卓手机游戏《班班幼儿园4v1.0.8》[完整版]Steam移植,安卓,game,https://pan.quark.cn/s/b7fa28991f6d,,,,
,安卓手机游戏《班班幼儿园6v1.0》[完整版]Steam移植,安卓,game,https://pan.quark.cn/s/1386551c77d3,,,,
,安卓手机游戏《班班幼儿园7v1.0》[完整版]Steam移植,安卓,game,https://pan.quark.cn/s/200d04226f5a,,,,
,安卓手机游戏《背包英雄》[完整版]Steam移植,安卓,game,https://pan.quark.cn/s/60d209dacf6e,,,,
,安卓手机游戏《宝可梦肉鸽v2.4.2》[中文版],安卓,game,https://pan.quark.cn/s/0f0f4ab43834,,,,
,安卓手机游戏《薄暮夏梦v1.6.21.1》[完整版]Steam移植,安卓,game,https://pan.quark.cn/s/bfa95f9c3ff3,,,,
,安卓手机游戏《本所七大不思议v1.2》[完整版+中文版]Steam移植,安卓,game,https://pan.quark.cn/s/689e05fa5d1f,,,,
,安卓手机游戏《缠结塔Tangle Tower》[完整版]Steam移植,安卓,game,https://pan.quark.cn/s/fb9989cb55fb,,,,
,安卓手机游戏《丑陋Ugly v1.1.1》[完整版]Steam移植,安卓,game,https://pan.quark.cn/s/a36ddd9459e7,,,,
,安卓手机游戏《触摸艺术2V1.0.2》[完整版]Steam移植,安卓,game,https://pan.quark.cn/s/d1783b0faada,,,,
,安卓手机游戏《传奇摔角手v1.0.545》[完整版+网飞版]Steam移植,安卓,game,https://pan.quark.cn/s/5bfaaf5a7b9a,,,,
,安卓手机游戏《朝圣者Pilgrims v1.1.1》[完整版]Steam移植,安卓,game,https://pan.quark.cn/s/e86c6cbb6390,,,,
,安卓手机游戏《地铁繁花v1.1.17》[完整版]Steam移植(1),安卓,game,https://pan.quark.cn/s/a4b58bab4556,,,,
,安卓手机游戏《鳄鱼侦探布罗格v1.0.22》[完整版]Steam移植(1),安卓,game,https://pan.quark.cn/s/339457b71863,,,,
,安卓手机游戏《翡翠帝国特别版》[完整版]Steam移植,安卓,game,https://pan.quark.cn/s/6845ebd2eb3f,,,,
,安卓手机游戏《盒子 丢失的碎片v1.11》[完整版]Steam移植(1),安卓,game,https://pan.quark.cn/s/7ff969820178,,,,
,安卓手机游戏《饥饿派画家2：迷失v1.0.5》[完整版]Steam移植,安卓,game,https://pan.quark.cn/s/0b55a9a27791,,,,
,安卓手机游戏《进化之地Evoland v1.9.1》[完整版]Steam移植,安卓,game,https://pan.quark.cn/s/2f26625c253f,,,,
,安卓手机游戏《金偶像谜案v0.9》[完整版]Steam移植,安卓,game,https://pan.quark.cn/s/e4155aa3faa0,,,,
,安卓手机游戏《家园7 v1.14.8》[完整版],安卓,game,https://pan.quark.cn/s/616a7b87a94c,,,,
,安卓手机游戏《监狱建筑师v2.0.9中文》[完整版+DLC]Steam移植,安卓,game,https://pan.quark.cn/s/63a195ed9eaf,,,,
,安卓手机游戏《快乐游戏HappyGame v1.8.7.1》[完整版]Steam移植,安卓,game,https://pan.quark.cn/s/dbf22f9fc6d6,,,,
,安卓手机游戏《洛娜色彩之境v0.1.89》[完整版]Steam移植,安卓,game,https://pan.quark.cn/s/da745d3dc9cf,,,,
,安卓手机游戏《密教模拟器v3.6.1》[完整版+DLC]Steam移植(1),安卓,game,https://pan.quark.cn/s/12aebb294354,,,,
,安卓手机游戏《米洛和喜鹊v1.0.6》[完整版]Steam移植,安卓,game,https://pan.quark.cn/s/fa1cb238a1f4,,,,
,安卓手机游戏《冒险生活(不闪退版)v1.2.14》[完整版],安卓,game,https://pan.quark.cn/s/c6682d494410,,,,
,安卓手机游戏《毛线先生CHUCHELv2.0.143》[完整版]Steam移植,安卓,game,https://pan.quark.cn/s/7fffbc8d0f92,,,,
,安卓手机游戏《骑士与龙3v1.2.0》[中文版+完整版],安卓,game,https://pan.quark.cn/s/a00bcfc07f86,,,,
,安卓手机游戏《球型守卫Roundguardv2.0.6》[完整版]Steam移植(1),安卓,game,https://pan.quark.cn/s/3d70d4474bc4,,,,
,安卓手机游戏《奇异世界：怪客的愤怒1.0.16》[完整版]Steam移植,安卓,game,https://pan.quark.cn/s/8cc36d54e6c9,,,,
,安卓手机游戏《奇异园艺Strange Horticulture v1.1.628》完整版Steam移植,安卓,game,https://pan.quark.cn/s/3d0497191250,,,,
,安卓手机游戏《Resolutiion》[完整版]Steam移植(1),安卓,game,https://pan.quark.cn/s/1650ec3160a2,,,,
,安卓手机游戏《人生的选择中世纪》[完整版]Steam移植,安卓,game,https://pan.quark.cn/s/aa79f552c7e4,,,,
,安卓手机游戏《兽嚎瘟疫Howl》[完整版]Steam移植(1),安卓,game,https://pan.quark.cn/s/347d404598ab,,,,
,安卓手机游戏《史莱姆牧场v1.2》[ 优化游戏，增加触控]Steam移植,安卓,game,https://pan.quark.cn/s/a6c928c153a1,,,,
,安卓手机游戏《舒适森林灵魂营地v1.0.1》[完整版+网飞版]Steam移植,安卓,game,https://pan.quark.cn/s/77fca933c3b5,,,,
,安卓手机游戏《石油大亨Turmoilv3.0.64》[完整版+DLC]重点断网运行_Steam移植,安卓,game,https://pan.quark.cn/s/bfcbf3ea3ca3,,,,
,安卓手机游戏《往事When Past Was Around v1.128》[完整版]Steam移植,安卓,game,https://pan.quark.cn/s/796e1f66621f,,,,
,安卓手机游戏《午夜幻想曲v1.0.9》[完整版]Steam移植,安卓,game,https://pan.quark.cn/s/2bc298940ea2,,,,
,安卓手机游戏《循环勇士v0.9.50》[完整版]Steam移植,安卓,game,https://pan.quark.cn/s/9d0b00b4a0f0,,,,
,安卓手机游戏《像素哥3v1.1.9》[完整版]Steam移植,安卓,game,https://pan.quark.cn/s/26d2bfded058,,,,
,安卓手机游戏《雅皮士精神v2.7.3b34》[完整版]Steam移植(1),安卓,game,https://pan.quark.cn/s/d6e1011c016d,,,,
,安卓手机游戏《抑郁的房间v0.6》[完整版]Steam移植,安卓,game,https://pan.quark.cn/s/9a7d27003f7c,,,,
,安卓手机游戏《月影之塔v1.0》[完整版]Steam移植,安卓,game,https://pan.quark.cn/s/b7243729bd30,,,,
,安卓手机游戏《征服者Conquistadorio》[完整版]Steam移植,安卓,game,https://pan.quark.cn/s/cf9e2ff0aa22,,,,
,安卓手机游戏《诸神灰烬：救赎v1.0.25》[完整版]Steam移植,安卓,game,https://pan.quark.cn/s/f3b89a3c3d8b,,,,
,安卓手机游戏《这是我的战争v1.6.2》[完整版+DLC]Steam移植,安卓,game,https://pan.quark.cn/s/dd21d09a6fb0,,,,
,安卓手机游戏《植物大战僵尸杂交版v2.1》[直装版],安卓,game,https://pan.quark.cn/s/f33c3225f9f7,,,,
,安卓手机游戏《最终幻想1v1.1.0》(支持安卓14游玩)[完整版]Steam移植,安卓,game,https://pan.quark.cn/s/869c5842cf88,,,,
,安卓游戏《堆叠太空StacksSpacev1.0(1).22》[完整版]Steam移植,安卓,game,https://pan.quark.cn/s/b1a55ff4a1b8,,,,
,安卓游戏《堆叠太空StacksSpacev1.0.22》[完整版]Steam移植,安卓,game,https://pan.quark.cn/s/32b35efee5c5,,,,
,安卓手机游戏《口袋妖怪：激进红v4.1》内置全能金手指,安卓,game,https://pan.quark.cn/s/d1d61b3912b1,,,,
,地牢小队 v1.08.7 附全皮肤+全肝满存档,安卓,game,https://pan.quark.cn/s/ce233b5eb484,,,,
,恶果之地,安卓,game,https://pan.quark.cn/s/ede0129c5636,,,,
,恶魔猎手：暗影世界,安卓,game,https://pan.quark.cn/s/9f5305581e36,,,,
,钢铁战队系列,安卓,game,https://pan.quark.cn/s/3a5deed577a1,,,,
,金铲铲单机版_官方正统单机版，支持S1S6S11赛季,安卓,game,https://pan.quark.cn/s/339a7fc6359a,,,,
,金铲铲全新无限金币版,安卓,game,https://pan.quark.cn/s/7ebca408ee21,,,,
,饥荒系列,安卓,game,https://pan.quark.cn/s/16ef0c6768c2,,,,
,加拿大不归路,安卓,game,https://pan.quark.cn/s/5b1b489f3b6f,,,,
,精神病院六部曲,安卓,game,https://pan.quark.cn/s/7751709c8c8d,,,,
,口袋动森营地,安卓,game,https://pan.quark.cn/s/44210c7b4584,,,,
,口袋妖怪 内置金手指中文多版本合集【中文版】127款,安卓,game,https://pan.quark.cn/s/ad1e37b0169b,,,,
,魔窟暗黑世界,安卓,game,https://pan.quark.cn/s/67506f1ca39a,,,,
,魔女之泉4内置菜单,安卓,game,https://pan.quark.cn/s/8d326e0ee179,,,,
,尼可梦：灭绝（内置菜单）,安卓,game,https://pan.quark.cn/s/7ac023b6e0cc,,,,
,破门而入系列,安卓,game,https://pan.quark.cn/s/c4bc0538711d,,,,
,帕斯卡契约1.63全DLC带存档,安卓,game,https://pan.quark.cn/s/bf2cee328634,,,,
,奇异人生（已汉化+免付费解锁全部）,安卓,game,https://pan.quark.cn/s/f2c0048ebd4a,,,,
,手残党的禁区,安卓,game,https://pan.quark.cn/s/d566f4d935d9,,,,
,三国志8汉化,安卓,game,https://pan.quark.cn/s/e5a95c034e38,,,,
,手机游戏：植物大战僵尸2 v11.2.1,安卓,game,https://pan.quark.cn/s/bcdfcb21ba53,,,,
,杀手4血钱,安卓,game,https://pan.quark.cn/s/7e214670ced0,,,,
,死无对证系列,安卓,game,https://pan.quark.cn/s/785dad9de739,,,,
,守望者编年史,安卓,game,https://pan.quark.cn/s/f58cc657c132,,,,
,死亡之门,安卓,game,https://pan.quark.cn/s/66ff39b60609,,,,
,手游 GZ穿越火线2.56内置菜单,安卓,game,https://pan.quark.cn/s/43e36e6ced32,,,,
,铁锈战争系列,安卓,game,https://pan.quark.cn/s/123d3eae9100,,,,
,王国保卫战1-5系列（包含最新5）,安卓,game,https://pan.quark.cn/s/c1ae2586f72a,,,,
,王国保卫战系列,安卓,game,https://pan.quark.cn/s/7a772a7c102e,,,,
,王国保卫战系列＋废土世界,安卓,game,https://pan.quark.cn/s/d49aadd9bde2,,,,
,星露谷物语,安卓,game,https://pan.quark.cn/s/769eba45e44d,,,,
,星露谷物语 3个mod版本+最新版,安卓,game,https://pan.quark.cn/s/27143314813e,,,,
,小小大战争系列合集,安卓,game,https://pan.quark.cn/s/43bdf8d3d194,,,,
,灾厄逆刃汉化免谷歌,安卓,game,https://pan.quark.cn/s/0afbb93c818a,,,,
,整蛊邻居系列,安卓,game,https://pan.quark.cn/s/3b84b0a55aa3,,,,
,中国式家长 PC+手机 保姆式教程,安卓,game,https://pan.quark.cn/s/a2405e6a1394,,,,
,这就是警察系列＋义军,安卓,game,https://pan.quark.cn/s/8491eb2f33b1,,,,
,植物大战僵尸（英文原版＋汉化版）,安卓,game,https://pan.quark.cn/s/7bf7ea1b517f,,,,
,Fate_GO_2.79.0内置菜单,安卓,game,https://pan.quark.cn/s/1aa10649c9a7,,,,
,Fate_GO_内置菜单2.79.1,安卓,game,https://pan.quark.cn/s/ec23c1bf3be6,,,,
,Fate_GO_内置菜单2.80.0,安卓,game,https://pan.quark.cn/s/0e007c77edfe,,,,
,疯狂南瓜塔防_免广，大量货币1.00.02,安卓,game,https://pan.quark.cn/s/c92d3e8a5cfe,,,,
,放置女神_免广5.6.0.091105,安卓,game,https://pan.quark.cn/s/f1eff153da25,,,,
,怪物杀手：传奇冒险_货币不减 免广1.2.58,安卓,game,https://pan.quark.cn/s/100bf3004217,,,,
,皇家检查员故事_免广获得奖励,安卓,game,https://pan.quark.cn/s/dc477a3f05b1,,,,
,海贼王_内置菜单13.1.3,安卓,game,https://pan.quark.cn/s/e1cde9f83bb9,,,,
,极限职业骑士_内置菜单3.52,安卓,game,https://pan.quark.cn/s/25aca0f7bb77,,,,
,恐惧符文_无敌钻石不减反增0.53.0,安卓,game,https://pan.quark.cn/s/699eb97fec6f,,,,
,空闲怪物-进化_内置菜单72.0.0,安卓,game,https://pan.quark.cn/s/52cd5246d372,,,,
,龙珠_内置菜单4.29.0,安卓,game,https://pan.quark.cn/s/f298824ce2b7,,,,
,炮塔模型TD_强制使用货币2.03,安卓,game,https://pan.quark.cn/s/3dd3198efc68,,,,
,七龙珠_内置菜单4.30.0,安卓,game,https://pan.quark.cn/s/dbe8df0fe5a4,,,,
,忍者大戰：隨機塔防_内置菜单1.2.55,安卓,game,https://pan.quark.cn/s/6a549c76d0e6,,,,
,索尔加德传奇_内置菜单2.39.2,安卓,game,https://pan.quark.cn/s/e14c6556444f,,,,
,勇猛之路：二战_免广2.44.1692.59402,安卓,game,https://pan.quark.cn/s/0d03efd83e5f,,,,
,元素世界_免广1.0.6,安卓,game,https://pan.quark.cn/s/6c4f0adb32d5,,,,
,勇士食堂_内置菜单4.19.0,安卓,game,https://pan.quark.cn/s/19fa10313f4f,,,,
,英雄冲刺 内置菜单_2.2.5086,安卓,game,https://pan.quark.cn/s/4e9acf273ceb,,,,
,滋滋先遣队_内置菜单1.0.6,安卓,game,https://pan.quark.cn/s/9a723f2ddcb2,,,,
,《埃德兰》,安卓,game,https://pan.quark.cn/s/8e7169cbbe45,,,,
,《傲气雄鹰：重装上阵》Mod菜单+移除广告,安卓,game,https://pan.quark.cn/s/0a63ccc2a071,,,,
,《哀恸之日》,安卓,game,https://pan.quark.cn/s/5cf71b3599f5,,,,
,《艾希》Steam移植,安卓,game,https://pan.quark.cn/s/d19deef04b2f,,,,
,《病毒》,安卓,game,https://pan.quark.cn/s/f30546754952,,,,
,《蝙蝠侠：黑暗骑士崛起》2024修复版,安卓,game,https://pan.quark.cn/s/6296f34bf9be,,,,
,《波斯王子影与火》中文修复版完整版,安卓,game,https://pan.quark.cn/s/172bd02fb42a,,,,
,《保卫岛屿》,安卓,game,https://pan.quark.cn/s/f66ce2532a10,,,,
,《彩虹六号：SMOL》,安卓,game,https://pan.quark.cn/s/bf83098d4e11,,,,
,《超级食肉男孩：永无止境》中文完整版,安卓,game,https://pan.quark.cn/s/3235cff07a42,,,,
,《残酷之旅》,安卓,game,https://pan.quark.cn/s/8609d5048fd9,,,,
,《传送门骑士》,安卓,game,https://pan.quark.cn/s/39d77bb208fe,,,,
,《传说之下》,安卓,game,https://pan.quark.cn/s/763535929176,,,,
,《餐瘾地城》,安卓,game,https://pan.quark.cn/s/9efc39d82606,,,,
,《尘烟霓虹》Steam移植,安卓,game,https://pan.quark.cn/s/a46caa6fae15,,,,
,《代号47：狙击》解锁全枪械,安卓,game,https://pan.quark.cn/s/cbda405e3c31,,,,
,《地牢与墓碑》v1.2.3,安卓,game,https://pan.quark.cn/s/9c4de12d4e61,,,,
,《地牢战争》,安卓,game,https://pan.quark.cn/s/8cbc8d351919,,,,
,《地痞街区》 全解锁角色,安卓,game,https://pan.quark.cn/s/dd4a7da2ffac,,,,
,《大头菜小子偷税记》Steam移植,安卓,game,https://pan.quark.cn/s/406485b6188c,,,,
,《大头菜小子偷税记》v1.1.21,安卓,game,https://pan.quark.cn/s/56ec7766ca20,,,,
,《夺位者》,安卓,game,https://pan.quark.cn/s/27dc17817bc8,,,,
,《打造世界》各版本合集,安卓,game,https://pan.quark.cn/s/2d0a0da1d307,,,,
,《恶魔轮盘1.2.2版》,安卓,game,https://pan.quark.cn/s/333b67cd91f2,,,,
,《饿殍：明末千里行》体验版,安卓,game,https://pan.quark.cn/s/001b17d90287,,,,
,《翡翠帝国》,安卓,game,https://pan.quark.cn/s/927bccb1e6c7,,,,
,《非常英雄》Steam移植,安卓,game,https://pan.quark.cn/s/5d595a3e2528,,,,
,《浮岛世界》,安卓,game,https://pan.quark.cn/s/5673a8a5bde2,,,,
,《废都物语》,安卓,game,https://pan.quark.cn/s/0c63a60cd7d1,,,,
,《疯狂派对》汉化完整版／双版本,安卓,game,https://pan.quark.cn/s/d67f91e44856,,,,
,《疯狂之墙》Steam移植,安卓,game,https://pan.quark.cn/s/1f161a8f11fd,,,,
,《愤怒的小鸟 经典版》,安卓,game,https://pan.quark.cn/s/0117e4b46727,,,,
,《放逐王国》,安卓,game,https://pan.quark.cn/s/b5f580b95ebe,,,,
,《篝火》系列合集,安卓,game,https://pan.quark.cn/s/05521892825e,,,,
,《归家异途》,安卓,game,https://pan.quark.cn/s/0ced6a8d8a06,,,,
,《公路救赎》Steam移植,安卓,game,https://pan.quark.cn/s/47b32213de19,,,,
,《光明旅者》,安卓,game,https://pan.quark.cn/s/01cc9023b174,,,,
,《GRID超级房车赛》,安卓,game,https://pan.quark.cn/s/ee5739117a3d,,,,
,《黑暗侦探2黑暗中的摸索》,安卓,game,https://pan.quark.cn/s/d78cc35bb494,,,,
,《魂斗罗 重制版》,安卓,game,https://pan.quark.cn/s/1fb8dd590410,,,,
,《昏迷2恶毒姐妹》,安卓,game,https://pan.quark.cn/s/7e36706e9495,,,,
,《昏迷：禁入校园》宽屏补丁,安卓,game,https://pan.quark.cn/s/a0488f400660,,,,
,《火线指令2》最高画质,安卓,game,https://pan.quark.cn/s/285ef52094dc,,,,
,《火影忍者：究极风暴》,安卓,game,https://pan.quark.cn/s/5c79e7ee4c97,,,,
,《纪念碑谷》,安卓,game,https://pan.quark.cn/s/f2a75724ccaf,,,,
,《极品飞车14：热力追踪》,安卓,game,https://pan.quark.cn/s/e7dc8006d5fa,,,,
,《僵尸森林3》,安卓,game,https://pan.quark.cn/s/7f1092771ee0,,,,
,《极限山地滑雪》,安卓,game,https://pan.quark.cn/s/e64e1b5e6000,,,,
,《节奏地牢》,安卓,game,https://pan.quark.cn/s/7f00ccad8c30,,,,
,《凯茜·瑞恩：导演剪辑版》Steam移植,安卓,game,https://pan.quark.cn/s/6eb308afb51c,,,,
,《凯茜·瑞恩：导演剪辑版》中文版,安卓,game,https://pan.quark.cn/s/f80d7ac7aace,,,,
,《狂野西部故事》,安卓,game,https://pan.quark.cn/s/27c2a1dc1e1f,,,,
,《空中楼阁》汉化完整版,安卓,game,https://pan.quark.cn/s/c391294650ad,,,,
,《狼奔豕突2：失落信号》Steam移植,安卓,game,https://pan.quark.cn/s/3ac7bcf63d9a,,,,
,《洛克人 X DiVE 离线版》,安卓,game,https://pan.quark.cn/s/63d3a5b9570a,,,,
,《绿洲计划》,安卓,game,https://pan.quark.cn/s/72fdc32fa7e9,,,,
,《Minabo 漫步人生》v1.0.3汉化,安卓,game,https://pan.quark.cn/s/a553c6e832fb,,,,
,《魔能：方碑之巫》修复版,安卓,game,https://pan.quark.cn/s/adf9fc643b7d,,,,
,《迷雾侦探》,安卓,game,https://pan.quark.cn/s/20355886889f,,,,
,《迷雾侦探》Steam移植,安卓,game,https://pan.quark.cn/s/bb7c5f4031ce,,,,
,《冒险生活》,安卓,game,https://pan.quark.cn/s/16e58e86eef1,,,,
,《NBA嘉年华》最新版（64位）,安卓,game,https://pan.quark.cn/s/7ac4c4996ab3,,,,
,《Only One》,安卓,game,https://pan.quark.cn/s/b66606fad87a,,,,
,《旁观者2》免谷歌高清修改版,安卓,game,https://pan.quark.cn/s/e02f693136d8,,,,
,《旁观者》完整版+DLC,安卓,game,https://pan.quark.cn/s/ec00e879f948,,,,
,《骑士与龙3》,安卓,game,https://pan.quark.cn/s/03bf3b9a0c3f,,,,
,《枪手：丧尸幸存者》,安卓,game,https://pan.quark.cn/s/e8fb701efee4,,,,
,《去月球》,安卓,game,https://pan.quark.cn/s/17755add0e97,,,,
,《去月球》免谷歌Steam移植,安卓,game,https://pan.quark.cn/s/d83c1dc463a8,,,,
,《去月球》Steam移植,安卓,game,https://pan.quark.cn/s/9f835bb39a6c,,,,
,《热血少女物语》,安卓,game,https://pan.quark.cn/s/83ed4feb8a6d,,,,
,《热血少女》,安卓,game,https://pan.quark.cn/s/42bb15361dfd,,,,
,《忍者神龟：施莱德的复仇》Steam移植,安卓,game,https://pan.quark.cn/s/9400aaa5de87,,,,
,《沙盒勇者》,安卓,game,https://pan.quark.cn/s/affca061cf9f,,,,
,《失落的记忆》删除鹿头BUG,安卓,game,https://pan.quark.cn/s/cf029a11865b,,,,
,《杀戮尖塔》,安卓,game,https://pan.quark.cn/s/b13603102bbd,,,,
,《守墓人》适配高版本安卓＋DLC,安卓,game,https://pan.quark.cn/s/77c46a494b51,,,,
,《十三号星期五》解锁全部关卡,安卓,game,https://pan.quark.cn/s/e634729d88b6,,,,
,《死亡与税赋》,安卓,game,https://pan.quark.cn/s/0686e2dfa4ef,,,,
,《土豆兄弟：高级版》中文完整版,安卓,game,https://pan.quark.cn/s/c334dcac3a53,,,,
,《太空刑警》系列合集,安卓,game,https://pan.quark.cn/s/e9e588fa650b,,,,
,《贪婪地牢》Steam移植,安卓,game,https://pan.quark.cn/s/375acd7f73e1,,,,
,《逃税的萝卜男孩》,安卓,game,https://pan.quark.cn/s/02254642c7ef,,,,
,《逃脱者2》,安卓,game,https://pan.quark.cn/s/f6e5c594af29,,,,
,《逃脱者》,安卓,game,https://pan.quark.cn/s/3927d03c745c,,,,
,《骰子地下城》,安卓,game,https://pan.quark.cn/s/8e5c68a259e5,,,,
,《Unpacking（开箱）》Steam移植,安卓,game,https://pan.quark.cn/s/f0020a860101,,,,
,《网飞版足球经理2024移动版v15.0.1》完整版,安卓,game,https://pan.quark.cn/s/00f990246723,,,,
,《王国保卫战4：复仇》海盗王DLC,安卓,game,https://pan.quark.cn/s/028073b8e19f,,,,
,《王国》系列合集,安卓,game,https://pan.quark.cn/s/c79c4819912d,,,,
,《文明帝国》,安卓,game,https://pan.quark.cn/s/a6b209496949,,,,
,《我们身边的狼》,安卓,game,https://pan.quark.cn/s/e33bc64ea7dc,,,,
,《误入迷途》Steam移植,安卓,game,https://pan.quark.cn/s/131508c58264,,,,
,《武士零》,安卓,game,https://pan.quark.cn/s/b1e79d215113,,,,
,《我一定会回学校！》,安卓,game,https://pan.quark.cn/s/dc3092d2193c,,,,
,《午夜幻想曲》Steam移植,安卓,game,https://pan.quark.cn/s/81241544a868,,,,
,《王子齐安》Steam移植,安卓,game,https://pan.quark.cn/s/9d779ff3ffae,,,,
,《小丑牌》多版本合集,安卓,game,https://pan.quark.cn/s/452f353ee1fd,,,,
,《兄弟：双子传说》,安卓,game,https://pan.quark.cn/s/6116c786645e,,,,
,《循环英雄》,安卓,game,https://pan.quark.cn/s/e783efdf1f89,,,,
,《寻剑迷途 体验版》,安卓,game,https://pan.quark.cn/s/5ae0468d4c75,,,,
,《星际之门》,安卓,game,https://pan.quark.cn/s/efebc5c637ff,,,,
,《虚空穹牢》,安卓,game,https://pan.quark.cn/s/b85cb61bfeae,,,,
,《小小部队2》汉化+金牌不见反增,安卓,game,https://pan.quark.cn/s/0fc0b7fa6fb7,,,,
,《约翰 · 曼波》,安卓,game,https://pan.quark.cn/s/c8f2493d535c,,,,
,《幽林怪谈》Steam移植,安卓,game,https://pan.quark.cn/s/e52ebad3682b,,,,
,《英雄无敌3》汉化＋DLC版,安卓,game,https://pan.quark.cn/s/cca6b1b349ba,,,,
,《月圆之夜》,安卓,game,https://pan.quark.cn/s/70eaf2169a3f,,,,
,《炸弹鸡》双版本,安卓,game,https://pan.quark.cn/s/7580eff0c611,,,,
,《灾厄逆刃》Steam移植,安卓,game,https://pan.quark.cn/s/134c6ba55fc1,,,,
,《遵命，陛下》,安卓,game,https://pan.quark.cn/s/06da985a83e5,,,,
,《重生：僵尸生存》汉化版,安卓,game,https://pan.quark.cn/s/6e1547cc71ad,,,,
,《战巡大作战》,安卓,game,https://pan.quark.cn/s/35f19d40ae2b,,,,
,《战争2：世界末日》,安卓,game,https://pan.quark.cn/s/57d5eb6b3350,,,,
,《最终幻想9》汉化版,安卓,game,https://pan.quark.cn/s/126da9746727,,,,
,《最终幻想VI》,安卓,game,https://pan.quark.cn/s/7708a5c10265,,,,
,《诅咒世界大冒险Nihilumbrav4》完整版,安卓,game,https://pan.quark.cn/s/36466ffb468e,,,,
,《粘粘世界重制版》高清重置,安卓,game,https://pan.quark.cn/s/a3fb6083ed62,,,,
,【安卓手机游戏】植物大战僵尸2 多版本合集,安卓,game,https://pan.quark.cn/s/c202896b0fb7,,,,
,【安卓】《60秒生存太空版60 Parsecs!v1.3.1》[完整版]进游戏，长，请耐心等待。Steam移植,安卓,game,https://pan.quark.cn/s/7cbdb889f13e,,,,
,【安卓】《纪念碑谷2v3.5.500》[完整版]Steam移植,安卓,game,https://pan.quark.cn/s/db157d22ef6b,,,,
,【安卓】《战龟2War Tortoise 2v1.06.04》[完整版]Steam移植,安卓,game,https://pan.quark.cn/s/901444b04f8c,,,,
,【安卓】《子午线157第一章Meridian 157Chapter 1v1.2.1》[完整版]Steam移植,安卓,game,https://pan.quark.cn/s/0155eed77b11,,,,
,【端游推荐】领地：种田与征战 v2024.0502.22 中文,pc,game,https://pan.quark.cn/s/5cf483f514ce,,,,
,【手游】不一样的修仙宗门2 双版本,安卓,game,https://pan.quark.cn/s/95bfcae0e2f9,,,,
,【手游】打工生活模拟器(无广版),安卓,game,https://pan.quark.cn/s/daad186cd26f,,,,
,【手游】登山赛车2内购版,安卓,game,https://pan.quark.cn/s/e2a844deeaf9,,,,
,【手游】拂晓内置菜单,安卓,game,https://pan.quark.cn/s/0a2a613f9956,,,,
,【手游】海王模拟器,安卓,game,https://pan.quark.cn/s/fd1f30877e8c,,,,
,【手游】濡沫江湖.2,安卓,game,https://pan.quark.cn/s/5640d73382ad,,,,
,【手游】杀戮尖塔2.88完整版,安卓,game,https://pan.quark.cn/s/831ef823d9eb,,,,
,【手游】神女仙宗,安卓,game,https://pan.quark.cn/s/a182f9cd8824,,,,
,【手游】土豆兄弟带全属性存档+最新热门MOD,安卓,game,https://pan.quark.cn/s/2091f477781e,,,,
,【手游】我的江湖,安卓,game,https://pan.quark.cn/s/55b3246571b5,,,,
,【手游】无尽噩梦5双版本,安卓,game,https://pan.quark.cn/s/f69bfebfa9c4,,,,
,【手游】我在异界开挂人生最新版,安卓,game,https://pan.quark.cn/s/59c1c0cd18ac,,,,
,【手游】植物大战僵尸2 多版本合集,安卓,game,https://pan.quark.cn/s/ac9d022a9e08,,,,
,〔安卓〕科洛蒙Coromon,安卓,game,https://pan.quark.cn/s/c6a5993b9e18,,,,
,〔手机游戏〕死亡之门,安卓,game,https://pan.quark.cn/s/71556dd9dfdb,,,,
,〔手机游戏〕伊始之地（内置mod菜单）,安卓,game,https://pan.quark.cn/s/f03b27cb7b72,,,,
,〔手机游戏〕《真实赛车3》,安卓,game,https://pan.quark.cn/s/66871e934cb6,,,,
,〔游戏 手机〕假面骑士超巅峰英雄,安卓,game,https://pan.quark.cn/s/1a72b70b9a10,,,,
,〔游戏 手机〕灵魂远征,安卓,game,https://pan.quark.cn/s/bae8a8fe2788,,,,
,〔游戏〕冰河时代生存大亨 v2.2.0,安卓,game,https://pan.quark.cn/s/bca92f5eaba4,,,,
,〔游戏〕疯狂动物园,安卓,game,https://pan.quark.cn/s/3748be44b36c,,,,
,〔游戏〕Rush rally3,安卓,game,https://pan.quark.cn/s/8cfe91d0d891,,,,
,104983失落传奇70_20230911_120105_210,安卓,game,https://pan.quark.cn/s/ed09c9f7627f,,,,
,116403尼米亚人传奇万德卡尔18,安卓,game,https://pan.quark.cn/s/50bd2bdd0b85,,,,
,119509整蛊邻居第1季中文辅助菜单21ppk,安卓,game,https://pan.quark.cn/s/261636085a91,,,,
,122739枪手丧尸幸存者304,安卓,game,https://pan.quark.cn/s/24d8f1329bea,,,,
,61986DFQ地下城与勇士同人单机版14,安卓,game,https://pan.quark.cn/s/6a1f4ec0d2b5,,,,
,63336地下城探险3081,安卓,game,https://pan.quark.cn/s/99dd7272358a,,,,
,70383暴走龙骑士3,安卓,game,https://pan.quark.cn/s/64dd7be06d9c,,,,
,84766尼尔机械纪元1,安卓,game,https://pan.quark.cn/s/f95d6ab47900,,,,
,阿尔法特工_内置mod0.5.2,安卓,game,https://pan.quark.cn/s/c889f7eedcfa,,,,
,阿尔法小队 内置菜单1.7.12,安卓,game,https://pan.quark.cn/s/5f67df785e79,,,,
,挨饿荒野_2.4,安卓,game,https://pan.quark.cn/s/96aae46ef5b8,,,,
,暗黑地下城RPG_大量货币1.0,安卓,game,https://pan.quark.cn/s/0996d78daa55,,,,
,暗黑破坏神2（端游移植版）,安卓,game,https://pan.quark.cn/s/bdcddf7c1b6a,,,,
,艾力达_完整版1.32.23,安卓,game,https://pan.quark.cn/s/e2a7fb445b5b,,,,
,阿拉德战争_内置菜单1.0.0,安卓,game,https://pan.quark.cn/s/16f727ef8ee6,,,,
,艾丽卡_内置菜单1.9.5,安卓,game,https://pan.quark.cn/s/db1fb4a4ecf2,,,,
,艾洛伊：防卫战争_1.19.00(1),安卓,game,https://pan.quark.cn/s/21d656923a95,,,,
,艾洛伊：防卫战争_1.19.00,安卓,game,https://pan.quark.cn/s/0ff5005fb581,,,,
,AM2R银河战士开源版,安卓,game,https://pan.quark.cn/s/58063345e492,,,,
,安娜的怪物农场：起始之地（解锁无限钻石金币）,安卓,game,https://pan.quark.cn/s/bc0209953f89,,,,
,艾人的远征_修改版1.5,安卓,game,https://pan.quark.cn/s/b8c13946c22c,,,,
,艾人的长夜1.0,安卓,game,https://pan.quark.cn/s/7fc3ed05ca32,,,,
,奥特曼之热血格斗_内购xc7.4.0,安卓,game,https://pan.quark.cn/s/d78c52c15c54,,,,
,爱养成3_内购1.5.3.1,安卓,game,https://pan.quark.cn/s/f4521de1ed56,,,,
,暗影格斗2,安卓,game,https://pan.quark.cn/s/011a930b99f5,,,,
,暗影格斗2特别版（内置mod菜单）,安卓,game,https://pan.quark.cn/s/7eec2359299e,,,,
,暗影格斗2无限金币钻石内置菜单中文版2.31.5,安卓,game,https://pan.quark.cn/s/143d065895ae,,,,
,暗影格斗2中文版(shadowfight2) v2.33.0 ,安卓,game,https://pan.quark.cn/s/90227ca59bdb,,,,
,暗影猎人_无限钻石1.1.85,安卓,game,https://pan.quark.cn/s/17940489eb75,,,,
,暗夜末灯_1.5.50,安卓,game,https://pan.quark.cn/s/cae9a122d4fb,,,,
,暗影骑士高级版_内置菜单3.24.88(1),安卓,game,https://pan.quark.cn/s/a9ce421f66ad,,,,
,暗影骑士高级版_内置菜单3.24.88,安卓,game,https://pan.quark.cn/s/fad0666959a6,,,,
,暗影幸存者汉化版1.3.25,安卓,game,https://pan.quark.cn/s/ef78eeb2432f,,,,
,暗影英雄：空闲防御战争_内置菜单12,安卓,game,https://pan.quark.cn/s/ab5e624e0a6c,,,,
,暗影之虫突袭_无限金币1.3,安卓,game,https://pan.quark.cn/s/b6932460a4ea,,,,
,暗影之日（汉化＋灵敏度）,安卓,game,https://pan.quark.cn/s/5396008ea09b,,,,
,安卓单机松鼠大战fc移植,安卓,game,https://pan.quark.cn/s/152edea0c220,,,,
,安卓金铲铲之战单机版本,安卓,game,https://pan.quark.cn/s/764974dea417,,,,
,安卓手机游戏《60秒生存太空版60 Parsecs!v1.3.1》[完整版]进游戏，长，请耐心等待。Steam移植,安卓,game,https://pan.quark.cn/s/5b52349c8575,,,,
,安卓手机游戏《60秒重制版60 Seconds Reatomizedv1.2.4.81》[完整版]Steam移植,安卓,game,https://pan.quark.cn/s/e4adc3ee59a1,,,,
,安卓手机游戏《60秒重置版》[完整版]Steam移植,安卓,game,https://pan.quark.cn/s/080037917b7b,,,,
,安卓手机游戏《70亿人7 Billion HumansV1.0.4.2》[完整版]Steam移植,安卓,game,https://pan.quark.cn/s/647613a1f0af,,,,
,安卓手机游戏《1979革命:黑色星期五》[汉化版]Steam移植(1),安卓,game,https://pan.quark.cn/s/25462f7e0ee7,,,,
,安卓手机游戏《阿尔莫拉岛v1.1.87》[完整版],安卓,game,https://pan.quark.cn/s/a10e645f9eda,,,,
,安卓手机游戏《阿尔祖崛起v0.55》(用mt管理器安装)[完整版]Steam移植,安卓,game,https://pan.quark.cn/s/5ee4574b2738,,,,
,安卓手机游戏《埃及古国v2.0.5》[完整版]Steam移植,安卓,game,https://pan.quark.cn/s/9d1e4de237dd,,,,
,安卓手机游戏《阿里克与废墟王国v1.2.11》[完整版]Steam移植,安卓,game,https://pan.quark.cn/s/87b7b3d636b3,,,,
,安卓手机游戏《爱丽丝与巨人v2.0.7》[完整版]Steam移植,安卓,game,https://pan.quark.cn/s/428e1cb4263b,,,,
,安卓手机游戏《艾希v1.1.1》[完整版]Steam移植,安卓,game,https://pan.quark.cn/s/3325f4dfebce,,,,
,安卓手机游戏《爱与恨2v1.2.0》[完整版]Steam移植,安卓,game,https://pan.quark.cn/s/4b6cdf9b057f,,,,
,安卓手机游戏《案追声疑v1.0.4》[完整版+DLC]Steam移植,安卓,game,https://pan.quark.cn/s/ea526c75fa20,,,,
,安卓手机游戏《波比的游戏时间第二章v1.42》[完整版]Steam移植,安卓,game,https://pan.quark.cn/s/3ba03dc158aa,,,,
,安卓手机游戏《班班幼儿园2Garten Of Banban 2 v1.0.10》[完整版]Steam移植,安卓,game,https://pan.quark.cn/s/a33b95479a54,,,,
,安卓手机游戏《报废Scrappagev1.1.31》[完整版]Steam移植,安卓,game,https://pan.quark.cn/s/e748c482dbfb,,,,
,安卓手机游戏《八分钟帝国v1.2.12》[完整版]Steam移植,安卓,game,https://pan.quark.cn/s/f088d9025887,,,,
,安卓手机游戏《暴君的游戏v1.9.7》[完整版]Steam移植,安卓,game,https://pan.quark.cn/s/ede85fee7cf3,,,,
,安卓手机游戏《搬家模拟器Unpackingv1.02》[完整版]Steam移植,安卓,game,https://pan.quark.cn/s/0ef075de2b21,,,,
,安卓手机游戏《北境叛乱v13》[完整版]Steam移植,安卓,game,https://pan.quark.cn/s/3a17d51fcdc5,,,,
,安卓手机游戏《搏击长空：风暴特工队》(支持安卓14游玩)[优化版],安卓,game,https://pan.quark.cn/s/515acee10997,,,,
,安卓手机游戏《不可鲁莽v1.36.6》[完整版]Steam移植,安卓,game,https://pan.quark.cn/s/1d2a238ab9d6,,,,
,安卓手机游戏《北欧女神蕾娜斯v1.0.7》[完整版]Steam移植,安卓,game,https://pan.quark.cn/s/2f4af6b4048c,,,,
,安卓手机游戏《不死军团2v1.0.7.2》[完整版]Steam移植,安卓,game,https://pan.quark.cn/s/39c81041c69f,,,,
,安卓手机游戏《本所七大不思议v1.2》[中文版+完整版]Steam移植,安卓,game,https://pan.quark.cn/s/70b0e8e008a4,,,,
,安卓手机游戏《不死族2v1.0.7.2》[完整版]Steam移植,安卓,game,https://pan.quark.cn/s/379adb7d5396,,,,
,安卓手机游戏《薄雾Mistv1.4.4》[完整版+中文版],安卓,game,https://pan.quark.cn/s/8eb635ba8129,,,,
,安卓手机游戏《波西亚时光v1.0.11268》[完整版]Steam移植,安卓,game,https://pan.quark.cn/s/a517e0618210,,,,
,安卓手机游戏《变异绝境v1.0.22》,安卓,game,https://pan.quark.cn/s/6aec21bb7e3c,,,,
,安卓手机游戏《不要喂猴子v1.0.73》[完整版]Steam移植,安卓,game,https://pan.quark.cn/s/17a48cb55fe1,,,,
,安卓手机游戏《百战天虫行动版V1.2.809093》[完整版]Steam移植,安卓,game,https://pan.quark.cn/s/9ffa09f26c99,,,,
,安卓手机游戏《茶杯Teacup》[完整版]Steam移植,安卓,game,https://pan.quark.cn/s/08950fdff601,,,,
,安卓手机游戏《踩地雷v1.2.113》[完整版+网飞版],安卓,game,https://pan.quark.cn/s/4c2b25d5fbd1,,,,
,安卓手机游戏《彩虹六号手游Rainbow Six Mobile v1.1.0》Steam移植,安卓,game,https://pan.quark.cn/s/49dfbcb27368,,,,
,安卓手机游戏《超级六边形SuperHexagon v2.7.7》[完整版]Steam移植,安卓,game,https://pan.quark.cn/s/48328a04f356,,,,
,安卓手机游戏《超级肉男孩永恒v6752.1832.1958.152》[完整版]Steam移植,安卓,game,https://pan.quark.cn/s/8c166e7860e9,,,,
,安卓手机游戏《超级扫雷v1.5.5.9》[完整版]Steam移植,安卓,game,https://pan.quark.cn/s/4feeed94b98a,,,,
,安卓手机游戏《缠结塔Tangle Towerv1.0》[完整版]Steam移植,安卓,game,https://pan.quark.cn/s/af0df4dc9534,,,,
,安卓手机游戏《丑陋Ugly v1.1.0》[完整版]Steam移植,安卓,game,https://pan.quark.cn/s/d8f942d2ac52,,,,
,安卓手机游戏《触摸艺术2v1.0.2》[完整版]Steam移植,安卓,game,https://pan.quark.cn/s/6d19a518386d,,,,
,安卓手机游戏《超能机器人Bibots v0.91》[完整版]Steam移植,安卓,game,https://pan.quark.cn/s/e02c92deec81,,,,
,安卓手机游戏《传说法师v1.24.30008》[完整版]Steam移植,安卓,game,https://pan.quark.cn/s/f545dd499afb,,,,
,安卓手机游戏《传送门骑士Portal Knights v1.5.4》[完整版]Steam移植,安卓,game,https://pan.quark.cn/s/b71ea6469313,,,,
,安卓手机游戏《朝圣者Pilgrims v1.1.0》[完整版]Steam移植,安卓,game,https://pan.quark.cn/s/34eb36208b9d,,,,
,安卓手机游戏《传说之下v2.0.0》[完整版]Steam移植,安卓,game,https://pan.quark.cn/s/afa903adecfb,,,,
,安卓手机游戏《地堡21Bunker 21》[完整版]Steam移植,安卓,game,https://pan.quark.cn/s/700c52ab9600,,,,
,安卓手机游戏《大波比车：赛车大赛BIG-Bobby-Car - The Big Racev1.2》[完整版]Steam移植,安卓,game,https://pan.quark.cn/s/08ff433d41f7,,,,
,安卓手机游戏《叠层世界v2.1.1》[完整版]Steam移植,安卓,game,https://pan.quark.cn/s/7ce3e5bb581f,,,,
,安卓手机游戏《堆叠大陆v1.0.6》[完整版]Steam移植,安卓,game,https://pan.quark.cn/s/ba434b31408d,,,,
,安卓手机游戏《滴答双人冒险v1.1.8》[完整版]Steam移植,安卓,game,https://pan.quark.cn/s/c4c9259dc126,,,,
,安卓手机游戏《帝国神鹰：飞行中队v1.0.18》[完整版]Steam移植,安卓,game,https://pan.quark.cn/s/d6a5c60895fd,,,,
,安卓手机游戏《Dino HazardChronos Blackout恐龙危机》[完整版]Steam移植,安卓,game,https://pan.quark.cn/s/493552fb2af8,,,,
,安卓手机游戏《第九黎明3汉化版》[完整版]Steam移植,安卓,game,https://pan.quark.cn/s/5dccefc31c50,,,,
,安卓手机游戏《点击启示录2v1.08》[完整版],安卓,game,https://pan.quark.cn/s/5d10099b7ef9,,,,
,安卓手机游戏《洞窟冒险团物语v1.2.9》(如果进不去断网进入)再或者用科学上网[完整版],安卓,game,https://pan.quark.cn/s/3b0070c7e51b,,,,
,安卓手机游戏《独轮车上的独角兽v1.2.0》[完整版]Steam移植,安卓,game,https://pan.quark.cn/s/9b99e2a448eb,,,,
,安卓手机游戏《地牢制造者v1.11.24》[全皮肤+完整版],安卓,game,https://pan.quark.cn/s/01b0305a26fb,,,,
,安卓手机游戏《当铺人生2DealersLife2 v1.015》[完整版]Steam移植,安卓,game,https://pan.quark.cn/s/c52307350109,,,,
,安卓手机游戏《当铺人生当铺人生2v21.015》[完整版]Steam移植,安卓,game,https://pan.quark.cn/s/253c4b8cc66b,,,,
,安卓手机游戏《地平線上的蕾亞之翼(Laya's Horizon)》[完整版](首次进游戏黑屏，等待即可),安卓,game,https://pan.quark.cn/s/3b3140b75326,,,,
,安卓手机游戏《地平线上的蕾亚之翼v1.8.687》[完整版]Steam移植,安卓,game,https://pan.quark.cn/s/024e333b2d45,,,,
,安卓手机游戏《地球末日生存少女Zv1.0.58》[完整版],安卓,game,https://pan.quark.cn/s/0f61447eff13,,,,
,安卓手机游戏《单手掌声One Hand Clappingv1.0.45》[完整版](用mt管理器安装)Steam移植,安卓,game,https://pan.quark.cn/s/1e530402e157,,,,
,安卓手机游戏《地铁繁花v1.1.9》[完整版]Steam移植,安卓,game,https://pan.quark.cn/s/de0c309604f5,,,,
,安卓手机游戏《地铁跑酷v3.24.2》[mod版],安卓,game,https://pan.quark.cn/s/32e1949ae25f,,,,
,安卓手机游戏《地下城探险公会Guild of Dungeoneering》[汉化版+DLC+完整版]Steam移植,安卓,game,https://pan.quark.cn/s/9878aa9f5bb0,,,,
,安卓手机游戏《当幽灵来敲门Knock-Knockv2.19》[完整版]Steam移植,安卓,game,https://pan.quark.cn/s/fa3b89a2a019,,,,
,安卓手机游戏《地狱之窟HofAv1.7b2》[完整版],安卓,game,https://pan.quark.cn/s/934f65475c31,,,,
,安卓手机游戏《打造世界v1.9.50》[完整版+DLC]Steam移植,安卓,game,https://pan.quark.cn/s/551710526cc7,,,,
,安卓手机游戏《盗贼遗产2v1.0.3》(关掉网络即可必掉广告)[完整版]Steam移植,安卓,game,https://pan.quark.cn/s/b13d16e85591,,,,
,安卓手机游戏《恶果之地v3.1.5》[mod版],安卓,game,https://pan.quark.cn/s/f2c4816fc204,,,,
,安卓手机游戏《恶魔城X 月下夜想曲v1.0.4》[完整版]Steam移植,安卓,game,https://pan.quark.cn/s/4d59c293482a,,,,
,安卓手机游戏《恶魔轮盘Buckshot Roulettev1.2.1》[完整版]Steam移植,安卓,game,https://pan.quark.cn/s/909948bb4429,,,,
,安卓手机游戏《恶魔轮盘中文无血版》[完整版]pC移植,安卓,game,https://pan.quark.cn/s/597cca403152,,,,
,安卓手机游戏《饿殍：明末千里行v2.3》Steam移植,安卓,game,https://pan.quark.cn/s/74898a8545b7,,,,
,安卓手机游戏《鳄鱼侦探布罗格v1.0.22》[完整版]Steam移植,安卓,game,https://pan.quark.cn/s/ad9ce2a7e064,,,,
,安卓手机游戏《鳄鱼侦探布罗格v1.0.42》[完整版]Steam移植,安卓,game,https://pan.quark.cn/s/0393568df2e2,,,,
,安卓手机游戏《鳄鱼侦探布罗格尾诞节v1.0.4》[完整版]Steam移植,安卓,game,https://pan.quark.cn/s/f6cf89294925,,,,
,安卓手机游戏《非常英雄v1.2》[完整版]Steam移植,安卓,game,https://pan.quark.cn/s/443927e244bf,,,,
,安卓手机游戏《浮岛物语Foragerv1.0.13》[完整版]Steam移植,安卓,game,https://pan.quark.cn/s/6ac9624648d6,,,,
,安卓手机游戏《菲格涅莉亚-诅咒的人偶馆》[完整版],安卓,game,https://pan.quark.cn/s/2ecb140abda0,,,,
,安卓手机游戏《方块传说海盗Tile Tales Piratesv1.0.1》[完整版]Steam移植,安卓,game,https://pan.quark.cn/s/de3fd97b5632,,,,
,安卓手机游戏《反抗的警察v1.8》[完整版]Steam移植,安卓,game,https://pan.quark.cn/s/ab38b75bcafe,,,,
,安卓手机游戏《疯狂的足球v1.0.11》[完整版]Steam移植,安卓,game,https://pan.quark.cn/s/8d6734c2e29b,,,,
,安卓手机游戏《疯狂派对PartyHardGOv0.100034》[完整版]Steam移植,安卓,game,https://pan.quark.cn/s/b75b7f33999e,,,,
,安卓手机游戏《弗兰的悲惨之旅v1.0.0》[汉化版+完整版]Steam移植,安卓,game,https://pan.quark.cn/s/82faf1bfafc2,,,,
,安卓手机游戏《愤怒的小鸟2Angry Birds 2v3.21.5》[完整版],安卓,game,https://pan.quark.cn/s/4d94b2fa8aef,,,,
,安卓手机游戏《愤怒的小鸟肉鸽版v1.51》,安卓,game,https://pan.quark.cn/s/66d101595d6f,,,,
,安卓手机游戏《疯人院Sanitariumv1.1.5》[完整版]Steam移植,安卓,game,https://pan.quark.cn/s/0ff4bdea35c5,,,,
,安卓手机游戏《浮生千百事v1.0.31》[完整版]Steam移植,安卓,game,https://pan.quark.cn/s/a5b9ce5fd134,,,,
,安卓手机游戏《辐射：避难所v1.21.0》[完整版]Steam移植,安卓,game,https://pan.quark.cn/s/fce5fccb7193,,,,
,安卓手机游戏《复体The Complex v1.5》[完整版]Steam移植,安卓,game,https://pan.quark.cn/s/2dd236e0c032,,,,
,安卓手机游戏《返校Detentionv3.1》[完整版]Steam移植,安卓,game,https://pan.quark.cn/s/ba031029e54c,,,,
,安卓手机游戏《风之峰Wind Peaksv1.17.0》[完整版]Steam移植,安卓,game,https://pan.quark.cn/s/153bf6f3f839,,,,
,安卓手机游戏《孤独的村庄Lonesome Village v1.6.11》[完整版]Steam移植,安卓,game,https://pan.quark.cn/s/feb3624a357c,,,,
,安卓手机游戏《孤胆枪手2：重装上阵v1.1.4》[完整版]Steam移植,安卓,game,https://pan.quark.cn/s/e096b72cd094,,,,
,安卓手机游戏《篝火2未知海岸v190.2.0》[去广告+完整版]Steam移植,安卓,game,https://pan.quark.cn/s/573e32bdbf7b,,,,
,安卓手机游戏《割韭菜啦》[完整版]Steam移植,安卓,game,https://pan.quark.cn/s/f74daaff0657,,,,
,安卓手机游戏《国际篮球经理2023v1.2.7》[完整版]Steam移植,安卓,game,https://pan.quark.cn/s/5081184b8f5e,,,,
,安卓手机游戏《归家异途Home Behindv1.3.5》[DLC+完整版]Steam移植,安卓,game,https://pan.quark.cn/s/ec455ea22713,,,,
,安卓手机游戏《故事创说人v1.1.19.2》[完整版]Steam移植,安卓,game,https://pan.quark.cn/s/c51c4c6dbb71,,,,
,安卓手机游戏《怪物拉什神话v1.06》[完整版]Steam移植,安卓,game,https://pan.quark.cn/s/a4de8ca32fac,,,,
,安卓手机游戏《光线Linelightv1.4.44》[完整版]Steam移植,安卓,game,https://pan.quark.cn/s/8b02491a131c,,,,
,安卓手机游戏《光之旅SHINEv1.90.13》[完整版]Steam移植,安卓,game,https://pan.quark.cn/s/0b9e49e535ab,,,,
,安卓手机游戏《黑暗幻影SIMULACRA v1.0.64》[完整版]Steam移植,安卓,game,https://pan.quark.cn/s/d6a865e4a628,,,,
,安卓手机游戏《混沌与秩序2救赎》[免谷歌版],安卓,game,https://pan.quark.cn/s/0a49a484261d,,,,
,安卓手机游戏《红怪Carrionv1.0.37》[完整版]Steam移植,安卓,game,https://pan.quark.cn/s/494b9205649f,,,,
,安卓手机游戏《坏结局剧院v1.7.8》[完整版]Steam移植,安卓,game,https://pan.quark.cn/s/55525e597d3a,,,,
,安卓手机游戏《坏结局剧院v1.8.0》[完整版]Steam移植,安卓,game,https://pan.quark.cn/s/14830b9808a9,,,,
,安卓手机游戏《幻径Kenshōv1.9.8》[完整版]Steam移植,安卓,game,https://pan.quark.cn/s/68960c831f56,,,,
,安卓手机游戏《合金重组》Steam移植,安卓,game,https://pan.quark.cn/s/50feeb21935c,,,,
,安卓手机游戏《海克斯炸欢天v1.0.9》[完整版]Steam移植,安卓,game,https://pan.quark.cn/s/45de3d78c934,,,,
,安卓手机游戏《狐狸冲刺FoxyRush》[完整版]Steam移植,安卓,game,https://pan.quark.cn/s/7330744b3772,,,,
,安卓手机游戏《活埋v1.0.1》[完整版]Steam移植,安卓,game,https://pan.quark.cn/s/8a1a2c7ae0b9,,,,
,安卓手机游戏《毁灭战士2DOOM IIv1.0.11》[完整版]Steam移植,安卓,game,https://pan.quark.cn/s/bb99722842a1,,,,
,安卓手机游戏《毁灭战士v1.0.11》[完整版]Steam移植,安卓,game,https://pan.quark.cn/s/1502c7a178e8,,,,
,安卓手机游戏《火山的女儿v1.03》Steam移植,安卓,game,https://pan.quark.cn/s/e0256bd92cf9,,,,
,安卓手机游戏《红太阳Redsun RTS Premium v1.1.263》[完整版],安卓,game,https://pan.quark.cn/s/806afdd8a4e8,,,,
,安卓手机游戏《火星归来v1.5.2》[完整版]Steam移植,安卓,game,https://pan.quark.cn/s/e9500a99277b,,,,
,安卓手机游戏《花园之间》[完整版]Steam移植,安卓,game,https://pan.quark.cn/s/755f9fadccab,,,,
,安卓手机游戏《盒子 丢失的碎片v1.11》[完整版]Steam移植,安卓,game,https://pan.quark.cn/s/aebdb7dea2e3,,,,
,安卓手机游戏《海之号角Oceanhorn v1.1.9》[完整版]Steam移植,安卓,game,https://pan.quark.cn/s/1489b3d41f54,,,,
,安卓手机游戏《坚持战争Stick War Sagav2024.3.1895》[完整版],安卓,game,https://pan.quark.cn/s/07196c224639,,,,
,安卓手机游戏《饥饿派画家Passpartout v1.31》[完整版]Steam移植,安卓,game,https://pan.quark.cn/s/901399b90e49,,,,
,安卓手机游戏《巨怪灾难v1.0》[完整版]Steam移植,安卓,game,https://pan.quark.cn/s/a269fd16474a,,,,
,安卓手机游戏《劫后公司v1.0.2》[完整版]Steam移植,安卓,game,https://pan.quark.cn/s/1380bcca711c,,,,
,安卓手机游戏《饥荒海难ⅴ1.33.2》[完整版]Steam移植,安卓,game,https://pan.quark.cn/s/dee62a3b1467,,,,
,安卓手机游戏《饥荒梦魇王座v1.27.4B》[完整版+模组]Steam移植,安卓,game,https://pan.quark.cn/s/dd323b469c20,,,,
,安卓手机游戏《饥荒整合版巨人国v1.19.18》[完整版]Steam移植,安卓,game,https://pan.quark.cn/s/899a05dc664f,,,,
,安卓手机游戏《绝境北方Bad Northv2.00.20》[完整版]Steam移植,安卓,game,https://pan.quark.cn/s/f8516cb7b269,,,,
,安卓手机游戏《机甲妮卡MechaNikav1.2.2》[完整版]Steam移植,安卓,game,https://pan.quark.cn/s/2af7d76bcee6,,,,
,安卓手机游戏《极简塔防v0.11.4》Steam移植,安卓,game,https://pan.quark.cn/s/cf3822849ada,,,,
,安卓手机游戏《精灵与橡木之歌Oaken v1.2.0c》[完整版]Steam移植,安卓,game,https://pan.quark.cn/s/7b4cb66189ad,,,,
,安卓手机游戏《绝密档案v2.5.1》[完整版],安卓,game,https://pan.quark.cn/s/44bcd7fdfdde,,,,
,安卓手机游戏《纪念碑谷2v3.5.500》[完整版]Steam移植,安卓,game,https://pan.quark.cn/s/02378abe1532,,,,
,安卓手机游戏《金偶像谜案TheCaseoftheGoldenIdolv1.4》[完整版]Steam移植,安卓,game,https://pan.quark.cn/s/4dd5c712f25d,,,,
,安卓手机游戏《僵尸之夜恐怖v2.0》[完整版]Steam移植,安卓,game,https://pan.quark.cn/s/16156bc64a83,,,,
,安卓手机游戏《节奏地牢》[完整版]Steam移植,安卓,game,https://pan.quark.cn/s/fd52ca23403c,,,,
,安卓手机游戏《交战Firefight v9.0.0》[完整版]Steam移植,安卓,game,https://pan.quark.cn/s/b094470d5a11,,,,
,安卓手机游戏《节奏人生v0.7.0》[完整版]Steam移植,安卓,game,https://pan.quark.cn/s/2141b2e56857,,,,
,安卓手机游戏《恐怖逃脱Metelv1.04》[完整版]Steam移植,安卓,game,https://pan.quark.cn/s/95e7589dc314,,,,
,安卓手机游戏《口袋城市2v1.031汉化版》[完整版],安卓,game,https://pan.quark.cn/s/c30aae046231,,,,
,安卓手机游戏《快刀小金v1.0.0》[完整版]Steam移植,安卓,game,https://pan.quark.cn/s/7664f8214d92,,,,
,安卓手机游戏《矿工物语v4.23.25》[完整版]Steam移植,安卓,game,https://pan.quark.cn/s/61430cbdd9e0,,,,
,安卓手机游戏《科洛蒙Coromon v1.2.14》[完整版]Steam移植,安卓,game,https://pan.quark.cn/s/413b8db6555e,,,,
,安卓手机游戏《骷髅女孩Skullgirls v6.2.1》[完整版]Steam移植,安卓,game,https://pan.quark.cn/s/97743bf0b40c,,,,
,安卓手机游戏《卡片爬行冒险v177》[完整版]Steam移植,安卓,game,https://pan.quark.cn/s/11bf0c48842f,,,,
,安卓手机游戏《卡牌生存热带岛屿v1.05u》[完整版]Steam移植,安卓,game,https://pan.quark.cn/s/23583f7f41b2,,,,
,安卓手机游戏《克苏鲁神话 疯狂低语(Lunatic Whispers)》[完整版]Steam移植,安卓,game,https://pan.quark.cn/s/687299a90626,,,,
,安卓手机游戏《肯塔基零号公路v1.0.0》[完整版]Steam移植,安卓,game,https://pan.quark.cn/s/44d35fd91b06,,,,
,安卓手机游戏《渴望力量PowerlustV1.63.18》[完整版]Steam移植,安卓,game,https://pan.quark.cn/s/57e0b8b2d470,,,,
,安卓手机游戏《空闲前哨站v0.14.53》[完整版]Steam移植,安卓,game,https://pan.quark.cn/s/66d0de5f5bbb,,,,
,安卓手机游戏《狂野飙车8》[免谷歌版+离线版],安卓,game,https://pan.quark.cn/s/105f0052b25f,,,,
,安卓手机游戏《里奥的财富v1.0.10》[完整版]Steam移植,安卓,game,https://pan.quark.cn/s/a508e4057459,,,,
,安卓手机游戏《狼奔豕突2失落信号v1.2.14》[完整版]Steam移植,安卓,game,https://pan.quark.cn/s/8a2cbbd2a994,,,,
,安卓手机游戏《狼奔豕突2：消失的信号v1.5.5》[完整版]Steam移植,安卓,game,https://pan.quark.cn/s/fc8bc8851aed,,,,
,安卓手机游戏《狼奔豕突OXENFREEv4.1.8》[完整版]Steam移植,安卓,game,https://pan.quark.cn/s/bb3060806c68,,,,
,安卓手机游戏《雷顿教授与不可思议的小镇v1.0.7》[完整版]Steam移植,安卓,game,https://pan.quark.cn/s/a78c5c300530,,,,
,安卓手机游戏《灵魂旅者(Spiritfarer)》[完整版]Steam移植,安卓,game,https://pan.quark.cn/s/99774e9ef8fe,,,,
,安卓手机游戏《冷酷流浪2Grim wanderings 2v1.97》[完整版]Steam移植,安卓,game,https://pan.quark.cn/s/cc32a60e8e99,,,,
,安卓手机游戏《历历在目Before Your Eyesv1.2.65》[完整版]Steam移植,安卓,game,https://pan.quark.cn/s/fff496bf163f,,,,
,安卓手机游戏《黎明前20分钟20 Minutes Till Dawn v4.1》[完整版]Steam移植,安卓,game,https://pan.quark.cn/s/98aecabff9e6,,,,
,安卓手机游戏《黎明前20分钟v4.2》[完整版]Steam移植,安卓,game,https://pan.quark.cn/s/d6b444e9d8c4,,,,
,安卓手机游戏《来人 LIGHTWORKERS v1.1.1》[完整版]Steam移植,安卓,game,https://pan.quark.cn/s/2bdcc2bca703,,,,
,安卓手机游戏《浪人：末代武士v2.10.670》[m0d版],安卓,game,https://pan.quark.cn/s/bfb10f976b23,,,,
,安卓手机游戏《笼中窥梦Moncagev1.07》[完整版]Steam移植,安卓,game,https://pan.quark.cn/s/b0489e54bf3e,,,,
,安卓手机游戏《蜡烛人Candlemanv3.3.1》[完整版]Steam移植,安卓,game,https://pan.quark.cn/s/b421b13967fa,,,,
,安卓手机游戏《蔓不生长Antivinev0.3.19》[完整版]Steam移植,安卓,game,https://pan.quark.cn/s/1fd2b2d87c43,,,,
,安卓手机游戏《幕府帝国v2.0.1》[完整版]Steam移植,安卓,game,https://pan.quark.cn/s/2fde9cf7a141,,,,
,安卓手机游戏《魔法狂暴Magic Rampage v 6.2.4》[完整版]Steam移植,安卓,game,https://pan.quark.cn/s/d7b834448d2a,,,,
,安卓手机游戏《猛鬼大厦v1.3.6》[完整版]Steam移植,安卓,game,https://pan.quark.cn/s/f1226a2d7155,,,,
,安卓手机游戏《魔幻世界The Enchanted Worldv2.1.3》[完整版],安卓,game,https://pan.quark.cn/s/597a9337544c,,,,
,安卓手机游戏《Minabo 漫步人生v1.0.3》[完整版]Steam移植,安卓,game,https://pan.quark.cn/s/86f5c19bc03a,,,,
,安卓手机游戏《密教模拟器v3.6.1》[完整版+DLC]Steam移植,安卓,game,https://pan.quark.cn/s/b7fe44c5f69a,,,,
,安卓手机游戏《魔君：致命错误》[完整版]Steam移植,安卓,game,https://pan.quark.cn/s/f2a2489d2773,,,,
,安卓手机游戏《米洛和喜鹊Milo and the Magpiesv1.0.6》[完整版]Steam移植,安卓,game,https://pan.quark.cn/s/bff502437da8,,,,
,安卓手机游戏《喵咪斗恶龙Cat Questv1.2.15》[完整版]Steam移植,安卓,game,https://pan.quark.cn/s/c31faea6e304,,,,
,安卓手机游戏《迷你地铁Mini Metrov2.54.1》[完整版]Steam移植,安卓,game,https://pan.quark.cn/s/430de095e4ae,,,,
,安卓手机游戏《模拟农场18v1.5.0.0 - Google - OES3》[完整版]Steam移植,安卓,game,https://pan.quark.cn/s/60ad1977d9be,,,,
,安卓手机游戏《模拟人生v43.0.0.151508》[完整版]Steam移植,安卓,game,https://pan.quark.cn/s/d35ba15e59c4,,,,
,安卓手机游戏《模拟山羊收获日v2.0.4》[完整版]Steam移植,安卓,game,https://pan.quark.cn/s/6b030ccd899f,,,,
,安卓手机游戏《魔女之泉4ⅴ2.11》[完整版+mod版]支持中文！,安卓,game,https://pan.quark.cn/s/79dae04f2dc6,,,,
,安卓手机游戏《魔王大人，击退勇者吧v1.1.4》[完整版+DLC]Steam移植,安卓,game,https://pan.quark.cn/s/556f08f41a92,,,,
,安卓手机游戏《冒险生活Life in Adventure v1.2.14》[完整版],安卓,game,https://pan.quark.cn/s/ea22aedac2e7,,,,
,安卓手机游戏《猫语翻译器while True learn()v1.2.91》[完整版]Steam移植,安卓,game,https://pan.quark.cn/s/99f6f57186fc,,,,
,安卓手机游戏《漫长等待The Longingv1.00》[完整版]Steam移植,安卓,game,https://pan.quark.cn/s/fdb662f54b2f,,,,
,安卓手机游戏《南极洲88号Antarctica 88v1.7.3》[完整版]Steam移植,安卓,game,https://pan.quark.cn/s/d82de3fb91ed,,,,
,安卓手机游戏《尼可梦一代v4.3.3》修复了不闪退了[完整版+mod版](支持最新安卓版本游玩)Steam移植,安卓,game,https://pan.quark.cn/s/7c64ea0f7708,,,,
,安卓手机游戏《酿造物语Hundred DaysⅤ1.5.0》[完整版+DLC]Steam移植,安卓,game,https://pan.quark.cn/s/c40ae34d747c,,,,
,安卓手机游戏《内在昔日The Past Within v7.8.0.0》[完整版]Steam移植,安卓,game,https://pan.quark.cn/s/e4a9f3a41fc2,,,,
,安卓手机游戏《OPUS：灵魂之桥v4.12.2》[完整版]Steam移植,安卓,game,https://pan.quark.cn/s/f15fab70d780,,,,
,安卓手机游戏《平古教六角齿Pinku Kult Hex Mortis》[完整版]Steam移植,安卓,game,https://pan.quark.cn/s/abcc4c200a00,,,,
,安卓手机游戏《判官v1.2.2.02》[完整版]Steam移植,安卓,game,https://pan.quark.cn/s/1c125f0167d3,,,,
,安卓手机游戏《旁观者2 Beholder 2v1.7.16102》[完整版]Steam移植,安卓,game,https://pan.quark.cn/s/df8517e37520,,,,
,安卓手机游戏《旁观者Beholderv2.6.267》[完整版+DLC]Steam移植,安卓,game,https://pan.quark.cn/s/23e851347914,,,,
,安卓手机游戏《旁观者Beholderv2.6.269》[完整版]Steam移植,安卓,game,https://pan.quark.cn/s/e7be635126c4,,,,
,安卓手机游戏《Pine情与逝v1.4》[完整版]Steam移植,安卓,game,https://pan.quark.cn/s/1a1f7d790e6d,,,,
,安卓手机游戏《叛乱公司v1.16.1》[完整版]Steam移植,安卓,game,https://pan.quark.cn/s/9eff1c22ff4e,,,,
,安卓手机游戏《破碎的像素地牢v2.4.0》[完整版]Steam移植,安卓,game,https://pan.quark.cn/s/87338f242de9,,,,
,安卓手机游戏《帕斯卡契约Pascal's Wagerv1.6.7》[完整版+DLC]Steam移植,安卓,game,https://pan.quark.cn/s/05051a126cd5,,,,
,安卓手机游戏《帕斯卡契约v1.6.6》[完整版+DLC]Steam移植,安卓,game,https://pan.quark.cn/s/8cb2b8a049f3,,,,
,安卓手机游戏《披萨英雄v0.3.13》[完整版]Steam移植,安卓,game,https://pan.quark.cn/s/c24ab9c1bc60,,,,
,安卓手机游戏《破碎砖块复刻版v1.4》[完整版]Steam移植,安卓,game,https://pan.quark.cn/s/320134d69d27,,,,
,安卓手机游戏《破碎砖块重置版Shatterv1.4》[完整版]Steam移植,安卓,game,https://pan.quark.cn/s/121791dd7f2d,,,,
,安卓手机游戏《漂移传奇2Drift Legends 2》[mod版]7月新游,安卓,game,https://pan.quark.cn/s/2cc266028501,,,,
,"安卓手机游戏《请出示文件Papers, Pleasev1.4.12》[完整版]Steam移植",安卓,game,https://pan.quark.cn/s/034b59491fdc,,,,
,安卓手机游戏《铅弹轮盘赌v1.2.0》[完整版]Steam移植,安卓,game,https://pan.quark.cn/s/10d3cb566c9f,,,,
,安卓手机游戏《桥梁建筑师传送门v5.2》[完整版]Steam移植,安卓,game,https://pan.quark.cn/s/1c960cac42a1,,,,
,安卓手机游戏《桥梁建造师v10.2》[完整版]Steam移植,安卓,game,https://pan.quark.cn/s/18bd8f2f6f3c,,,,
,安卓手机游戏《气球塔防6 v41.1》[完整版]Steam移植,安卓,game,https://pan.quark.cn/s/67398c5bc295,,,,
,安卓手机游戏《气球塔防6 v41.2》[完整版]Steam移植,安卓,game,https://pan.quark.cn/s/39ce577023aa,,,,
,安卓手机游戏《气球塔防6v41.0》[完整版]Steam移植,安卓,game,https://pan.quark.cn/s/3bf75d9ff8e3,,,,
,安卓手机游戏《倾听画语最美好的景色v2.0.5》[完整版]Steam移植,安卓,game,https://pan.quark.cn/s/b700aee2339d,,,,
,安卓手机游戏《青铜时代v2.1》[完整版]Steam移植,安卓,game,https://pan.quark.cn/s/ceac345d0d43,,,,
,安卓手机游戏《奇巫妙森Wytchwood v1.0》[完整版]Steam移植,安卓,game,https://pan.quark.cn/s/2378fb0e1839,,,,
,安卓手机游戏《球型守卫Roundguardv2.0.6》[完整版]Steam移植,安卓,game,https://pan.quark.cn/s/32ad3c8f8846,,,,
,安卓手机游戏《去月球v3.7》[完整版]Steam移植,安卓,game,https://pan.quark.cn/s/013929f75d2e,,,,
,安卓手机游戏《枪与香蕉v4.11》[完整版]Steam移植,安卓,game,https://pan.quark.cn/s/e22f02f575c5,,,,
,安卓手机游戏《奇异园艺Strange Horticulturev1.1.602》[完整版]Steam移植,安卓,game,https://pan.quark.cn/s/bfd7ee1747ae,,,,
,安卓手机游戏《奇异园艺v1.1.591》[完整版]Steam移植,安卓,game,https://pan.quark.cn/s/0d7f6173734c,,,,
,安卓手机游戏《枪支世界枪支拆卸v2.2.2a8》[完整版]Steam移植,安卓,game,https://pan.quark.cn/s/e3e78f546bb8,,,,
,安卓手机游戏《枪支世界：枪支拆卸v2.2.2a8》[完整版]Steam移植,安卓,game,https://pan.quark.cn/s/030ad3e6b3b7,,,,
,安卓手机游戏《Resolutiion》[完整版]Steam移植,安卓,game,https://pan.quark.cn/s/248f530f59d5,,,,
,安卓手机游戏《人类黎明v1.3.3》[汉化版]Steam移植,安卓,game,https://pan.quark.cn/s/d2e5e1748414,,,,
,安卓手机游戏《深城Deep Townv6.2.03》[完整版],安卓,game,https://pan.quark.cn/s/5078639bf8b9,,,,
,安卓手机游戏《圣诞怪杰：圣诞大冒险》[完整版]Steam移植,安卓,game,https://pan.quark.cn/s/a0f596e6e196,,,,
,安卓手机游戏《上帝模拟器》[完整版],安卓,game,https://pan.quark.cn/s/e5c16641f411,,,,
,安卓手机游戏《曙光：绯色幻想》[去广告版],安卓,game,https://pan.quark.cn/s/32f127050664,,,,
,安卓手机游戏《兽嚎瘟疫Howl》[完整版]Steam移植,安卓,game,https://pan.quark.cn/s/0268231ed050,,,,
,安卓手机游戏《森久城物语Castle Morihisav1.3.0》[完整版]Steam移植,安卓,game,https://pan.quark.cn/s/2d852a2e5a6d,,,,
,安卓手机游戏《时空幻境纪念版v2.0.32》[完整版]Steam移植,安卓,game,https://pan.quark.cn/s/4685c84393ba,,,,
,安卓手机游戏《时空之轮Chrono Triggerv2.1.3》[完整版]史上第一rpg,安卓,game,https://pan.quark.cn/s/d7eba38da940,,,,
,安卓手机游戏《失落的记忆重制版v1.9.102》[完整版]Steam移植,安卓,game,https://pan.quark.cn/s/d624a301c277,,,,
,安卓手机游戏《杀戮尖塔v2.3.13》[完整版]Steam移植,安卓,game,https://pan.quark.cn/s/ecd9cf0cf6dd,,,,
,安卓手机游戏《塞勒姆镇2Town of Salem 2Ⅴ1.2.63》Steam移植,安卓,game,https://pan.quark.cn/s/f8c7a2555cd9,,,,
,安卓手机游戏《失落之语页面之外v1.1.20》[完整版]Steam移植,安卓,game,https://pan.quark.cn/s/8f507a50ef1a,,,,
,安卓手机游戏《沙皮克月球探索ShapikTMQv1.082.032》[完整版]Steam移植,安卓,game,https://pan.quark.cn/s/f3aafb0061a5,,,,
,安卓手机游戏《沙丘帝国DuneImperiumv1.4.0》[完整版]Steam移植,安卓,game,https://pan.quark.cn/s/a4814fae9318,,,,
,安卓手机游戏《石器时代v1.1.9》[完整版加汉化版]Steam移植,安卓,game,https://pan.quark.cn/s/f603126307d9,,,,
,安卓手机游戏《神奇小子龙之陷阱》[中文修复完整版]Steam移植,安卓,game,https://pan.quark.cn/s/5e1e3f274f97,,,,
,安卓手机游戏《烧肉模拟器v1.0.2》[完整版]Steam移植,安卓,game,https://pan.quark.cn/s/0a818b6463c0,,,,
,安卓手机游戏《烁石物语》[汉化版+完整版]Steam移植,安卓,game,https://pan.quark.cn/s/aff0a145ff49,,,,
,安卓手机游戏《史诗战斗幻想4Epic Battle Fantasy4v3.0.1》[完整版]Steam移植,安卓,game,https://pan.quark.cn/s/eb591fda0838,,,,
,安卓手机游戏《史诗战斗幻想5v1.0.51》[完整版]Steam移植,安卓,game,https://pan.quark.cn/s/6e686d2076be,,,,
,安卓手机游戏《史诗战役v8.2》[完整版],安卓,game,https://pan.quark.cn/s/574b5a960c45,,,,
,安卓手机游戏《石头纪StoneStoryRPGv4.6.7》[完整版]Steam移植,安卓,game,https://pan.quark.cn/s/2f4ccaf39930,,,,
,安卓手机游戏《守望者编年史》[完整版]Steam移植,安卓,game,https://pan.quark.cn/s/3eec9c14d3a5,,,,
,安卓手机游戏《死亡战车2Earn to Die 2v1.4.55》[完整版]Steam移植,安卓,game,https://pan.quark.cn/s/0d75d3e912ab,,,,
,安卓手机游戏《死亡战车2v1.4.47》[完整版]Steam移植,安卓,game,https://pan.quark.cn/s/5d4f4dba1697,,,,
,安卓手机游戏《死亡之门Death's Doorv1.2.4》[完整版]Steam移植,安卓,game,https://pan.quark.cn/s/fd6be360991d,,,,
,安卓手机游戏《石油大亨Turmoilv3.0.64》[完整版]重点断网运行_Steam移植,安卓,game,https://pan.quark.cn/s/d5a00affc715,,,,
,安卓手机游戏《鼠之城邦v1.095》[完整版]Steam移植,安卓,game,https://pan.quark.cn/s/d7ff2cf12ff2,,,,
,安卓手机游戏《十字军之王2：罗马遗产》[完整版],安卓,game,https://pan.quark.cn/s/d81528341b24,,,,
,安卓手机游戏《突变体熔化v1.0.2》[完整版]Steam移植,安卓,game,https://pan.quark.cn/s/e1a780a43716,,,,
,安卓手机游戏《逃出百慕大Down in BermudaV1.9.7》[完整版]Steam移植,安卓,game,https://pan.quark.cn/s/efee83aee3f4,,,,
,安卓手机游戏《土豆勇士Farmer Against Potatoes Idle v0.3805》[完整版]Steam移植,安卓,game,https://pan.quark.cn/s/dd25f1245740,,,,
,安卓手机游戏《TempleRun2神庙逃亡2v1.111.0》[m0d版],安卓,game,https://pan.quark.cn/s/8970ba62ec4f,,,,
,安卓手机游戏《天鹅绒流星队长 JUMP+异世界的小冒险v1.1.2》[完整版]Steam移植,安卓,game,https://pan.quark.cn/s/ac3bd5f8420b,,,,
,安卓手机游戏《特工A伪装游戏v5.5.0》[完整版]Steam移植,安卓,game,https://pan.quark.cn/s/1cfab1a59c80,,,,
,安卓手机游戏《糖果灾难Candy Disaster Fullv2.0.8》[完整版]Steam移植,安卓,game,https://pan.quark.cn/s/71c141287d4e,,,,
,安卓手机游戏《糖果灾难TDv3.4.7》[完整版]Steam移植,安卓,game,https://pan.quark.cn/s/d5a5c530674a,,,,
,安卓手机游戏《铁甲钢拳世界机器人拳击v87.87.127》[完整版],安卓,game,https://pan.quark.cn/s/4a2280a73973,,,,
,安卓手机游戏《太空刑警3Space Marshals 3v1.3.14》[m0d版],安卓,game,https://pan.quark.cn/s/b7f3d45b34b2,,,,
,安卓手机游戏《天空鱼传说2 Legend of the Skyfish 2v1.0》[完整版],安卓,game,https://pan.quark.cn/s/425c090403df,,,,
,安卓手机游戏《逃离方块：生日v5.0.0》[完整版]Steam移植,安卓,game,https://pan.quark.cn/s/5a4fc0c912cc,,,,
,安卓手机游戏《逃离蠕虫Wormster Dashv0.9.15》[完整版]Steam移植,安卓,game,https://pan.quark.cn/s/6aed449e950c,,,,
,安卓手机游戏《泰拉瑞亚v1.4.4.9.5》[完整版]Steam移植,安卓,game,https://pan.quark.cn/s/0eb387b60d2b,,,,
,安卓手机游戏《天命与厄运世界v1.8.8.00》[完整版]Steam移植,安卓,game,https://pan.quark.cn/s/d529df25b482,,,,
,安卓手机游戏《Towaga：暗影之中》[完整版]Steam移植,安卓,game,https://pan.quark.cn/s/286d4ddcc285,,,,
,安卓手机游戏《跆拳道大奖赛Taekwondo Grand Prix v2.1.6》[完整版]Steam移植,安卓,game,https://pan.quark.cn/s/7069e5ebffb9,,,,
,安卓手机游戏《听声辩位v0.2》[完整版],安卓,game,https://pan.quark.cn/s/0d90871f7236,,,,
,安卓手机游戏《逃税的萝卜男孩v1.1.21》[完整版]Steam移植,安卓,game,https://pan.quark.cn/s/81727000bcb7,,,,
,安卓手机游戏《甜甜圈都市Donut County v1.1.0》[完整版]Steam移植,安卓,game,https://pan.quark.cn/s/5812c0e7a4c2,,,,
,安卓手机游戏《逃脱者The Escapists》[汉化版+完整版]Steam移植,安卓,game,https://pan.quark.cn/s/81bb63188cdd,,,,
,安卓手机游戏《骰子地下城v2.1.0》[完整版]Steam移植,安卓,game,https://pan.quark.cn/s/e04f8b21474d,,,,
,安卓手机游戏《托兹哈之夜炼金术士团v0.5.0.8》[完整版]Steam移植,安卓,game,https://pan.quark.cn/s/000df22ef4c3,,,,
,安卓手机游戏《王 国英雄3v1.2.5》[完整版]Steam移植,安卓,game,https://pan.quark.cn/s/bb495b0d1723,,,,
,安卓手机游戏《我的世界凡人修仙传整合包》[JAVA版],安卓,game,https://pan.quark.cn/s/b6fb95546fb2,,,,
,安卓手机游戏《我的世界龙珠☉超整合包》[JAVA版],安卓,game,https://pan.quark.cn/s/8b37ae43ef38,,,,
,安卓手机游戏《我的世界Minecraft v1.20.81.01》[完整版],安卓,game,https://pan.quark.cn/s/358ea8de9bc4,,,,
,安卓手机游戏《我的小鲨鱼v1.0》[完整版]Steam移植,安卓,game,https://pan.quark.cn/s/25231d2671b4,,,,
,安卓手机游戏《巫毒侦探Voodoo Detective v0.0.32》[完整版]Steam移植,安卓,game,https://pan.quark.cn/s/402219ac9fae,,,,
,安卓手机游戏《王国80年代Kingdom Eighties v1.1.2》[完整版]Steam移植,安卓,game,https://pan.quark.cn/s/dc74c4048b4d,,,,
,安卓手机游戏《王国80年代v1.1.1》[完整版]Steam移植,安卓,game,https://pan.quark.cn/s/6ecc36bd49d2,,,,
,安卓手机游戏《王国保卫战2前线v6.1.16》[完整版]Steam移植,安卓,game,https://pan.quark.cn/s/6027c181c1f1,,,,
,安卓手机游戏《王国保卫战复仇v1.15.03》[完整版+DLC]Steam移植,安卓,game,https://pan.quark.cn/s/e5b29cb2e053,,,,
,安卓手机游戏《王国保卫战复仇v1.15.04》[完整版]Steam移植,安卓,game,https://pan.quark.cn/s/08487cb922cd,,,,
,安卓手机游戏《王国保卫战起源v5.6.14》[完整版],安卓,game,https://pan.quark.cn/s/a4f34f0d8411,,,,
,安卓手机游戏《五个约会v1.9》[完整版]Steam移植,安卓,game,https://pan.quark.cn/s/51716bd27fef,,,,
,安卓手机游戏《王国英雄2v1.3.3》(注意因存在bug需切换语言才可正常打水)[完整版]Steam移植,安卓,game,https://pan.quark.cn/s/05a2724c7ad0,,,,
,安卓手机游戏《王国英雄3v1.2.5》[完整版]Steam移植,安卓,game,https://pan.quark.cn/s/cdd206770f15,,,,
,安卓手机游戏《王国英雄3v1.2.9》[完整版]Steam移植,安卓,game,https://pan.quark.cn/s/63bff41e53a7,,,,
,安卓手机游戏《王国英雄失落传说v1.2.5》[完整版]Steam移植,安卓,game,https://pan.quark.cn/s/34f3cfa62092,,,,
,安卓手机游戏《王国征程v1.0.20》[完整版]Steam移植,安卓,game,https://pan.quark.cn/s/6b7cb055173e,,,,
,安卓手机游戏《王国：新大陆v1.3.5.3.2228》[完整版]Steam移植,安卓,game,https://pan.quark.cn/s/ddab9329a075,,,,
,安卓手机游戏《维京传奇英灵神殿v0.2》[完整版]Steam移植,安卓,game,https://pan.quark.cn/s/bf6dfd414f9f,,,,
,安卓手机游戏《维京传奇英灵神殿》[完整版],安卓,game,https://pan.quark.cn/s/e00fe52dc11d,,,,
,安卓手机游戏《玩具熊的五夜后宫：姐妹地点Sister Locationv2.0.3》[完整版]Steam移植,安卓,game,https://pan.quark.cn/s/9c11e2cd5845,,,,
,安卓手机游戏《瓦利弗地牢战术v1.05》[完整版]Steam移植,安卓,game,https://pan.quark.cn/s/2dddc64e3237,,,,
,安卓手机游戏《威利杰特曼：猴子宇航员的复仇v1.0.6》[完整版]Steam移植,安卓,game,https://pan.quark.cn/s/494872afdd76,,,,
,安卓手机游戏《亡灵巫师v1.6》[完整版]Steam移植,安卓,game,https://pan.quark.cn/s/5e2941a17047,,,,
,安卓手机游戏《王权：三国》完整版,安卓,game,https://pan.quark.cn/s/e7b5c388b85b,,,,
,安卓手机游戏《误入迷途v1.0.2017》[完整版]Steam移植,安卓,game,https://pan.quark.cn/s/14a0bdfbcf1e,,,,
,安卓手机游戏《武士零Katana ZEROv1.0.53》[完整版]Steam移植,安卓,game,https://pan.quark.cn/s/3a92c09950d6,,,,
,安卓手机游戏《巫术Sorcery!v1.6a5》[完整版]Steam移植,安卓,game,https://pan.quark.cn/s/676f788728de,,,,
,安卓手机游戏《往事When Past Was Aroundv1.128》[完整版]Steam移植,安卓,game,https://pan.quark.cn/s/660677874990,,,,
,安卓手机游戏《午夜幻想曲Night Reveriev1.0.9》[完整版]Steam移植,安卓,game,https://pan.quark.cn/s/52b98c697017,,,,
,安卓手机游戏《吾之兔兄mybrotherrabbit》[完整版]Steam移植,安卓,game,https://pan.quark.cn/s/b7328c5e5e58,,,,
,安卓手机游戏《血岸岛BloodshoreV1.0》[完整版]Steam移植,安卓,game,https://pan.quark.cn/s/36ab5e700e71,,,,
,安卓手机游戏《悬案：电子机器人杀人事件v1.67》[完整版]Steam移植,安卓,game,https://pan.quark.cn/s/055a33d76070,,,,
,安卓手机游戏《小丑牌多模组》[完整版]Steam移植,安卓,game,https://pan.quark.cn/s/af83acb7f66a,,,,
,安卓手机游戏《席德梅尔的铁路v1.3.1RC2r2》[完整版]Steam移植,安卓,game,https://pan.quark.cn/s/12bfb6d788b5,,,,
,安卓手机游戏《邪恶冥刻v1.0.1》[完整版]Steam移植,安卓,game,https://pan.quark.cn/s/326d55aa7d79,,,,
,安卓手机游戏《循环英雄Loop Hero v0.9.50》[完整版]Steam移植,安卓,game,https://pan.quark.cn/s/fe6db1f930da,,,,
,安卓手机游戏《循环勇者Loop Hero v0.9.46》[完整版]Steam移植,安卓,game,https://pan.quark.cn/s/35ae2a38115c,,,,
,安卓手机游戏《循环勇者Loop Hero v0.9.47》[完整版]Steam移植,安卓,game,https://pan.quark.cn/s/6147b479565e,,,,
,安卓手机游戏《锈湖：天堂岛v3.0.9》[完整版]Steam移植,安卓,game,https://pan.quark.cn/s/e92ff0e8cc8e,,,,
,安卓手机游戏《巡警Beat Copv1.0.1》[完整版]Steam移植,安卓,game,https://pan.quark.cn/s/0341f2ec8f76,,,,
,安卓手机游戏《仙剑奇侠传98柔情篇v1.0.1.3》(支持安卓14游玩)[完整版]Steam移植,安卓,game,https://pan.quark.cn/s/e8587f4caae2,,,,
,安卓手机游戏《星际幸存者v1.0.248》[完整版]Steam移植,安卓,game,https://pan.quark.cn/s/e36fc97435aa,,,,
,安卓手机游戏《雪居之地Wildfrostv1.1.2》[完整版+菜单版]Steam移植,安卓,game,https://pan.quark.cn/s/b3f8d82bbb97,,,,
,安卓手机游戏《雪居之地Wildfrostv1.1.2》[完整版]Steam移植,安卓,game,https://pan.quark.cn/s/ae78c700e102,,,,
,安卓手机游戏《雪居之地Wildfrostv1.1.3》[完整版]Steam移植,安卓,game,https://pan.quark.cn/s/423d5dabdc5b,,,,
,安卓手机游戏《小骷髅大冒险v1.1.15》[完整版],安卓,game,https://pan.quark.cn/s/f28c4c563600,,,,
,安卓手机游戏《虚空之境UndergraveV1.0.5》[完整版]Steam移植,安卓,game,https://pan.quark.cn/s/6228540eb353,,,,
,安卓手机游戏《迅狼疾步Wolfstridev1.2.b.69》[完整版]Steam移植,安卓,game,https://pan.quark.cn/s/adef9c767aae,,,,
,安卓手机游戏《小裂纹世界Trivia Crack Worldv2.0.0》[完整版]Steam移植,安卓,game,https://pan.quark.cn/s/f5a2da2ea62c,,,,
,安卓手机游戏《修女屠杀夜v1.0.3》[完整版]Steam移植,安卓,game,https://pan.quark.cn/s/2dcd2c860dab,,,,
,安卓手机游戏《XP足球v1.0.5》[完整版],安卓,game,https://pan.quark.cn/s/20caac25705f,,,,
,安卓手机游戏《星球毁灭模拟器v2.3.0》[完整版],安卓,game,https://pan.quark.cn/s/29b27e5d6978,,,,
,安卓手机游戏《夏日追逐者Summer Catchersv1.5.3》[完整版]Steam移植,安卓,game,https://pan.quark.cn/s/ff085617ecb1,,,,
,安卓手机游戏《像素哥3McPixel 3 》[完整版]Steam移植,安卓,game,https://pan.quark.cn/s/0cde97dab469,,,,
,安卓手机游戏《小生活悠闲小镇物语v1.9》[完整版]Steam移植,安卓,game,https://pan.quark.cn/s/2ce1806de6e1,,,,
,安卓手机游戏《行尸走肉3》[完整版]Steam移植,安卓,game,https://pan.quark.cn/s/859ee593eaea,,,,
,安卓手机游戏《行尸走肉第一季》高通处理器专用汉化版。,安卓,game,https://pan.quark.cn/s/553dcaceb275,,,,
,安卓手机游戏《心跳文学部》[汉化版]Steam移植,安卓,game,https://pan.quark.cn/s/d1a4c3dc948e,,,,
,安卓手机游戏《小小大工厂v1.0.13》[完整版]Steam移植,安卓,game,https://pan.quark.cn/s/d21ad16aa4d0,,,,
,安卓手机游戏《小小梦魇v113》[完整版]Steam移植,安卓,game,https://pan.quark.cn/s/0f23adcf08c3,,,,
,安卓手机游戏《幸运房东v1.2.3》[完整版]Steam移植,安卓,game,https://pan.quark.cn/s/ab5b4d675546,,,,
,安卓手机游戏《幸运市长v1.2.2》[完整版]Steam移植,安卓,game,https://pan.quark.cn/s/73bb82a5f2ed,,,,
,安卓手机游戏《陷阵之志v1.2.92》[网飞版+完整版]Steam移植,安卓,game,https://pan.quark.cn/s/1095cc865ebe,,,,
,安卓手机游戏《陷阵之志v1.2.92》[完整版]Steam移植,安卓,game,https://pan.quark.cn/s/a78a8fc8c42f,,,,
,安卓手机游戏《疑案追声(Unheard)》[完整版+DLC]Steam移植,安卓,game,https://pan.quark.cn/s/67e5a722e5ab,,,,
,安卓手机游戏《原初理想乡Archetype Arcadiav1.0.1g》[完整版]Steam移植,安卓,game,https://pan.quark.cn/s/56fdefcfb095,,,,
,安卓手机游戏《幼儿园Kindergartenv1.1》[完整版]Steam移植,安卓,game,https://pan.quark.cn/s/de16536f271a,,,,
,安卓手机游戏《幽浮内部敌人》汉化版（支持安卓14）[完整版]Steam移植,安卓,game,https://pan.quark.cn/s/4c73f3bff078,,,,
,安卓手机游戏《幽浮小精灵Globsv2.0.1》[完整版]Steam移植,安卓,game,https://pan.quark.cn/s/daabaaf57f90,,,,
,安卓手机游戏《勇敢的哈克v1.4.0》[完整版+全新DLC《黑白弈梦》]Steam移植,安卓,game,https://pan.quark.cn/s/fa82975f83fb,,,,
,安卓手机游戏《勇敢的心：叶落归根v1.0.6》[完整版]Steam移植,安卓,game,https://pan.quark.cn/s/1a8ba0170802,,,,
,安卓手机游戏《油管主播的生活v1.8.1》[完整版]Steam移植,安卓,game,https://pan.quark.cn/s/4f9938d90261,,,,
,安卓手机游戏《远古众神Ancient Gods v1.12.0》[完整版]Steam移植,安卓,game,https://pan.quark.cn/s/8a282e1c34bb,,,,
,安卓手机游戏《远古众神v1.9.1》[完整版]Steam移植,安卓,game,https://pan.quark.cn/s/703cd34dfbd4,,,,
,安卓手机游戏《远古众神v1.10.0》[完整版]Steam移植,安卓,game,https://pan.quark.cn/s/a740f43b47e5,,,,
,安卓手机游戏《银河历险记2 v2.36.3》[完整版]Steam移植,安卓,game,https://pan.quark.cn/s/64445760e34b,,,,
,安卓手机游戏《永恒世界Eternal Hero v1.0.0》[完整版],安卓,game,https://pan.quark.cn/s/11c7493e66d2,,,,
,安卓手机游戏《幽林怪谈》[完整版]Steam移植,安卓,game,https://pan.quark.cn/s/1a72d23064ae,,,,
,安卓手机游戏《业力轮回Karma. Incarnation 1.v1.2》[完整版]Steam移植,安卓,game,https://pan.quark.cn/s/6aaab360c601,,,,
,安卓手机游戏《远离屋子stayoutofthehouseⅤ1.0.3》[完整版]Steam移植,安卓,game,https://pan.quark.cn/s/d1014e2a1272,,,,
,安卓手机游戏《雅皮士精神v2.7.2b33》[完整版]Steam移植,安卓,game,https://pan.quark.cn/s/8db95609b871,,,,
,安卓手机游戏《雅皮士精神v2.7.3b34》[完整版]Steam移植,安卓,game,https://pan.quark.cn/s/039c604c8c44,,,,
,安卓手机游戏《夜勤人v1.13.57》[网飞版+完整版]Steam移植,安卓,game,https://pan.quark.cn/s/716cc0493be7,,,,
,安卓手机游戏《伊苏1编年史》[完整版]Steam移植,安卓,game,https://pan.quark.cn/s/6cf195a1766d,,,,
,安卓手机游戏《以撒的结合v1.4.2》[完整版]Steam移植,安卓,game,https://pan.quark.cn/s/f10376172623,,,,
,安卓手机游戏《夜书Night Bookv1.2》[完整版]Steam移植,安卓,game,https://pan.quark.cn/s/0e3c225be988,,,,
,安卓手机游戏《遗忘国度之闲置冠军Idle Championsv1.577》[完整版]Steam移植,安卓,game,https://pan.quark.cn/s/eb4e3a29de75,,,,
,安卓手机游戏《遗忘国度之闲置冠军v1.552》[完整版]Steam移植,安卓,game,https://pan.quark.cn/s/7f3070e75631,,,,
,安卓手机游戏《意外事件v1.0.90》[完整版]Steam移植,安卓,game,https://pan.quark.cn/s/c6184f77cc18,,,,
,安卓手机游戏《忆我v1.0.232》[完整版]Steam移植,安卓,game,https://pan.quark.cn/s/08fd159b3daf,,,,
,安卓手机游戏《异形工厂Shapez v1.2.1》[完整版]Steam移植,安卓,game,https://pan.quark.cn/s/1479debafa23,,,,
,安卓手机游戏《异形工厂Shapezv1.0.9》[完整版]Steam移植,安卓,game,https://pan.quark.cn/s/bc83c5728f57,,,,
,安卓手机游戏《异形工厂Shapezv1.2.8》[完整版]Steam移植,安卓,game,https://pan.quark.cn/s/b2907c67719c,,,,
,安卓手机游戏《异形工厂v1.2.6》[完整版]Steam移植,安卓,game,https://pan.quark.cn/s/204c920daede,,,,
,安卓手机游戏《游戏开发大亨v1.0.242》[网飞版+完整版]Steam移植,安卓,game,https://pan.quark.cn/s/2e400d21d03d,,,,
,安卓手机游戏《游戏开发巨头Game Dev Tycoonv1.0.270》[完整版]Steam移植,安卓,game,https://pan.quark.cn/s/4bc0869c28c3,,,,
,安卓手机游戏《游戏开发巨头v1.0.511》[完整版]Steam移植,安卓,game,https://pan.quark.cn/s/e970ca13cde1,,,,
,安卓手机游戏《异星迷航 Ωv3.2》[完整版]Steam移植,安卓,game,https://pan.quark.cn/s/d181279b0690,,,,
,安卓手机游戏《英雄围城袖珍版Hero Siege v6.5.7》[完整版]Steam移植,安卓,game,https://pan.quark.cn/s/8f2c7d1139c7,,,,
,安卓手机游戏《英雄围城袖珍版v6.2.0》[完整版]Steam移植,安卓,game,https://pan.quark.cn/s/7b60ecf72d6b,,,,
,安卓手机游戏《英雄围攻袖珍版Hero Siege v6.2.3》[完整版]Steam移植,安卓,game,https://pan.quark.cn/s/ec5939ecdb5a,,,,
,安卓手机游戏《英雄围攻袖珍版Hero Siege v6.2.4》[完整版]Steam移植,安卓,game,https://pan.quark.cn/s/239e265d6a38,,,,
,安卓手机游戏《远星物语》[完整版+DLC]Steam移植,安卓,game,https://pan.quark.cn/s/227738ebfc43,,,,
,安卓手机游戏《悠闲小镇物语v1.9》[完整版]Steam移植,安卓,game,https://pan.quark.cn/s/41836135ba74,,,,
,安卓手机游戏《用心组装v1.11.138》[完整版]Steam移植,安卓,game,https://pan.quark.cn/s/d50c09d40504,,,,
,安卓手机游戏《永远的超级肉食男孩v6755.1849.1962.152》[完整版]Steam移植,安卓,game,https://pan.quark.cn/s/091d4a4c9ac2,,,,
,安卓手机游戏《抑郁的房间v0.3》[完整版]Steam移植,安卓,game,https://pan.quark.cn/s/9895d3e95d74,,,,
,安卓手机游戏《鸭鸭前进Ponpu v0.0.10》[完整版]Steam移植,安卓,game,https://pan.quark.cn/s/67bde9ff69f3,,,,
,安卓手机游戏《鸭鸭侦探：萨拉米的秘密v1.0.30》[完整版]Steam移植,安卓,game,https://pan.quark.cn/s/dcb7ba5a4f1c,,,,
,安卓手机游戏《月圆之夜v1.5.1.23》[DLC]Steam移植,安卓,game,https://pan.quark.cn/s/69c668382652,,,,
,安卓手机游戏《展翅翱翔v1.1.101》[完整版]Steam移植,安卓,game,https://pan.quark.cn/s/54751b995ef8,,,,
,安卓手机游戏《战车撞僵尸地牢Earn to Die Roguev1.00.96》[完整版],安卓,game,https://pan.quark.cn/s/8a6b1becdef6,,,,
,安卓手机游戏《炸弹鸡BombChickenV36》[完整版]Steam移植,安卓,game,https://pan.quark.cn/s/dc37316d0bd0,,,,
,安卓手机游戏《重返猴岛v1.0.1》[完整版]Steam移植,安卓,game,https://pan.quark.cn/s/0bb32bc78940,,,,
,安卓手机游戏《战龟2War Tortoise 2v1.06.04》[完整版]Steam移植,安卓,game,https://pan.quark.cn/s/f542761660e1,,,,
,安卓手机游戏《战环空间RotoForce 》[完整版]Steam移植,安卓,game,https://pan.quark.cn/s/7600e700c199,,,,
,安卓手机游戏《战环空间v1.9.56》[完整版]Steam移植,安卓,game,https://pan.quark.cn/s/0a55e413c750,,,,
,安卓手机游戏《战魂铭人Otherworld Legendsv2.3.1》[完整版]Steam移植,安卓,game,https://pan.quark.cn/s/488b302737b1,,,,
,安卓手机游戏《战魂铭人v2.2.1》[mod版],安卓,game,https://pan.quark.cn/s/48c7a927e410,,,,
,安卓手机游戏《葬花·暗黑桃花源》Steam移植,安卓,game,https://pan.quark.cn/s/4aec17fbfcee,,,,
,安卓手机游戏《终极巴士模拟器 印度》[免谷歌],安卓,game,https://pan.quark.cn/s/696ab53b7231,,,,
,安卓手机游戏《拯救光界v1.300》[完整版]Steam移植,安卓,game,https://pan.quark.cn/s/52fd88afb49a,,,,
,安卓手机游戏《纸间谜迹PaperTrail v3430》[完整版]Steam移植,安卓,game,https://pan.quark.cn/s/7ed6f66299e9,,,,
,安卓手机游戏《终极赛车2D 2v1.1.5》[完整版]Steam移植,安卓,game,https://pan.quark.cn/s/29ffd481b569,,,,
,安卓手机游戏《这就是警察v1.1.3.7》[完整版]Steam移植,安卓,game,https://pan.quark.cn/s/4e6746ac2113,,,,
,安卓手机游戏《终极自定义夜晚v1.0.7》[完整版]Steam移植,安卓,game,https://pan.quark.cn/s/47017bdddc4e,,,,
,安卓手机游戏《炸裂树莓浆v1.5.9》[完整版]Steam移植,安卓,game,https://pan.quark.cn/s/ef9203f59ba7,,,,
,安卓手机游戏《炸裂树莓浆v1.6.6》[完整版]Steam移植,安卓,game,https://pan.quark.cn/s/45067c400b8c,,,,
,安卓手机游戏《殖民火星v2.4.1.130129》[完整版+DLC]Steam移植,安卓,game,https://pan.quark.cn/s/47ef4696cd1e,,,,
,安卓手机游戏《遵命，陛下v1.0.87_b204》[完整版]Steam移植,安卓,game,https://pan.quark.cn/s/1feb83204077,,,,
,安卓手机游戏《遵命，陛下v1.0.94_b912》[完整版]Steam移植,安卓,game,https://pan.quark.cn/s/7eeb3d52c231,,,,
,安卓手机游戏《足球经理2024v15.1.1》[网飞版+完整版]Steam移植,安卓,game,https://pan.quark.cn/s/f381007024ce,,,,
,安卓手机游戏《足球经理2024v15.1.2》[完整版]Steam移植,安卓,game,https://pan.quark.cn/s/96726dc0e33c,,,,
,安卓手机游戏《最深之剑Deepest Swordv0.2.6》[完整版]Steam移植,安卓,game,https://pan.quark.cn/s/1067381eba29,,,,
,安卓手机游戏《植物大战僵尸嫁接版v1.115》,安卓,game,https://pan.quark.cn/s/b93e9b0f9623,,,,
,安卓手机游戏《植物大战僵尸LZ重制版v1.3.7.0》,安卓,game,https://pan.quark.cn/s/df8a56b1da3b,,,,
,安卓手机游戏《植物大战僵尸融合版v2.1.4》,安卓,game,https://pan.quark.cn/s/c24348612027,,,,
,安卓手机游戏《植物大战僵尸三国杀版v1.0》[完整版],安卓,game,https://pan.quark.cn/s/0ccfd98473d7,,,,
,安卓手机游戏《植物大战僵尸杂交版2.0.88》[直装版],安卓,game,https://pan.quark.cn/s/ef9bd6a6112b,,,,
,安卓手机游戏《在我们之间v2024.2.8》Steam移植,安卓,game,https://pan.quark.cn/s/30c6fe164159,,,,
,安卓手机游戏《子午线157第一章Meridian 157Chapter 1v1.2.1》[完整版]Steam移植,安卓,game,https://pan.quark.cn/s/f4fb4200ae2d,,,,
,安卓手机游戏《战巡大作战经济版Battlecruisersv6.2.42》[完整版]Steam移植,安卓,game,https://pan.quark.cn/s/829f5cb23b19,,,,
,安卓手机游戏《抓抓地牢v0.5.301》[完整版]Steam移植,安卓,game,https://pan.quark.cn/s/05009d2962bf,,,,
,安卓手机游戏《宗主国Suzerainv3.0.9.3.92》[完整版]Steam移植,安卓,game,https://pan.quark.cn/s/b54efffc897b,,,,
,安卓手机游戏《最终幻想3v1.0.5》(支持安卓14游玩)[完整版]Steam移植,安卓,game,https://pan.quark.cn/s/94dcda72a22f,,,,
,安卓手机游戏《最终幻想4v1.1.0》(支持安卓14游玩)[完整版]Steam移植,安卓,game,https://pan.quark.cn/s/ff76bd0788ec,,,,
,安卓游戏《彩虹六号SMOL》(修复无法存档问题)[完整版],安卓,game,https://pan.quark.cn/s/67937a90c979,,,,
,安卓游戏《他不是我的邻居》[汉化版],安卓,game,https://pan.quark.cn/s/fe3457445a47,,,,
,爸爸的面馆.免广xc2,安卓,game,https://pan.quark.cn/s/7049e666dc0a,,,,
,波比的游戏时间_1.0.7(1),安卓,game,https://pan.quark.cn/s/55da218898f0,,,,
,背包乱斗（解锁大量资源）,安卓,game,https://pan.quark.cn/s/6879ad6a5d9a,,,,
,邦邦英雄_免广1.1.5,安卓,game,https://pan.quark.cn/s/3a661b3e6f06,,,,
,病毒死亡对峙_87609,安卓,game,https://pan.quark.cn/s/f501d3f66544,,,,
,爆肝魔王的异世界狂想曲_大量货币1.0,安卓,game,https://pan.quark.cn/s/0b2587cdb027,,,,
,冰河时代高级,安卓,game,https://pan.quark.cn/s/7f8733481bcb,,,,
,暴君的游戏_88167,安卓,game,https://pan.quark.cn/s/bcbbc4eac1e8,,,,
,暴君的祝福安卓版v1.0.877,安卓,game,https://pan.quark.cn/s/37e77fbe94bf,,,,
,暴击英雄_内购1.1.0,安卓,game,https://pan.quark.cn/s/1702919ffb52,,,,
,崩溃大陆_100.0.119,安卓,game,https://pan.quark.cn/s/b687b2e6b2b9,,,,
,崩溃金属赛车中文版_87886,安卓,game,https://pan.quark.cn/s/e2e66b4852c5,,,,
,bkmbzyjh,安卓,game,https://pan.quark.cn/s/04842f3a9075,,,,
,冰冷的深渊_完整版0.9.44,安卓,game,https://pan.quark.cn/s/15f6e3b87bb2,,,,
,保利桥3_96821,安卓,game,https://pan.quark.cn/s/d8acb05afe32,,,,
,北欧_内置菜单xc1.3.7,安卓,game,https://pan.quark.cn/s/08a808daaa41,,,,
,北欧女神蕾娜斯（汉化）,安卓,game,https://pan.quark.cn/s/a8b39eccb9f3,,,,
,BraveChecker_大量宝石 道具反增1.1.0(1),安卓,game,https://pan.quark.cn/s/d70ea5e57e36,,,,
,BRIM_无限货币2.19.50,安卓,game,https://pan.quark.cn/s/f926552481a0,,,,
,不死军团2,安卓,game,https://pan.quark.cn/s/f031ec2ce8f1,,,,
,本所七大不思议_88044,安卓,game,https://pan.quark.cn/s/ccd24ab5ebe5,,,,
,暴徒猎手 v1.21 完整版,安卓,game,https://pan.quark.cn/s/f52f8b279068,,,,
,冰雪奇缘大冒险_内置菜单33.0.0,安卓,game,https://pan.quark.cn/s/c490ea4c9255,,,,
,捕鱼大师_内购2.8,安卓,game,https://pan.quark.cn/s/565888768c96,,,,
,变异绝境RTS V1.0.18,安卓,game,https://pan.quark.cn/s/37d366a1fd84,,,,
,不一样传说 内置修改器存档版_1.9.35(1),安卓,game,https://pan.quark.cn/s/85574993cc61,,,,
,不一样修仙2 v1.4.126,安卓,game,https://pan.quark.cn/s/acaff77b0238,,,,
,百战天虫行动版_88575,安卓,game,https://pan.quark.cn/s/b315223e3053,,,,
,暴走小蝦米_内置菜单1.16,安卓,game,https://pan.quark.cn/s/838fe32a5508,,,,
,城堡对决_1.1.4,安卓,game,https://pan.quark.cn/s/97a5ac53fbd4,,,,
,城堡粉碎战_不耗能量6.3.2,安卓,game,https://pan.quark.cn/s/11eb4421d6db,,,,
,茶杯头(bug很多),安卓,game,https://pan.quark.cn/s/85b5634939c2,,,,
,城堡突袭 126,安卓,game,https://pan.quark.cn/s/adc2a8e35e92,,,,
,茶杯头中文版,安卓,game,https://pan.quark.cn/s/12c65366ebaf,,,,
,城邦争霸,安卓,game,https://pan.quark.cn/s/2cf364987332,,,,
,彩虹六号116,安卓,game,https://pan.quark.cn/s/ae2975af370d,,,,
,彩虹六号：暗影先锋HD v1.1.6 兼容安卓12,安卓,game,https://pan.quark.cn/s/7400a7fc7a9f,,,,
,超级黑暗欺骗_96800,安卓,game,https://pan.quark.cn/s/64e54f0d931c,,,,
,超级黑暗欺骗手游,安卓,game,https://pan.quark.cn/s/dcce62bb7eb1,,,,
,出家模拟器2_无限资源 免广1.2.2,安卓,game,https://pan.quark.cn/s/33fe8ea0761b,,,,
,超级肉男孩永恒_88569,安卓,game,https://pan.quark.cn/s/67b106a0760e,,,,
,超鸡小队 v1.0.10,安卓,game,https://pan.quark.cn/s/016b1db5293d,,,,
,超级造型师无限钻石金币版内置菜单3.1.04,安卓,game,https://pan.quark.cn/s/2a994be29bee,,,,
,抽卡大师_免广2.2(1),安卓,game,https://pan.quark.cn/s/2239fac19f43,,,,
,从零开始的勇者生活_无限钻石1.2.9,安卓,game,https://pan.quark.cn/s/e809cf1996b3,,,,
,超冒险小镇物语-无限咸鱼币,安卓,game,https://pan.quark.cn/s/17b2e4de47d1,,,,
,超冒险小镇物语v2.900(1),安卓,game,https://pan.quark.cn/s/78e53be92a3e,,,,
,超冒险小镇物语v2.900,安卓,game,https://pan.quark.cn/s/5ea916bea780,,,,
,沉默之谜_无敌子弹不减xc1.7.1,安卓,game,https://pan.quark.cn/s/6c3d147bc30d,,,,
,传奇之旅 1.3.9 MOD版,安卓,game,https://pan.quark.cn/s/99b1275e71bb,,,,
,传奇之旅单机版 最新版1.4.3,安卓,game,https://pan.quark.cn/s/93248c15fa14,,,,
,超人学院_mod菜单2.1.4,安卓,game,https://pan.quark.cn/s/b57a7f992635,,,,
,城市防御_免广大量钻石1.45,安卓,game,https://pan.quark.cn/s/b1883bb7213c,,,,
,超时空之轮,安卓,game,https://pan.quark.cn/s/57109f789a48,,,,
,传送门2（汉化＋免付费+大量金币）,安卓,game,https://pan.quark.cn/s/05dec41a84e3,,,,
,超市模拟器（货币使用不减反增）,安卓,game,https://pan.quark.cn/s/ec43a6734555,,,,
,超市模拟器（汉化＋大量货币）,安卓,game,https://pan.quark.cn/s/9c0032889cde,,,,
,朝圣者_94567,安卓,game,https://pan.quark.cn/s/65ff037f5701,,,,
,传说之下(自带键盘中文)_2.0.0,安卓,game,https://pan.quark.cn/s/c0995843696e,,,,
,仇杀：谎言之灾_内置菜单1.1.189,安卓,game,https://pan.quark.cn/s/37acda7d6848,,,,
,宠物大战 无视钻石随意用xc(1),安卓,game,https://pan.quark.cn/s/f413a7881889,,,,
,苍翼混沌效应_96959,安卓,game,https://pan.quark.cn/s/c817f58f59a1,,,,
,城主_内购1.0.0,安卓,game,https://pan.quark.cn/s/5f37e1700f75,,,,
,城主_内置mod1.3,安卓,game,https://pan.quark.cn/s/2f42c97b59c9,,,,
,创造都市岛物语_内置菜单1.2.6,安卓,game,https://pan.quark.cn/s/406b580601cc,,,,
,船长漂流记_v1.6.1,安卓,game,https://pan.quark.cn/s/45b0f7cfc58e,,,,
,铲子骑士,安卓,game,https://pan.quark.cn/s/2edc5168f862,,,,
,Dawn Break II_1.0.0,安卓,game,https://pan.quark.cn/s/00b9e363fa4e,,,,
,堆叠修仙记_1.0.9,安卓,game,https://pan.quark.cn/s/8d3c7c045145,,,,
,Dead Space - androidoyun.club_1.2.1,安卓,game,https://pan.quark.cn/s/1f11d055dd0c,,,,
,地府传说1.1.1,安卓,game,https://pan.quark.cn/s/3425910eea05,,,,
,地府传说_免广1.0.1,安卓,game,https://pan.quark.cn/s/7e5db76a9894,,,,
,地府日记 v1.8.1,安卓,game,https://pan.quark.cn/s/c589fdf798b0,,,,
,大富翁4fun安卓版最新版本 v7.1 中文完整版,安卓,game,https://pan.quark.cn/s/6cf2176cd2f1,,,,
,帝国防御_ver1_0_291__塔防游戏,安卓,game,https://pan.quark.cn/s/d4f53b91b8ec,,,,
,打工人生最新版1.9.2,安卓,game,https://pan.quark.cn/s/f5c4bcbddeaf,,,,
,大哥我错了_免广1.9.0,安卓,game,https://pan.quark.cn/s/15f6e3d11a07,,,,
,帝国战士td_2.5.19,安卓,game,https://pan.quark.cn/s/1aef6d5b4d6e,,,,
,地海空争霸战1.21,安卓,game,https://pan.quark.cn/s/86e9628878f6,,,,
,大话仙境 v1.0.11 免广告,安卓,game,https://pan.quark.cn/s/591e0e9d3a6a,,,,
,单机大天使_内购1.0.91,安卓,game,https://pan.quark.cn/s/eba1c84867af,,,,
,地牢猎手2（独家高清汉化版）,安卓,game,https://pan.quark.cn/s/255ed1cc525e,,,,
,地牢求生v1.83.1懒打包(商店用钻石购买）,安卓,game,https://pan.quark.cn/s/479ef65752a4,,,,
,地牢生存_无限货币1.73.1,安卓,game,https://pan.quark.cn/s/88e70d0c3055,,,,
,地牢杀手 Ver 0.707.13需要加速器才能玩,安卓,game,https://pan.quark.cn/s/98f084f27765,,,,
,DOX ARENA_v1.0.1(22),安卓,game,https://pan.quark.cn/s/516733a1c239,,,,
,登山赛车_内置菜单1.58.0,安卓,game,https://pan.quark.cn/s/b304d5f660db,,,,
,大头菜历险记_完整版1.1.9,安卓,game,https://pan.quark.cn/s/2fc717d5ac12,,,,
,地铁跑酷：滑板英雄_0.2.0,安卓,game,https://pan.quark.cn/s/62a47b9243f3,,,,
,动物帮帮忙_免广1.0.8,安卓,game,https://pan.quark.cn/s/ebc01037264f,,,,
,动物王者 无限技能v4.26.0,安卓,game,https://pan.quark.cn/s/16e16f8411ac,,,,
,动物战争模拟器国际_内置菜单2.8.5,安卓,game,https://pan.quark.cn/s/aaaef11daeda,,,,
,地下城与公主,安卓,game,https://pan.quark.cn/s/a5a55c3b05f1,,,,
,地下城勇者 v1.2.2 MOD版,安卓,game,https://pan.quark.cn/s/a3b3cd77c5ed,,,,
,底下骰子城,安卓,game,https://pan.quark.cn/s/f074dcaed2f1,,,,
,地狱边境,安卓,game,https://pan.quark.cn/s/64f1800d9d87,,,,
,钓鱼达人,安卓,game,https://pan.quark.cn/s/f0b1e1050508,,,,
,第一棵树_内置菜单1.0,安卓,game,https://pan.quark.cn/s/ebd0aeecd4e1,,,,
,钓鱼人生 无限金币0.0.205,安卓,game,https://pan.quark.cn/s/1260d85f076c,,,,
,多元生活,安卓,game,https://pan.quark.cn/s/7adbbbf38b34,,,,
,钓鱼修仙_免广1.4.10,安卓,game,https://pan.quark.cn/s/f4ec4b5f76b3,,,,
,地狱战机,安卓,game,https://pan.quark.cn/s/7fd97e9934d3,,,,
,地狱之窟1.3,安卓,game,https://pan.quark.cn/s/4ac0a5b29ad9,,,,
,定制虚拟偶像,安卓,game,https://pan.quark.cn/s/85f8d4ef1e6c,,,,
,独自一人_3.1.0,安卓,game,https://pan.quark.cn/s/0e96a4df6f7f,,,,
,恶果之地,安卓,game,https://pan.quark.cn/s/25bd1963bf8e,,,,
,恶魔城3高清重制版,安卓,game,https://pan.quark.cn/s/0dd88a9cf11b,,,,
,恶魔轮盘赌（汉化＋免广告）,安卓,game,https://pan.quark.cn/s/4328dc276db8,,,,
,二战名将-世界战,安卓,game,https://pan.quark.cn/s/4f84f6d19c20,,,,
,二战战斗模拟器,安卓,game,https://pan.quark.cn/s/95142c84d3ef,,,,
,Fate_GO_2.79.0内置菜单,安卓,game,https://pan.quark.cn/s/28717777476b,,,,
,Fate_GO_内置菜单2.79.1,安卓,game,https://pan.quark.cn/s/7e958ab5e923,,,,
,Fate_GO_内置菜单2.80.5,安卓,game,https://pan.quark.cn/s/b4c619b3af48,,,,
,F级冒险家_内置菜单1.19.01,安卓,game,https://pan.quark.cn/s/4ca5395d6198,,,,
,疯狂大厨无限金币1.94.1,安卓,game,https://pan.quark.cn/s/d27395213cc9,,,,
,疯狂骨头人_免广1.0.568,安卓,game,https://pan.quark.cn/s/5adbaf34bf65,,,,
,方块农场,安卓,game,https://pan.quark.cn/s/9334c4d4cf8e,,,,
,疯狂南瓜塔防_免广，大量货币1.00.02,安卓,game,https://pan.quark.cn/s/26295ff6c87d,,,,
,疯狂骑士团_免广0.1.0,安卓,game,https://pan.quark.cn/s/768038690173,,,,
,方块世界_内购1.96(1),安卓,game,https://pan.quark.cn/s/86d8ff60c79a,,,,
,疯狂塔防物语_货币反增3.8.7,安卓,game,https://pan.quark.cn/s/7523ecbb8b7d,,,,
,弗兰的悲惨之旅_88762,安卓,game,https://pan.quark.cn/s/7711367f980d,,,,
,法老王_96591,安卓,game,https://pan.quark.cn/s/90442a42967c,,,,
,伏魔天师_无限金币法力1.0,安卓,game,https://pan.quark.cn/s/3286d09e0272,,,,
,辐射避难所1.13.46,安卓,game,https://pan.quark.cn/s/25989608dd13,,,,
,辐射避难所_不减反增1.15.7,安卓,game,https://pan.quark.cn/s/a8c306a2e5cf,,,,
,法提的异世界 免广告获得奖励1.22,安卓,game,https://pan.quark.cn/s/b44a2ab9488e,,,,
,法提的异世界_解锁角色大量货币资源1.21,安卓,game,https://pan.quark.cn/s/48f851cd0247,,,,
,废墟物语_内置菜单1.04,安卓,game,https://pan.quark.cn/s/8f195b2420f6,,,,
,风之峰_1.17.0,安卓,game,https://pan.quark.cn/s/02925504daf2,,,,
,放置女神_免广5.6.0.091105,安卓,game,https://pan.quark.cn/s/dddbb4258d0f,,,,
,放置女神_免广5.7.0.092204,安卓,game,https://pan.quark.cn/s/f3a5bfbe7ce0,,,,
,方舟生存进化内置菜单上帝模式版2.0.28,安卓,game,https://pan.quark.cn/s/d955710f0b53,,,,
,果宝三国_内购xc6.9,安卓,game,https://pan.quark.cn/s/72681df2d097,,,,
,孤独_免广1.3,安卓,game,https://pan.quark.cn/s/78179bca55ac,,,,
,孤独的幸存者_内置菜单xc1.25.0,安卓,game,https://pan.quark.cn/s/f1e28f6a045b,,,,
,古代人生_内置菜单1.4.69,安卓,game,https://pan.quark.cn/s/6e28ec70d2ca,,,,
,孤独战机,安卓,game,https://pan.quark.cn/s/7f28c0d9ee80,,,,
,功夫圣手_货币反增1.20.1,安卓,game,https://pan.quark.cn/s/4f20996114c2,,,,
,篝火2 187.8.4 解锁完整版+免费内购,安卓,game,https://pan.quark.cn/s/72ecbe3c065d,,,,
,公交司机模拟器1.5.4带菜单,安卓,game,https://pan.quark.cn/s/56dd6175ba9c,,,,
,工匠物語-3_0.1.9,安卓,game,https://pan.quark.cn/s/6743e61246c9,,,,
,工匠物語-合成與魔法,安卓,game,https://pan.quark.cn/s/463efec23a2b,,,,
,工匠物语2,安卓,game,https://pan.quark.cn/s/0f50f17dd67e,,,,
,怪客贾斯丁的黑客时刻_96934,安卓,game,https://pan.quark.cn/s/09094fa5cf51,,,,
,光盲_85915,安卓,game,https://pan.quark.cn/s/2f01256124f7,,,,
,该死的混蛋,安卓,game,https://pan.quark.cn/s/57caf3356131,,,,
,哥斯拉国防军_内置菜单2.3.10,安卓,game,https://pan.quark.cn/s/df4e27c9e1a0,,,,
,高山冒险滑雪,安卓,game,https://pan.quark.cn/s/1e3e30cffca1,,,,
,怪兽星球2_1.2.6,安卓,game,https://pan.quark.cn/s/f132a98d67c2,,,,
,怪物地下城：狩猎大师_内置菜单1.8,安卓,game,https://pan.quark.cn/s/303ff1188c84,,,,
,怪物来了_免广大量金币1.1.16,安卓,game,https://pan.quark.cn/s/bcbc2a5ed784,,,,
,怪物杀手：传奇冒险_货币不减 免广1.2.58,安卓,game,https://pan.quark.cn/s/261f53b60d01,,,,
,怪物幸存者2 无限钻石金币免广,安卓,game,https://pan.quark.cn/s/8272a77d8ba8,,,,
,光之冒险_经验点反增2.0.113,安卓,game,https://pan.quark.cn/s/6e8d8e2f1cce,,,,
,HAAK_1.4.0,安卓,game,https://pan.quark.cn/s/32f84ebbcab9,,,,
,黑暗幻想生存_mod菜单5.0.5,安卓,game,https://pan.quark.cn/s/27defcf900e0,,,,
,黑暗崛起0.19.8,安卓,game,https://pan.quark.cn/s/a9656dccaa88,,,,
,黑暗崛起_内置菜单0.15.13,安卓,game,https://pan.quark.cn/s/3388566ec0a6,,,,
,火柴人传奇生存_内置菜单1.1.9,安卓,game,https://pan.quark.cn/s/9b5f1c22619b,,,,
,火柴人生存_ 战争游戏_内置菜单1.1.65,安卓,game,https://pan.quark.cn/s/a1aa3af63a56,,,,
,火柴人绳索英雄内置Mod菜单 4.1.7无敌版,安卓,game,https://pan.quark.cn/s/6eeeb846c098,,,,
,火柴人战争遗产,安卓,game,https://pan.quark.cn/s/0c5d8fb626e1,,,,
,海盗加勒比海亨特,安卓,game,https://pan.quark.cn/s/3788df2361ba,,,,
,皇帝人生2 v1.0.2 免广告+货币反增,安卓,game,https://pan.quark.cn/s/6288dd981875,,,,
,合合合英雄_内置菜单1.6.1(1),安卓,game,https://pan.quark.cn/s/79b30372fb89,,,,
,合合合英雄_内置菜单1.6.1,安卓,game,https://pan.quark.cn/s/3da3e37067d0,,,,
,Hill Climb Racing_1.57.0,安卓,game,https://pan.quark.cn/s/920385d05309,,,,
,胡记布庄_免广1.0.0,安卓,game,https://pan.quark.cn/s/b4423750a7ae,,,,
,合金弹头X_v1.78_9663.com,安卓,game,https://pan.quark.cn/s/1bf0b0cbd684,,,,
,皇家检查员故事_免广获得奖励,安卓,game,https://pan.quark.cn/s/b23f60c402cb,,,,
,坏结局剧院_完整版1.5.5(1),安卓,game,https://pan.quark.cn/s/e8fe8b0fdcb6,,,,
,皇家冒险团_大量货币1.4(1),安卓,game,https://pan.quark.cn/s/e057a304a05a,,,,
,海克斯炸欢天_88023,安卓,game,https://pan.quark.cn/s/652bd0c8f9f9,,,,
,哈利波特霍格沃茨之谜无限钻石版 5.6.0,安卓,game,https://pan.quark.cn/s/a191c2222ee4,,,,
,哈利波特：解谜魔咒_无限道具爱心61.0.182,安卓,game,https://pan.quark.cn/s/055d870ac8ad,,,,
,红浪人,安卓,game,https://pan.quark.cn/s/ed72efd6fddf,,,,
,寒刃  内购xc,安卓,game,https://pan.quark.cn/s/cae866688cae,,,,
,黑神话悟空安卓手机版V1,安卓,game,https://pan.quark.cn/s/ef9ff7649453,,,,
,红色警戒2（原版+尤里的复仇可联机版）,安卓,game,https://pan.quark.cn/s/57f9b858a8a0,,,,
,红色警戒2：共和国之辉,安卓,game,https://pan.quark.cn/s/43411afa75ab,,,,
,hspj023xiufu,安卓,game,https://pan.quark.cn/s/6e2f8214c620,,,,
,幻世仙途 v1.0.0 内置菜单,安卓,game,https://pan.quark.cn/s/bac4e5957849,,,,
,皇室战争_魔改版3.2729.1,安卓,game,https://pan.quark.cn/s/35e65b5c3623,,,,
,黑悟空神话安卓手机版V2,安卓,game,https://pan.quark.cn/s/7ee528df35a3,,,,
,海王模拟器_v1.0.1,安卓,game,https://pan.quark.cn/s/639b5128387a,,,,
,火星归来（免广告＋大量货币）(1),安卓,game,https://pan.quark.cn/s/36a349483049,,,,
,幻想小勇士无限内购,安卓,game,https://pan.quark.cn/s/ae47e0252e7f,,,,
,幻想英雄2_内置菜单3.4.11,安卓,game,https://pan.quark.cn/s/97d82188880c,,,,
,花园之间,安卓,game,https://pan.quark.cn/s/524c2d25a803,,,,
,火影战记_1.22 大量货币,安卓,game,https://pan.quark.cn/s/1cceb992f4b0,,,,
,盒子城_88152,安卓,game,https://pan.quark.cn/s/beb7d57dec86,,,,
,海之号角,安卓,game,https://pan.quark.cn/s/0b2fa7a5b2f7,,,,
,海之号角，无条件使用金币,安卓,game,https://pan.quark.cn/s/610e4b655a0c,,,,
,海贼王_内置菜单13.1.3,安卓,game,https://pan.quark.cn/s/0455b4c1f2f4,,,,
,海贼王_内置菜单xc13.1.1,安卓,game,https://pan.quark.cn/s/ca6d482a41ee,,,,
,黑长直女高中生荒岛求生v5.06.30,安卓,game,https://pan.quark.cn/s/d31996301e5a,,,,
,聚爆,安卓,game,https://pan.quark.cn/s/3a7419046ad4,,,,
,坚持到底_内置mod菜单v1.1000.3,安卓,game,https://pan.quark.cn/s/17093d12ef3a,,,,
,加查俱乐部中文版最新版本 v1.1.12,安卓,game,https://pan.quark.cn/s/2fd5f3310843,,,,
,饥饿龙_大量货币 断网进5.0,安卓,game,https://pan.quark.cn/s/2ca5f7270273,,,,
,基辅罗斯2高级版（解锁无条件购买）,安卓,game,https://pan.quark.cn/s/944da5078be8,,,,
,进攻的勇士_1.1.5,安卓,game,https://pan.quark.cn/s/51568d24ac6f,,,,
,饥荒 mod版,安卓,game,https://pan.quark.cn/s/e8af50e403e6,,,,
,江湖风云录v5.40防封版,安卓,game,https://pan.quark.cn/s/55ae412f8ca1,,,,
,饥荒新世纪_55575,安卓,game,https://pan.quark.cn/s/59b81edba25a,,,,
,进化之地2,安卓,game,https://pan.quark.cn/s/fd9ff9f99bf5,,,,
,进击吧冒险岛_大量货币1.0.0(1),安卓,game,https://pan.quark.cn/s/2caee91d79a9,,,,
,街机达人捕鱼_内购1.1.5.3,安卓,game,https://pan.quark.cn/s/470d68342083,,,,
,舅舅带我去异界_免广内购1.0.3,安卓,game,https://pan.quark.cn/s/6f1e360301cd,,,,
,监控射击 v0.0.1 ,安卓,game,https://pan.quark.cn/s/ac43eb1d30bf,,,,
,剑客少年_完美存档1.4.5,安卓,game,https://pan.quark.cn/s/7c9034ab45ca,,,,
,剑来_免广1.7,安卓,game,https://pan.quark.cn/s/e485630dd967,,,,
,剑来外传_免广1.1,安卓,game,https://pan.quark.cn/s/8af61b65a0d9,,,,
,精灵王国_资源反增1.5,安卓,game,https://pan.quark.cn/s/88aa741d32b5,,,,
,纪念碑谷2,安卓,game,https://pan.quark.cn/s/def1c0bf2b3b,,,,
,剑刃重生_无限货币2.0,安卓,game,https://pan.quark.cn/s/ea797ea0744d,,,,
,僵尸大灾难,安卓,game,https://pan.quark.cn/s/cecdb9afe4be,,,,
,僵尸尖叫2024无限金币钻石4.5.132,安卓,game,https://pan.quark.cn/s/26c281eebcb4,,,,
,僵尸列车,安卓,game,https://pan.quark.cn/s/ed4260701970,,,,
,僵尸炮艇生存1.6.96,安卓,game,https://pan.quark.cn/s/91136aa28eeb,,,,
,僵尸炮艇生存无限金币v1.14.3,安卓,game,https://pan.quark.cn/s/7ae8ea5b1019,,,,
,僵尸炮艇生存无限资源,安卓,game,https://pan.quark.cn/s/1071d0cfa8b7,,,,
,僵尸突击队,安卓,game,https://pan.quark.cn/s/ae622e51f056,,,,
,僵尸危机无限金币货币,安卓,game,https://pan.quark.cn/s/a328b05b46b0,,,,
,僵尸幸存者基地,安卓,game,https://pan.quark.cn/s/f69069ba4c87,,,,
,几天后_内置菜单10.4.1,安卓,game,https://pan.quark.cn/s/69b3dd6944c8,,,,
,极限拉绞_96755,安卓,game,https://pan.quark.cn/s/d83543d13b33,,,,
,剑侠情缘：冒险时光  1.3.1,安卓,game,https://pan.quark.cn/s/fddb47b28044,,,,
,极限职业骑士_内置菜单3.52,安卓,game,https://pan.quark.cn/s/3cd1810f1454,,,,
,家园7_内置菜单1.14.5,安卓,game,https://pan.quark.cn/s/765a07e157ee,,,,
,监狱建筑师（汉化＋免谷歌登陆）,安卓,game,https://pan.quark.cn/s/5b87908741fa,,,,
,机战王_内购xc4.8.0,安卓,game,https://pan.quark.cn/s/ba6c09bb76cc,,,,
,节奏之星_内购1.0.0,安卓,game,https://pan.quark.cn/s/3783751c3ed7,,,,
,恐怖冰淇淋7_1.0.1,安卓,game,https://pan.quark.cn/s/1c4710e634e8,,,,
,口袋矿工 无限购买钞票,安卓,game,https://pan.quark.cn/s/57a614595aaf,,,,
,开店日记_货币反增1.0.0,安卓,game,https://pan.quark.cn/s/f166a5eef1d8,,,,
,科幻幸存者_内购1.0.26,安卓,game,https://pan.quark.cn/s/bbc1275e24ff,,,,
,科幻幸存者_内置菜单1.0.19,安卓,game,https://pan.quark.cn/s/bdea39ac1ac0,,,,
,恐惧符文_无敌钻石不减反增0.53.0,安卓,game,https://pan.quark.cn/s/d7c1bf2f55ea,,,,
,骷髅女孩_48914,安卓,game,https://pan.quark.cn/s/94fdfd4b471f,,,,
,骷髅女孩_内置菜单5.3.1,安卓,game,https://pan.quark.cn/s/04113416d411,,,,
,狂怒僵尸_大量货币道具5.34.2,安卓,game,https://pan.quark.cn/s/65349f8c677c,,,,
,矿山猎人：像素RPG,安卓,game,https://pan.quark.cn/s/4de2dd808d49,,,,
,渴望力量_v1.63.18,安卓,game,https://pan.quark.cn/s/4d9a3e63f720,,,,
,渴望力量V0.918,安卓,game,https://pan.quark.cn/s/76b78b4bcc27,,,,
,空闲怪物-进化_内置菜单72.0.0,安卓,game,https://pan.quark.cn/s/098de78dbc38,,,,
,狂野飙车8单机收藏版v3.5.0j,安卓,game,https://pan.quark.cn/s/0c444c1d3b76,,,,
,狂野飙车：极限越野(无需谷歌，无需互联网，解锁全部车辆和地图),安卓,game,https://pan.quark.cn/s/2c239895f084,,,,
,狼奔豕突_完整版4.1.2,安卓,game,https://pan.quark.cn/s/ebb403a5b607,,,,
,裂变战争_免广2.52.1,安卓,game,https://pan.quark.cn/s/7358f74e84a9,,,,
,猎鹿人复刻版（免付费解锁完整版）,安卓,game,https://pan.quark.cn/s/77f15986a1a9,,,,
,历历在目_87996,安卓,game,https://pan.quark.cn/s/5b58114f0609,,,,
,lmcwy1372,安卓,game,https://pan.quark.cn/s/109f6caf88b4,,,,
,黎明前20分钟_84415,安卓,game,https://pan.quark.cn/s/df979f6fc33a,,,,
,黎明前20分钟，人物不死,安卓,game,https://pan.quark.cn/s/ee16bec50d87,,,,
,黎明之刃（内置mod菜单）,安卓,game,https://pan.quark.cn/s/a337ba24c90c,,,,
,龙兽总动员_免广内购1.0.09(1),安卓,game,https://pan.quark.cn/s/c379f497cf95,,,,
,罗塔岛航海贸易记_96588,安卓,game,https://pan.quark.cn/s/acfec4a94f17,,,,
,另一个人生_内购1.0,安卓,game,https://pan.quark.cn/s/68a3da51e611,,,,
,龙珠_内置菜单4.26.0,安卓,game,https://pan.quark.cn/s/8ff324664891,,,,
,龙珠_内置菜单4.29.0,安卓,game,https://pan.quark.cn/s/8a865cd52036,,,,
,绿洲计划(刷物品),安卓,game,https://pan.quark.cn/s/cfcfcb5bb027,,,,
,绿洲计划,安卓,game,https://pan.quark.cn/s/815a75e3a202,,,,
,Mambo_大量货币xc1.0(1),安卓,game,https://pan.quark.cn/s/0a33f7ddbb97,,,,
,幕府帝国无限金币版 2.0.1,安卓,game,https://pan.quark.cn/s/78186d60ba48,,,,
,魔法生存_大量货币0.893,安卓,game,https://pan.quark.cn/s/d95da4520442,,,,
,魔法时代_内置菜单2.9.0,安卓,game,https://pan.quark.cn/s/d8e69a352502,,,,
,魔法少女养成记,安卓,game,https://pan.quark.cn/s/c5b273569046,,,,
,魔法使之夜,安卓,game,https://pan.quark.cn/s/8335c122466a,,,,
,幕府之争上兵伐谋_49087,安卓,game,https://pan.quark.cn/s/34cc7725758e,,,,
,迷宫传说2（出售装备获得大量钻石）,安卓,game,https://pan.quark.cn/s/bb1f1bff627e,,,,
,猛鬼大厦无限金币,安卓,game,https://pan.quark.cn/s/b861fbfc117e,,,,
,猛鬼大厦一楼的锁匠,安卓,game,https://pan.quark.cn/s/58c6e652ae7b,,,,
,美国射手1.0.7mod菜单,安卓,game,https://pan.quark.cn/s/040b5c15b908,,,,
,猛鬼宿舍内置菜单最新版 2.5.7           2.5.7,安卓,game,https://pan.quark.cn/s/0ceae3f4bb2c,,,,
,梦幻单机剧情版_大量货币1.21.2,安卓,game,https://pan.quark.cn/s/1e52f149142a,,,,
,梦幻怪兽,安卓,game,https://pan.quark.cn/s/2500cf6c815f,,,,
,梦幻怪兽_2.45,安卓,game,https://pan.quark.cn/s/10e47b02b6e1,,,,
,梦幻经营家_大量钻石货币反增1.3,安卓,game,https://pan.quark.cn/s/dcadca13ee07,,,,
,谜盒失落碎片_94614,安卓,game,https://pan.quark.cn/s/61adf1337add,,,,
,蛮荒之地幸存者1.0.11,安卓,game,https://pan.quark.cn/s/c55c776e881c,,,,
,魔剑传说_免广0.9.6,安卓,game,https://pan.quark.cn/s/952107cbd50b,,,,
,梦境防御_内购1.8.200,安卓,game,https://pan.quark.cn/s/fa332578c026,,,,
,麻将鬼巧_5.16,安卓,game,https://pan.quark.cn/s/1c9255bcb9aa,,,,
,灭绝僵尸入侵无限金币破解版 v3.11.6,安卓,game,https://pan.quark.cn/s/ed6c13a533db,,,,
,梦境桃源0.1.3,安卓,game,https://pan.quark.cn/s/f67db2a8eb23,,,,
,米利科拉：苏打之王_xc大量货币1.1.7(1),安卓,game,https://pan.quark.cn/s/affcefb2f16c,,,,
,茂林源记_1.30.3,安卓,game,https://pan.quark.cn/s/c91296fea2ee,,,,
,猫咪奥德赛：渔夫_大量货币0.99979,安卓,game,https://pan.quark.cn/s/e1de0238dfb3,,,,
,猫咪和汤_内置菜单1.8.2,安卓,game,https://pan.quark.cn/s/4ca69ceb76ce,,,,
,喵咪射手 免广xc,安卓,game,https://pan.quark.cn/s/a5d84be5bc3c,,,,
,萌萌塔内置菜单版技能无cd1.5.8,安卓,game,https://pan.quark.cn/s/60c548a2c542,,,,
,模拟农场18无限金币版,安卓,game,https://pan.quark.cn/s/6a0e7c4ecfd8,,,,
,模拟人生 畅玩版5.80.0,安卓,game,https://pan.quark.cn/s/3217c235bce8,,,,
,模拟人生畅玩版,安卓,game,https://pan.quark.cn/s/c89f76319d13,,,,
,末日大亨 Ver 1.4.1 ,安卓,game,https://pan.quark.cn/s/e351fe5623e1,,,,
,末日守望者_大量货币2.0.2,安卓,game,https://pan.quark.cn/s/75d69d0656a7,,,,
,末日守卫：僵尸塔防（免广告获取奖励）,安卓,game,https://pan.quark.cn/s/faebfe821023,,,,
,末日特工队_1.0.2,安卓,game,https://pan.quark.cn/s/9929981503ef,,,,
,末日之地幸存者最新版v1.3.8,安卓,game,https://pan.quark.cn/s/fb293646e467,,,,
,msfxjstx,安卓,game,https://pan.quark.cn/s/848cd55c610f,,,,
,墨水喵_内置mod菜单2.0.2,安卓,game,https://pan.quark.cn/s/cb1fa2a055b4,,,,
,魔兽争霸3：冰封王座,安卓,game,https://pan.quark.cn/s/a723828c5b62,,,,
,梅特里亚（内置mod菜单）,安卓,game,https://pan.quark.cn/s/7a6ab2e3dcbe,,,,
,魔王村长和杂货店,安卓,game,https://pan.quark.cn/s/e3a573531d8a,,,,
,冒险日记_大量资源 钻石1.07.58,安卓,game,https://pan.quark.cn/s/925a3ef87a2e,,,,
,梦想小镇_钞票反增11.2.1,安卓,game,https://pan.quark.cn/s/afe77c62a37d,,,,
,冒险与精灵无限钻石免广告版_1.2.6,安卓,game,https://pan.quark.cn/s/99d17a98fc28,,,,
,梦魇_96451,安卓,game,https://pan.quark.cn/s/3aa23cee6061,,,,
,蚂蚁大冒险（解锁大量矿石）,安卓,game,https://pan.quark.cn/s/175e83ac7636,,,,
,命运秘境_大量金币宝石1.2.1,安卓,game,https://pan.quark.cn/s/954b3e4f9698,,,,
,尼尔机械纪元-自制移植版,安卓,game,https://pan.quark.cn/s/14523959e3c2,,,,
,农夫大战僵尸_1.9.4.5,安卓,game,https://pan.quark.cn/s/26db7d6f25f0,,,,
,女武神与地下城_内置菜单1.3.9,安卓,game,https://pan.quark.cn/s/0e13aa9281fb,,,,
,女武神与地下城_内置菜单，钻石道具不减反增1.3.9,安卓,game,https://pan.quark.cn/s/faefb3a30283,,,,
,女巫之哭2（免广告获取奖励）,安卓,game,https://pan.quark.cn/s/6a0d4e34cd7b,,,,
,逆转123合集HD,安卓,game,https://pan.quark.cn/s/6946af8efd6c,,,,
,牛仔谷_无限金币0.6.2,安卓,game,https://pan.quark.cn/s/9d2af57882b1,,,,
,欧战7：中世纪_大量货币 断网进2.5.0(1),安卓,game,https://pan.quark.cn/s/e305e26b8806,,,,
,欧战7：中世纪_大量勋章金币2.3.0,安卓,game,https://pan.quark.cn/s/06c4fef8a813,,,,
,欧洲卡车模拟器3,安卓,game,https://pan.quark.cn/s/a61bc04934b1,,,,
,苹果骑士,安卓,game,https://pan.quark.cn/s/c99d5caeb773,,,,
,苹果骑士_ 地下城_解锁版1.1.7,安卓,game,https://pan.quark.cn/s/cba5dab9fb1f,,,,
,跑酷勇者_1.44.0_免广奖励_无敌_无CD_加速,安卓,game,https://pan.quark.cn/s/e64575bc5885,,,,
,扑克总督2豪华版_大量金币3.0.10,安卓,game,https://pan.quark.cn/s/eb417b828cde,,,,
,帕拉狗骑士，内购版,安卓,game,https://pan.quark.cn/s/1f1e772dcf3c,,,,
,破门而入 行动小队_全dlc1.2.3,安卓,game,https://pan.quark.cn/s/c7946d2130a2,,,,
,排球故事3.1.3,安卓,game,https://pan.quark.cn/s/1006b1b26a8e,,,,
,炮塔模型TD_强制使用货币2.03,安卓,game,https://pan.quark.cn/s/a1274b6e6d26,,,,
,PvZ美食PAK多元时空之旅,安卓,game,https://pan.quark.cn/s/319e1cd2fe48,,,,
,骗子酒馆_97140,安卓,game,https://pan.quark.cn/s/a5fabd2d2332,,,,
,亲爱的农场_汉化无限货币1.6,安卓,game,https://pan.quark.cn/s/65ff9ef4f5d3,,,,
,清道夫模拟器_96898,安卓,game,https://pan.quark.cn/s/3c667fb5d82b,,,,
,拳皇2002 内置菜单,安卓,game,https://pan.quark.cn/s/2de082f8949f,,,,
,七龙珠 内置菜单_4.21.0,安卓,game,https://pan.quark.cn/s/d58ff6d54e53,,,,
,七龙珠_内置菜单4.30.0,安卓,game,https://pan.quark.cn/s/5bc82c26d3cc,,,,
,全民修仙,安卓,game,https://pan.quark.cn/s/96d510cc49bf,,,,
,前哨站2_3.1,安卓,game,https://pan.quark.cn/s/df307a8984a8,,,,
,奇巫妙森_v1.0 完整版,安卓,game,https://pan.quark.cn/s/727ab1cac07a,,,,
,Rally Horizon_内购0.1.0,安卓,game,https://pan.quark.cn/s/e5e07d8b75d3,,,,
,人生的选择中世纪2_92687,安卓,game,https://pan.quark.cn/s/0db038aface6,,,,
,让我们生存 - 僵尸启示 Ver 1.8.2,安卓,game,https://pan.quark.cn/s/1d27a6e5b8a0,,,,
,忍者岚_内置菜单1.5.1,安卓,game,https://pan.quark.cn/s/34819a2df3ee,,,,
,忍者雷电复仇_大量货币xc1.6.5,安卓,game,https://pan.quark.cn/s/6dca44ed3964,,,,
,人渣scum（DEADKING）_0.0.5.3,安卓,game,https://pan.quark.cn/s/1f11c2eb29d2,,,,
,赛博朋克内购_1.11.70(1),安卓,game,https://pan.quark.cn/s/3bd986406f88,,,,
,赛博朋克：竞技场_内置菜单xc1.0.09,安卓,game,https://pan.quark.cn/s/5670b7acfdb4,,,,
,尸潮降临灭绝V1.9,安卓,game,https://pan.quark.cn/s/b18bea91f8d1,,,,
,神椿市协奏中_96516,安卓,game,https://pan.quark.cn/s/75062ec2781e,,,,
,生存之地_内购1.12.0,安卓,game,https://pan.quark.cn/s/197d2efb8253,,,,
,时代之下2发现_96362,安卓,game,https://pan.quark.cn/s/b3f531a5e750,,,,
,是的，陛下！,安卓,game,https://pan.quark.cn/s/094891264433,,,,
,索尔加德传奇_内置菜单2.40.2,安卓,game,https://pan.quark.cn/s/04d06a30afb5,,,,
,索尔加德传奇_xc内置菜单2.39.1,安卓,game,https://pan.quark.cn/s/6792dd6b9c3c,,,,
,斯盖尔之女_96720,安卓,game,https://pan.quark.cn/s/d794cbc7977e,,,,
,三国乱斗王者1.0.4.407.402.1016无限体力版,安卓,game,https://pan.quark.cn/s/82e0e61af2da,,,,
,三国模拟器_0.0.3,安卓,game,https://pan.quark.cn/s/5cfd775f5b85,,,,
,三国群英传2威力加强版v2.11.4,安卓,game,https://pan.quark.cn/s/144a417d84fa,,,,
,水果忍者_2.8.1,安卓,game,https://pan.quark.cn/s/27ad38e8175e,,,,
,三国杀单机版联动v102127,安卓,game,https://pan.quark.cn/s/b7acb392721b,,,,
,十个约会_87743,安卓,game,https://pan.quark.cn/s/d154ae9ef4e8,,,,
,三国志2（内置无敌武将）,安卓,game,https://pan.quark.cn/s/7e8fa07ec214,,,,
,时光之晶_免广1.0.30,安卓,game,https://pan.quark.cn/s/5040328ed2df,,,,
,三国真龙传 v2.2.5 大量铜钱,安卓,game,https://pan.quark.cn/s/9efba0dbda21,,,,
,上古诸神MOD菜单_91071,安卓,game,https://pan.quark.cn/s/5739441e9d6f,,,,
,守护偶像女孩_内置菜单1.3.7,安卓,game,https://pan.quark.cn/s/d55e34474a9b,,,,
,深海庭院_大量货币1.12.0,安卓,game,https://pan.quark.cn/s/4005afe2efa2,,,,
,生化危机2（汉化）,安卓,game,https://pan.quark.cn/s/9f2503c321dc,,,,
,生化危机4（国语配音版）,安卓,game,https://pan.quark.cn/s/21f67d549b58,,,,
,世界末日庇护所,安卓,game,https://pan.quark.cn/s/afe90b59d030,,,,
,神灵大陆 v1.3.3 MOD版,安卓,game,https://pan.quark.cn/s/954c8e72b889,,,,
,神灵大陆最新版 1.3.5,安卓,game,https://pan.quark.cn/s/ee0c770226ab,,,,
,斯拉格精灵一决雌雄2_大量货币xc5.1.5,安卓,game,https://pan.quark.cn/s/777221f49065,,,,
,杀戮尖塔,安卓,game,https://pan.quark.cn/s/93a1d9209647,,,,
,杀戮尖塔v2.3.11（免付费解锁完整版）,安卓,game,https://pan.quark.cn/s/b27a1e260a55,,,,
,杀戮目标 内置菜单,安卓,game,https://pan.quark.cn/s/b24d599ebd72,,,,
,史莱姆联盟_免广1.01,安卓,game,https://pan.quark.cn/s/120f02f558db,,,,
,史莱姆农场 移植_1.2,安卓,game,https://pan.quark.cn/s/07fc4e59c31e,,,,
,神秘大陆探险,安卓,game,https://pan.quark.cn/s/bad4b4a0c758,,,,
,沙漠风暴_1.0.26,安卓,game,https://pan.quark.cn/s/3407a8cd1582,,,,
,使命召唤之黑色僵尸行动 apk+obb,安卓,game,https://pan.quark.cn/s/04e7d6b76c3c,,,,
,神枪行动_内置mod菜单1.0.27,安卓,game,https://pan.quark.cn/s/96fabaffe353,,,,
,兽人竞技_场免广1.2.4,安卓,game,https://pan.quark.cn/s/f360b744eaa7,,,,
,鼠鼠百货_2.4.1,安卓,game,https://pan.quark.cn/s/6bf3f3a4a148,,,,
,鼠鼠城邦（解锁角色＋大量货币）,安卓,game,https://pan.quark.cn/s/c47fd4f0599b,,,,
,生死存亡Pro_内置菜单0.3.478,安卓,game,https://pan.quark.cn/s/0db2ce469bda,,,,
,丧尸猎人：求生 Ver 2.0.3 MOD菜单,安卓,game,https://pan.quark.cn/s/693c980de3f1,,,,
,烁石物语,安卓,game,https://pan.quark.cn/s/70d771ae8883,,,,
,烁石物语_1.7.83,安卓,game,https://pan.quark.cn/s/5928ffa3c85f,,,,
,史诗英雄战_无限货币1.13.172.731,安卓,game,https://pan.quark.cn/s/7f4d64f4fff1,,,,
,杀手：狙击手,安卓,game,https://pan.quark.cn/s/64ee24b2678d,,,,
,steam移植斯盖尔之女完整版v1.1,安卓,game,https://pan.quark.cn/s/9ba21c34644e,,,,
,Stickman Warriors_1.3.4,安卓,game,https://pan.quark.cn/s/206b4d53f68b,,,,
,沙威玛传奇_96115,安卓,game,https://pan.quark.cn/s/3893400e5784,,,,
,沙威玛传奇_96640,安卓,game,https://pan.quark.cn/s/f5a39e48287c,,,,
,死亡之岛_内购0.0.0135(1),安卓,game,https://pan.quark.cn/s/604e2d0c82b9,,,,
,死亡之门（mod菜单）,安卓,game,https://pan.quark.cn/s/a7c7f75ea801,,,,
,死亡之影黑暗骑士1.102.2.0,安卓,game,https://pan.quark.cn/s/136f38b48496,,,,
,死亡之影黑暗骑士无限水晶版1.102.2.0,安卓,game,https://pan.quark.cn/s/f29fec0e0648,,,,
,死亡之影：黑暗骑士_无限水晶灵魂1.101.15.3,安卓,game,https://pan.quark.cn/s/cedc8780406e,,,,
,手游 辐射避难所 v1.13.46 货币反增,安卓,game,https://pan.quark.cn/s/82265f31984d,,,,
,石油大亨 大量货币 4.7.3中文版(1),安卓,game,https://pan.quark.cn/s/640fe4e0b2bf,,,,
,石油大亨_免v4.6.3,安卓,game,https://pan.quark.cn/s/639d68040dd0,,,,
,生与死：起源,安卓,game,https://pan.quark.cn/s/69c3f049cb02,,,,
,水隐之城_88188,安卓,game,https://pan.quark.cn/s/ab61bad87a98,,,,
,神之刃_1.1.5_3722524a_enc_sign,安卓,game,https://pan.quark.cn/s/3a8c2995332f,,,,
,土豆兄弟1.3.198,安卓,game,https://pan.quark.cn/s/d5b70f276710,,,,
,土豆兄弟内购版1.3.198,安卓,game,https://pan.quark.cn/s/22a26cfbca8e,,,,
,土豆兄弟最新版,安卓,game,https://pan.quark.cn/s/0f3d5feeef01,,,,
,塔防三国志2 内置菜单7.5.00,安卓,game,https://pan.quark.cn/s/d4833ec5abfd,,,,
,兔克创业记_免广 反增1.2.50,安卓,game,https://pan.quark.cn/s/293d335be4c1,,,,
,太空农夫_货币使用不减1.10.3,安卓,game,https://pan.quark.cn/s/4fbdab88d762,,,,
,太空刑警2,安卓,game,https://pan.quark.cn/s/0a472d820acc,,,,
,太空刑警3,安卓,game,https://pan.quark.cn/s/7006af7042bb,,,,
,逃离病娇_2.3.3,安卓,game,https://pan.quark.cn/s/6d8876a3fb3d,,,,
,贪婪地牢,安卓,game,https://pan.quark.cn/s/86af652ce66a,,,,
,泰拉瑞亚_1.4.4.9,安卓,game,https://pan.quark.cn/s/932b3036225a,,,,
,泰拉瑞亚最新汉化版,安卓,game,https://pan.quark.cn/s/19bb2fc52ecb,,,,
,泰拉中文汉化版,安卓,game,https://pan.quark.cn/s/b6357c5ce239,,,,
,tmjsyc031,安卓,game,https://pan.quark.cn/s/c07af81bf521,,,,
,太平洋战争_ 战地_3.0,安卓,game,https://pan.quark.cn/s/762c47493405,,,,
,天神之战_免广1.5,安卓,game,https://pan.quark.cn/s/b691a72f93a8,,,,
,天神之战（直接获得奖励）,安卓,game,https://pan.quark.cn/s/ea8f26179f38,,,,
,踢踏地牢英雄_免广 大量钻石6.0.9,安卓,game,https://pan.quark.cn/s/66fd73ffcfde,,,,
,铁头英雄_大量货币xc3.3.2,安卓,game,https://pan.quark.cn/s/647866af5516,,,,
,逃脱者2,安卓,game,https://pan.quark.cn/s/d027645c9d7a,,,,
,泰坦之旅,安卓,game,https://pan.quark.cn/s/c92cf380a6ce,,,,
,探险经纪人_货币使用不减2.8,安卓,game,https://pan.quark.cn/s/954b320108b3,,,,
,铁锈战争（汉化＋大量模组）,安卓,game,https://pan.quark.cn/s/4d2fb0422bd5,,,,
,骰子地下城 v2.1.0,安卓,game,https://pan.quark.cn/s/601e6b2fc3e0,,,,
,骰子猎人_无条件使用钻石6.1.1,安卓,game,https://pan.quark.cn/s/2fa77ae2a536,,,,
,up_1336344绝地求生单机版11,安卓,game,https://pan.quark.cn/s/6a66484cfb30,,,,
,up_1411248流星蝴蝶剑1,安卓,game,https://pan.quark.cn/s/58a522c20939,,,,
,up_1440424CSOL 单机版1613,安卓,game,https://pan.quark.cn/s/6752c3bdf908,,,,
,up_1644622红警直接使用金币1001162,安卓,game,https://pan.quark.cn/s/b1199cc0f752,,,,
,up_556958梦幻西游单机版2017,安卓,game,https://pan.quark.cn/s/87ac5c586652,,,,
,up三河坝战役1,安卓,game,https://pan.quark.cn/s/b7a639c155b2,,,,
,我的城市与军队3.3.8,安卓,game,https://pan.quark.cn/s/dcd296f89ab5,,,,
,温迪尔谎言瘟疫,安卓,game,https://pan.quark.cn/s/92d507f05668,,,,
,我的煎饼摊_免广1.0.6,安卓,game,https://pan.quark.cn/s/e47715fc3d43,,,,
,我的修仙世界_8.4,安卓,game,https://pan.quark.cn/s/112e4d25056c,,,,
,我的小宇宙_内购2.0.5,安卓,game,https://pan.quark.cn/s/5641c8ab3738,,,,
,万国觉醒_1.8.25直装,安卓,game,https://pan.quark.cn/s/8d488aa5b6fb,,,,
,王国争霸_内置菜单xc18.0,安卓,game,https://pan.quark.cn/s/fd910fba8a0c,,,,
,王国征程_无限货币资源1.0.18,安卓,game,https://pan.quark.cn/s/34312b776762,,,,
,王国战争_内置菜单2.1.64,安卓,game,https://pan.quark.cn/s/55b32999b5ca,,,,
,王国之战无限钻石 3.3.3,安卓,game,https://pan.quark.cn/s/51b0040a5e8a,,,,
,王国：新大陆_1.3.2(1),安卓,game,https://pan.quark.cn/s/3185e2f40bc7,,,,
,王国：新大陆_1.3.2,安卓,game,https://pan.quark.cn/s/64b0c3e43f74,,,,
,网红启动器,安卓,game,https://pan.quark.cn/s/f2086ebd3c57,,,,
,玩具帝国_货币反增0.171a1,安卓,game,https://pan.quark.cn/s/b9bf10f4ed43,,,,
,无尽的割草（内置mod菜单）,安卓,game,https://pan.quark.cn/s/fae6ceb43e2d,,,,
,无尽的生存_内置菜单1.1.1,安卓,game,https://pan.quark.cn/s/a8ee32bbf567,,,,
,无尽之旅黑帝斯之剑,安卓,game,https://pan.quark.cn/s/8b06b8df55a4,,,,
,万界掌门_免广内购1.0.10,安卓,game,https://pan.quark.cn/s/d90897e7feae,,,,
,悟空快打修仙传_免广2.0.0,安卓,game,https://pan.quark.cn/s/4cfca8083572,,,,
,亡灵城_反增免广3.7.0(1),安卓,game,https://pan.quark.cn/s/7e602ea8e940,,,,
,亡灵法师模拟器_免广1.0.0,安卓,game,https://pan.quark.cn/s/cef1b18105e2,,,,
,亡灵国度_内置菜单1.5.55,安卓,game,https://pan.quark.cn/s/0d2abfe206cd,,,,
,涡轮龙卷风_0.4.1,安卓,game,https://pan.quark.cn/s/748fb8e9e032,,,,
,亡灵丧尸杀手41.9,安卓,game,https://pan.quark.cn/s/58863bd50daa,,,,
,武力王国,安卓,game,https://pan.quark.cn/s/9cca418b619b,,,,
,武林侠影（内置mod菜单）,安卓,game,https://pan.quark.cn/s/be0e7e69a0ac,,,,
,王权_ 三国_1,安卓,game,https://pan.quark.cn/s/fa907e70c4d4,,,,
,网球挑战赛_v1.6.0,安卓,game,https://pan.quark.cn/s/c7c53d1d619c,,,,
,无双大蛇：魔王再临（汉化）,安卓,game,https://pan.quark.cn/s/a9076f79e2c4,,,,
,武士生存物语_内置菜单1.1.2,安卓,game,https://pan.quark.cn/s/ee235e1be5dc,,,,
,魏蜀吴：像素  无限元宝，购买即可无限(1),安卓,game,https://pan.quark.cn/s/d760fca1fe60,,,,
,巫师英雄_2.3.4,安卓,game,https://pan.quark.cn/s/f0cc36dc0b68,,,,
,巫师之轮2_内置菜单0.11.91,安卓,game,https://pan.quark.cn/s/3aba060e5a5e,,,,
,我是掌门v3.0.7,安卓,game,https://pan.quark.cn/s/aaea96fc8344,,,,
,渥太华的秘密_1.0.19,安卓,game,https://pan.quark.cn/s/66f012b0ae4c,,,,
,屋屋保卫战 v1.0.6,安卓,game,https://pan.quark.cn/s/a284b97d84c9,,,,
,唯我独尊 无限货币版 V3.40.03(1),安卓,game,https://pan.quark.cn/s/a2178acd9f19,,,,
,无限氪金1.4.2,安卓,game,https://pan.quark.cn/s/c9f5f712b3a9,,,,
,武侠人生模拟器免广告获得奖励1.1.6,安卓,game,https://pan.quark.cn/s/76945de5fcf5,,,,
,无限深渊最新版1.0.15,安卓,game,https://pan.quark.cn/s/c6473dc97d24,,,,
,我要渡劫啦!不一样修仙2_1481,安卓,game,https://pan.quark.cn/s/0b200708c57b,,,,
,王座持有者,安卓,game,https://pan.quark.cn/s/a626742c71c7,,,,
,我在乡下开餐馆_内购免广1.0.0.2,安卓,game,https://pan.quark.cn/s/771e533eeb7c,,,,
,血岸岛_87558,安卓,game,https://pan.quark.cn/s/19e576cb2f78,,,,
,西奥小镇,安卓,game,https://pan.quark.cn/s/9a124be72003,,,,
,西部土地生存_内置菜单5.4.0,安卓,game,https://pan.quark.cn/s/3aaec32ce72e,,,,
,西部小嫖客_免广大量货币1.98,安卓,game,https://pan.quark.cn/s/4bc5be0032dd,,,,
,小丑牌Balatro（解锁免广告获取奖励）,安卓,game,https://pan.quark.cn/s/792ba6e3e58e,,,,
,幸存者岛屿 V145,安卓,game,https://pan.quark.cn/s/8aeaa994dec2,,,,
,幸存者小镇 无限金币体力,安卓,game,https://pan.quark.cn/s/844029597081,,,,
,幸存者英雄_大量宝石0.0.1,安卓,game,https://pan.quark.cn/s/1fef3abcab1e,,,,
,幸存者重置计划_无条件使用货币1.0.24(1),安卓,game,https://pan.quark.cn/s/f852cf098577,,,,
,兄弟们上啊_免广1.0.1,安卓,game,https://pan.quark.cn/s/6fc86ec5b832,,,,
,邪恶的土地MOD菜单v2.8.0,安卓,game,https://pan.quark.cn/s/406129866180,,,,
,西格玛理论_89301,安卓,game,https://pan.quark.cn/s/2b6487f24c10,,,,
,小黄人战争MinionsWars（免广告＋无限钻石）,安卓,game,https://pan.quark.cn/s/53596543d96a,,,,
,星魂之刃 免广_11.3,安卓,game,https://pan.quark.cn/s/d0dedc2d66e2,,,,
,巡警beat-cop-v1.0.1-mod,安卓,game,https://pan.quark.cn/s/f378e49943dc,,,,
,星际前线：银河战争,安卓,game,https://pan.quark.cn/s/2831522c65bd,,,,
,迅狼疾步,安卓,game,https://pan.quark.cn/s/8c226732102d,,,,
,小鸟,安卓,game,https://pan.quark.cn/s/07c02153d2ad,,,,
,星球毁灭模拟器内置菜单2.2.6,安卓,game,https://pan.quark.cn/s/18f2bf8e6a65,,,,
,X生存_v1.759 (官方机翻中文)(1),安卓,game,https://pan.quark.cn/s/ef57fc0b9f7d,,,,
,X生存_v1.759 (官方机翻中文),安卓,game,https://pan.quark.cn/s/41687250de6b,,,,
,消失的地平线_伤害菜单 无条件用货币xc0.33.9,安卓,game,https://pan.quark.cn/s/3c39f4ff9f36,,,,
,驯兽大师,安卓,game,https://pan.quark.cn/s/36b92f043454,,,,
,消失的世界_内置菜单4.1.18,安卓,game,https://pan.quark.cn/s/2105ee5b3e5e,,,,
,像素工厂破解版,安卓,game,https://pan.quark.cn/s/35c7ca1cf3ac,,,,
,像素世界杯足球赛终极版_96236,安卓,game,https://pan.quark.cn/s/93d63406d744,,,,
,小小大工坊_货币不减1.0.10,安卓,game,https://pan.quark.cn/s/5e21588a724b,,,,
,修仙大乱斗_免广1.0,安卓,game,https://pan.quark.cn/s/3abea870f468,,,,
,吸血鬼的堕落起源v1.17.170,安卓,game,https://pan.quark.cn/s/b52b80f30b00,,,,
,吸血鬼幸存者正版移植_内置菜单1.4.104,安卓,game,https://pan.quark.cn/s/8eb45ea4c329,,,,
,小小幻想_0.442（免广告、货币不减反加）,安卓,game,https://pan.quark.cn/s/6bf6577605e8,,,,
,xx狂贼,安卓,game,https://pan.quark.cn/s/49af8db8a687,,,,
,修仙门派掌门人,安卓,game,https://pan.quark.cn/s/292b5e02ec37,,,,
,小小骑士团_免广1.3.21,安卓,game,https://pan.quark.cn/s/618ae8ae0cd6,,,,
,修仙群英传_1.0.16,安卓,game,https://pan.quark.cn/s/02865fc94da9,,,,
,小小狩猎场_免广1.2.36,安卓,game,https://pan.quark.cn/s/d2c137560b29,,,,
,修仙四万年_无条件解锁 内购1.0,安卓,game,https://pan.quark.cn/s/0e2e4a07255b,,,,
,小小塔防幸存者_免广 大量钻石1.0.219,安卓,game,https://pan.quark.cn/s/201d1db9675a,,,,
,行星拓荒者_内置菜单1.8.8,安卓,game,https://pan.quark.cn/s/fc21f3b5ffe0,,,,
,小小幸存者_免广 钞票越用越多75.0,安卓,game,https://pan.quark.cn/s/c9de38771682,,,,
,修仙寻道无限氪金1.0.8,安卓,game,https://pan.quark.cn/s/a29b1c48f6f4,,,,
,小小勇者免广告获得奖励6.1.1,安卓,game,https://pan.quark.cn/s/183d68b4a59a,,,,
,小小掌门 v1.0.0 免费内购,安卓,game,https://pan.quark.cn/s/67dd108b0722,,,,
,戏怨_免广1.0,安卓,game,https://pan.quark.cn/s/d7e9b3e0fdb0,,,,
,星元大陆_1.995promax,安卓,game,https://pan.quark.cn/s/1de58950239a,,,,
,星夜骑士v2.3,安卓,game,https://pan.quark.cn/s/16c3324abe58,,,,
,咸鱼之王,安卓,game,https://pan.quark.cn/s/9129163f6814,,,,
,血战唐人街_1.01,安卓,game,https://pan.quark.cn/s/50f09a41fbe6,,,,
,信长之野望_2.9.0,安卓,game,https://pan.quark.cn/s/7588c1b24e6c,,,,
,伊格利亚战记,安卓,game,https://pan.quark.cn/s/532ba69f656f,,,,
,约翰曼博JohnMambo_v010306(10306),安卓,game,https://pan.quark.cn/s/1e0345197798,,,,
,银河袭击-独立行动_内置菜单xc50.9(1),安卓,game,https://pan.quark.cn/s/226b7d20f559,,,,
,永恒战士2,安卓,game,https://pan.quark.cn/s/36babaac4028,,,,
,养剑大师_大量钻石 能力点 药水1.6.2,安卓,game,https://pan.quark.cn/s/a8e701c497a1,,,,
,幽林怪谈,安卓,game,https://pan.quark.cn/s/885a51644e70,,,,
,夜幕降临_联机版1.1,安卓,game,https://pan.quark.cn/s/21846451b34b,,,,
,玉米仔保家园,安卓,game,https://pan.quark.cn/s/051cf60484ca,,,,
,勇猛之路二战_2.45.1700.62588,安卓,game,https://pan.quark.cn/s/d1a546e6d851,,,,
,勇猛之路：二战_免广2.44.1692.59402,安卓,game,https://pan.quark.cn/s/7be7eb13148d,,,,
,一念通天_全英雄技能112,安卓,game,https://pan.quark.cn/s/37e0c0915977,,,,
,雅皮士精神a,安卓,game,https://pan.quark.cn/s/25817a041b20,,,,
,映泉乡_免广货币任意用1.00.17,安卓,game,https://pan.quark.cn/s/966ad61ea58b,,,,
,以撒的结合(安卓版),安卓,game,https://pan.quark.cn/s/03c7e4a7b4f8,,,,
,勇士回归_1.0免广内购,安卓,game,https://pan.quark.cn/s/58d329cbc421,,,,
,异世界游记1.44,安卓,game,https://pan.quark.cn/s/d613addb8c84,,,,
,异世界游记1.46,安卓,game,https://pan.quark.cn/s/ff988f9f44c5,,,,
,异世界游记内置mod_1.42,安卓,game,https://pan.quark.cn/s/f2120d13bf4a,,,,
,原始人别嚣张_免广1.9.1,安卓,game,https://pan.quark.cn/s/d31d057b2cc9,,,,
,元素世界 免广 中文_1.0.6,安卓,game,https://pan.quark.cn/s/7cf18910fcf2,,,,
,勇士食堂_内置菜单4.18.0,安卓,game,https://pan.quark.cn/s/37c39c3ddfc1,,,,
,勇士食堂_内置菜单4.19.0,安卓,game,https://pan.quark.cn/s/f910f0f81687,,,,
,勇士征程_免广1.1.0,安卓,game,https://pan.quark.cn/s/a8fe0b148cd5,,,,
,伊始之地_88269,安卓,game,https://pan.quark.cn/s/443c3f8b4c82,,,,
,亚特兰蒂斯入侵者_内购3.12.27,安卓,game,https://pan.quark.cn/s/fb2ebaf6fee5,,,,
,异塔领域_内置菜单1.0,安卓,game,https://pan.quark.cn/s/4fcaa43f58a4,,,,
,月兔冒险_内置菜单1.22.10,安卓,game,https://pan.quark.cn/s/6ca40a72da50,,,,
,英雄不灭 免费内购免广告获得奖励1.06.11,安卓,game,https://pan.quark.cn/s/450683689304,,,,
,英雄冲刺 内置菜单_2.2.5086,安卓,game,https://pan.quark.cn/s/0769c36f6646,,,,
,英雄传说 无视钻石随意用xc,安卓,game,https://pan.quark.cn/s/5eb36959ca45,,,,
,英雄丹 内置菜单,安卓,game,https://pan.quark.cn/s/2bc61018966c,,,,
,英雄工会_无cd1.149.6,安卓,game,https://pan.quark.cn/s/7eb4dc327ea9,,,,
,英雄颂歌_内置菜单1.2.389,安卓,game,https://pan.quark.cn/s/db040779438f,,,,
,英雄探索幸存者_内置菜单1.0.50,安卓,game,https://pan.quark.cn/s/9fcde1d1a385,,,,
,英雄围城：口袋 v6.1.5,安卓,game,https://pan.quark.cn/s/786115ca2a9a,,,,
,英雄围城：口袋_5.9.4,安卓,game,https://pan.quark.cn/s/a3e8844c7616,,,,
,英雄无敌3（端游移植＋汉化）,安卓,game,https://pan.quark.cn/s/32dc9946a682,,,,
,英雄围攻_袖珍版6.1.6,安卓,game,https://pan.quark.cn/s/88cc2ead5275,,,,
,异星装置博物馆_1.20.149,安卓,game,https://pan.quark.cn/s/6cea65332bf2,,,,
,英雄制造工厂_内购免广1.8.0,安卓,game,https://pan.quark.cn/s/6dafd4216ce1,,,,
,阴阳锅_免广1.3,安卓,game,https://pan.quark.cn/s/5e8a1ec374d3,,,,
,羽衣轮盘_大量货币1.0.9,安卓,game,https://pan.quark.cn/s/c43190af9c69,,,,
,勇者传说暗黑勇士1.0,安卓,game,https://pan.quark.cn/s/c9fa52de87ed,,,,
,勇者传说暗黑勇士_内购1.0,安卓,game,https://pan.quark.cn/s/882aefd322f4,,,,
,勇者大陆：英雄,安卓,game,https://pan.quark.cn/s/ce5ef12a8e83,,,,
,勇者大人的刷怪城_内购反增1.0.1,安卓,game,https://pan.quark.cn/s/5617b335ba10,,,,
,勇者佣兵团,安卓,game,https://pan.quark.cn/s/917580bf0d91,,,,
,勇者在求职中_7.4.1,安卓,game,https://pan.quark.cn/s/85d68eec4c07,,,,
,影子战争_完美存档 无限资源4.0.3,安卓,game,https://pan.quark.cn/s/ba84cc4b20a8,,,,
,追捕,安卓,game,https://pan.quark.cn/s/921d4ee07013,,,,
,这不是我的邻居（噩梦模式）,安卓,game,https://pan.quark.cn/s/3c6afc4a9920,,,,
,撞车嘉年华直装版_86550,安卓,game,https://pan.quark.cn/s/74c346e051ce,,,,
,战地1939（内置mod菜单）,安卓,game,https://pan.quark.cn/s/f54dfd070077,,,,
,战地模拟器1.4.1,安卓,game,https://pan.quark.cn/s/873831a81bdc,,,,
,自动枪支英雄_内置菜单1.0.2,安卓,game,https://pan.quark.cn/s/fef69e968124,,,,
,灾厄逆刃（内置mod菜单）,安卓,game,https://pan.quark.cn/s/807d5a7299f3,,,,
,战国争霸2 最新内购版2.1.55,安卓,game,https://pan.quark.cn/s/ecdd04856229,,,,
,战国争霸2_内置菜单2.1.58,安卓,game,https://pan.quark.cn/s/0f43e7c68501,,,,
,最后的防御_1.0.3,安卓,game,https://pan.quark.cn/s/053265baa8ab,,,,
,最后的希望3_无限货币1.36,安卓,game,https://pan.quark.cn/s/5fead12869a4,,,,
,战魂铭人 国际版 内置菜单1.17.4,安卓,game,https://pan.quark.cn/s/f4718fef3b43,,,,
,战魂铭人_内置菜单1.18.0,安卓,game,https://pan.quark.cn/s/2c0a1385637d,,,,
,侏罗纪末日生存,安卓,game,https://pan.quark.cn/s/6ec515fb3afa,,,,
,炸裂树莓浆_内置菜单1.5.4,安卓,game,https://pan.quark.cn/s/fdedf7117d96,,,,
,炸裂树莓浆MOD菜单_88451,安卓,game,https://pan.quark.cn/s/e50837291784,,,,
,质量效应_渗透者,安卓,game,https://pan.quark.cn/s/75a917a6b1af,,,,
,坠落：生存_1.35,安卓,game,https://pan.quark.cn/s/34dae5612170,,,,
,造梦西游4_3.0.9最新直装,安卓,game,https://pan.quark.cn/s/c18576db0141,,,,
,Zold_out_内置菜单00.16.00,安卓,game,https://pan.quark.cn/s/60d1fc122810,,,,
,最强弓箭手_内置菜单1.8.6,安卓,game,https://pan.quark.cn/s/ea3729fb871b,,,,
,最强门派_1.4.9,安卓,game,https://pan.quark.cn/s/2e118fe10b49,,,,
,纸人幸存者_内购0.12(1),安卓,game,https://pan.quark.cn/s/60a8cead3851,,,,
,诸神灰烬抉择MOD菜单_96854,安卓,game,https://pan.quark.cn/s/772fb90ad9b4,,,,
,诸神灰烬：救赎（大量货币+技能点不消耗）,安卓,game,https://pan.quark.cn/s/642b344918ed,,,,
,真实拳击_v2.10.0,安卓,game,https://pan.quark.cn/s/e842640407b5,,,,
,掌上土地_金币钥匙使用不减0.62.0,安卓,game,https://pan.quark.cn/s/0bdb05d070eb,,,,
,这是我的战争 解锁部分人物 解锁周年纪念版,安卓,game,https://pan.quark.cn/s/60e964dd62d7,,,,
,这是我的战争_故事 - 父亲的承诺 apk+obb,安卓,game,https://pan.quark.cn/s/08706f623ee8,,,,
,最深之剑,安卓,game,https://pan.quark.cn/s/a08d3a6aee08,,,,
,植物大战僵尸 老版 _ 内置菜单3.4.0(1),安卓,game,https://pan.quark.cn/s/4a4c047d3b01,,,,
,植物大战僵尸 老版 _ 内置菜单3.4.0,安卓,game,https://pan.quark.cn/s/41aa4b687f47,,,,
,植物大战僵尸秦始皇陵,安卓,game,https://pan.quark.cn/s/5d61086bdd8f,,,,
,植物娘大战僵尸,安卓,game,https://pan.quark.cn/s/bc64c2b1759a,,,,
,战巡大作战经济版_93850,安卓,game,https://pan.quark.cn/s/22aa87dab361,,,,
,崭新之刃_免广1.0.3.0,安卓,game,https://pan.quark.cn/s/0ce1c5a164b8,,,,
,主宰_大量货币 免广 解锁vip 战令1.13.17,安卓,game,https://pan.quark.cn/s/f146762a43d0,,,,
,滋滋先锋队最新版1.0.21,安卓,game,https://pan.quark.cn/s/56802d6dc376,,,,
,滋滋先遣队_内置菜单1.0.6,安卓,game,https://pan.quark.cn/s/d33f52461f2b,,,,
,滋滋先遣队_内置菜单1.0.7,安卓,game,https://pan.quark.cn/s/d93a314ec6b2,,,,
,《北境叛乱v11》[完整版]（游戏主界面点击解锁全游戏--购买即可）,安卓,game,https://pan.quark.cn/s/b044941cb805,,,,
,叠层世界v2.1.1,安卓,game,https://pan.quark.cn/s/a1ffc6d080ea,,,,
,《恶棍英雄v1.8.17》完整联机版,安卓,game,https://pan.quark.cn/s/7e93628b9eae,,,,
,《孤胆枪手1.2.5》中文完整版手枪无限弹药,安卓,game,https://pan.quark.cn/s/ceedea574def,,,,
,《格莉斯的旅程GRISv1.0.3》完整版,安卓,game,https://pan.quark.cn/s/939d1b2251d8,,,,
,《g沙盒仇恨》带mod菜单,安卓,game,https://pan.quark.cn/s/4739f97fbbfe,,,,
,《国王之血守护国都v1.3.4》[完整版]移植,安卓,game,https://pan.quark.cn/s/7efcaf38efbd,,,,
,《红太阳Redsun RTS Premium v1.1.263》[完整版],安卓,game,https://pan.quark.cn/s/1c72e82d1665,,,,
,《决裁者 失落前哨》汉化锁血,安卓,game,https://pan.quark.cn/s/9da6770a5026,,,,
,《极简塔防v0.11.4》免谷歌中文完整版.apk,安卓,game,https://pan.quark.cn/s/ee71eef958d7,,,,
,https://pan.quark.cn/s/4bd19def00f1,安卓,game,https://pan.quark.cn/s/4bd19def00f1,,,,
,《九夜：刺狼》1.02 解锁完整版_无限金币,安卓,game,https://pan.quark.cn/s/5104b325bb07,,,,
,《卡牌生存 热带岛屿vv1.02m》汉化版Steam移植?,安卓,game,https://pan.quark.cn/s/02fb7aaedef5,,,,
,《马克思佩恩》高清纹理中文版(1),安卓,game,https://pan.quark.cn/s/0fdca03cc4d1,,,,
,《模拟农场23网飞版v0.0.0.13》[完整版],安卓,game,https://pan.quark.cn/s/21db01797283,,,,
,《毛皮中队FURSquadronⅴ1.1.2》完整版,安卓,game,https://pan.quark.cn/s/73e556ef2837,,,,
,《尼可梦一代v4.3.3》修复了不闪退了[完整版+mod版]最新安卓版本游玩,安卓,game,https://pan.quark.cn/s/ba411cd0ac7f,,,,
,《怒之铁拳4v1.4》[完整版+DLC],安卓,game,https://pan.quark.cn/s/e8bffe493bda,,,,
,《漂移传奇2Drift Legends 2》[mod版]7月新游,安卓,game,https://pan.quark.cn/s/8ecf513a772a,,,,
,《人类黎明v1.3.3》中文／无限知识,安卓,game,https://pan.quark.cn/s/cb250dc841aa,,,,
,《人类一败涂地Human Fall Flat v1.14》[完整版］,安卓,game,https://pan.quark.cn/s/92fd23ddec7d,,,,
,《色素 奇幻冒险HUE》中文完整版,安卓,game,https://pan.quark.cn/s/18a0b02f9c9c,,,,
,《他不是我的邻居》中文完整版,安卓,game,https://pan.quark.cn/s/0f83133946ec,,,,
,《unpacking》,安卓,game,https://pan.quark.cn/s/634e41043228,,,,
,《无法无天的西部》[完整版]Steam移植,安卓,game,https://pan.quark.cn/s/5be00bc392de,,,,
,《陷阵之志v1.2.92》网飞版+完整版,安卓,game,https://pan.quark.cn/s/fecf33fd0f1b,,,,
,《永不孤单》高清全屏直装版,安卓,game,https://pan.quark.cn/s/1b6c114d2d16,,,,
,《夜勤人v1.13.13》[完整版]Steam移植,安卓,game,https://pan.quark.cn/s/9bef8ba2ffc6,,,,
,《夜勤人v1.13.57》网飞版完整版,安卓,game,https://pan.quark.cn/s/04c0766453aa,,,,
,《在我们之间among us》 v2024.2.8,安卓,game,https://pan.quark.cn/s/e761d282512e,,,,
,【安卓】城市岛屿6建造人生v1.3.1(土豪版),安卓,game,https://pan.quark.cn/s/0b261f551bdd,,,,
,【安卓】浮岛物语内置菜单,安卓,game,https://pan.quark.cn/s/e67885279cd9,,,,
,【安卓】王国80年代（内置MOD菜单）,安卓,game,https://pan.quark.cn/s/3150ae322bf6,,,,
,【安卓】《小小炼狱》无限金币版Steam移植?,安卓,game,https://pan.quark.cn/s/68f79711ba08,,,,
,【Mon World】（幻兽帕鲁手机版）v0.3.0,安卓,game,https://pan.quark.cn/s/2a0cb38a291e,,,,
,【手游】暗黑破坏神1安卓版DX1.4.0,安卓,game,https://pan.quark.cn/s/f0a8ee224788,,,,
,【手游】辐射避难所-无限内购,安卓,game,https://pan.quark.cn/s/4ab1fffd634a,,,,
,【手游】红警2共和国之辉pc完美移植版,安卓,game,https://pan.quark.cn/s/f0628a3bd100,,,,
,【手游】滑雪大冒险 内购版23820,安卓,game,https://pan.quark.cn/s/085c96acfeb5,,,,
,【手游】氪金戒断所最新版中文v1.01_930,安卓,game,https://pan.quark.cn/s/4bc73fd19d21,,,,
,【手游】狂斩三国3无限内购,安卓,game,https://pan.quark.cn/s/2c7d52d7be37,,,,
,【手游】论如何建立一个修仙门派-内置辅助菜单,安卓,game,https://pan.quark.cn/s/79a6fd089ebc,,,,
,【手游】猛鬼宿舍_2.5.6,安卓,game,https://pan.quark.cn/s/ab483f20165c,,,,
,【手游】美少女修仙1.0.0.最新版,安卓,game,https://pan.quark.cn/s/988c1a817d2e,,,,
,【手游】魔影之剑~内购,安卓,game,https://pan.quark.cn/s/bf67f4d620c7,,,,
,【手游】塞尔之光_1.4.00,安卓,game,https://pan.quark.cn/s/dfef1d3949bf,,,,
,【手游】天地劫 luna ,安卓,game,https://pan.quark.cn/s/a25f52cc03dc,,,,
,【手游】无悔入华夏,安卓,game,https://pan.quark.cn/s/ec7393107cdc,,,,
,【手游】我在桃源有个家_免广1.0.0,安卓,game,https://pan.quark.cn/s/2b86093e10b4,,,,
,【手游】修仙四万年-解锁商店、建筑,安卓,game,https://pan.quark.cn/s/ec2e880b4bca,,,,
,【手游】阴阳三国志 无限内购,安卓,game,https://pan.quark.cn/s/e091123e9f0a,,,,
,【台服】小妖問道_2.0.00（免广告、自动砍树）,安卓,game,https://pan.quark.cn/s/9c69268ffde3,,,,
,〔安卓〕冰与火之舞 v2.5.3,安卓,game,https://pan.quark.cn/s/9669ac301500,,,,
,〔安卓〕地狱边境LIMBO v1.20.1 解谜冒险 完整版,安卓,game,https://pan.quark.cn/s/d18b5b838228,,,,
,〔安卓〕Incredibox v0.6.6 音游 无限货币,安卓,game,https://pan.quark.cn/s/1a5c52cde000,,,,
,〔安卓〕RFS – 真实飞行模拟器 v2.2.,安卓,game,https://pan.quark.cn/s/3eadda7200d8,,,,
,〔安卓〕星际幸存者 v1.0.215 内置mod,安卓,game,https://pan.quark.cn/s/184a46d8d2bd,,,,
,渴望力量V0.918,安卓,game,https://pan.quark.cn/s/3698d2319b11,,,,
,梅特里亚（内置mod菜单）,安卓,game,https://pan.quark.cn/s/1e90cf680ce9,,,,
,《心灵杀手2／阿兰醒醒2／Alan Wake 2》v1.1.0.｜官中｜容量101GB,pc,game,https://pan.quark.cn/s/d5ebeb3b3d97,,,,
,《夏洛克·福尔摩斯：第一章／Sherlock Holmes Chapter One》v1.04-elamigos官中简体｜容量27GB修改器,pc,game,https://pan.quark.cn/s/b6d0b8b3e9d1,,,,
,《希腊建设者 Builders of Greece》BUILD 14679387｜官中简体｜容量7.48GB,pc,game,https://pan.quark.cn/s/e1f43fcbd89e,,,,
,《希克斯之歌／Songs of Syx》V0.66.48｜官中｜容量485MB,pc,game,https://pan.quark.cn/s/480504e7cc8e,,,,
,《虚空穹牢／Vault of the Void》V2.5.16.0-P2P｜官中｜容量577MB,pc,game,https://pan.quark.cn/s/39c3a6b69f91,,,,
,《虚空列车豪华版 ／VOIDTRAIN DELUXE EDITION》V14216 EARLY ACCESS｜官中｜容量35.1GB,pc,game,https://pan.quark.cn/s/b9b72a4657aa,,,,
,《虚空航船 VOID CREW》V0.26.1.0528173841-0XDEADCODE联机版官中简体｜容量2.2GB,pc,game,https://pan.quark.cn/s/5f06b6555f0d,,,,
,《侠客风云传(Tale of Wuxia)》V1.0.3.19014官中简体｜容量15.69GB,pc,game,https://pan.quark.cn/s/e260c5fc74b7,,,,
,《星空：数字高级版／Starfield Premium Edition》V1.12.32.0-P2P｜官中｜赠第十一周目开局存档.全能力和技能满级｜容量127GB,pc,game,https://pan.quark.cn/s/6c10a2912796,,,,
,《星界战士／星座上升／Astral Ascent》V1.5.1｜官中｜容量854MB,pc,game,https://pan.quark.cn/s/00f2bcbec963,,,,
,《雪居之地／Wildfrost》v1.2.0官中简体｜容量510MB,pc,game,https://pan.quark.cn/s/8e468dff2250,,,,
,《星际意志 The will of space》V1.0.0.2-P2P官中简体｜容量1.3GB｜手柄,pc,game,https://pan.quark.cn/s/dc6c90d82f10,,,,
,《星际拓荒／Outer Wilds》V1.1.15｜官中｜修改器｜容量10.8GB,pc,game,https://pan.quark.cn/s/4756ec442868,,,,
,《星际迷航 复苏／Star Trek： Resurgence》V20240523-P2P官中繁体｜容量15.2GB,pc,game,https://pan.quark.cn/s/8a9111558e41,,,,
,《星际迷航：无限豪华版／Star Trek Infinite Deluxe Edition》V1.0.7-P2P官中简体｜容量15.77GB,pc,game,https://pan.quark.cn/s/85ff72484d59,,,,
,《猩红之塔／Scarlet Tower》V1.10｜官中｜容量2.81GB,pc,game,https://pan.quark.cn/s/2f19972caa6b,,,,
,《星河战队：人类指挥部／Starship Troopers Terran Command》V3.00.03整合Terran Command - Raising Hell｜官中｜支持键鼠｜容量8.96GB,pc,game,https://pan.quark.cn/s/cb59ec82dcbf,,,,
,《星核工厂／Techtonica》V0.5.0c｜官中｜容量5.84GB,pc,game,https://pan.quark.cn/s/82f0bf9fb1f3,,,,
,《雪地奔驰豪华版／SnowRunner Premium Edition》v30.0整合The Mastodon｜官中｜修改器｜容量49.7GB,pc,game,https://pan.quark.cn/s/ab6abc6238d6,,,,
,《细胞生存战2／微观世界2／Microcosmum 2》v20240522官中简体｜容量2.5GB,pc,game,https://pan.quark.cn/s/37a1fa129290,,,,
,《西伯利亚铁路干线模拟器（Trans-Siberian Railway Simulator）》BUILD 14563533官中简体｜容量26.16GB,pc,game,https://pan.quark.cn/s/fed5a980db2b,,,,
,《小兵带步枪／小兵步枪／Running With Rifles》v1.98｜官中｜容量2.45GB,pc,game,https://pan.quark.cn/s/f4961e68b496,,,,
,《下一站江湖Ⅱ／Next Stop Jianghu 2》V1.1.26.17官中简体｜容量16.94GB,pc,game,https://pan.quark.cn/s/3cdf9f1035b1,,,,
,《无职转生：到了异世界就拿出真本事／無職転生 ～異世界行ったら本気だす～ Quest of Memories》v1.0.3官中简体｜容量7.55GB,pc,game,https://pan.quark.cn/s/784ff5330fc1,,,,
,《物质世界：终极版／Outward Definitive Edition》v1.0.2｜官中｜容量52GB修改器｜赠满金币初始存档,pc,game,https://pan.quark.cn/s/7fea5311dd2a,,,,
,《未着陆／未登录／Unlanded》官中简体｜容量2.11GB,pc,game,https://pan.quark.cn/s/82cf32223d42,,,,
,《无政府状态： 沃尔夫定律／Anarchy： Wolf&#39;s law／Anarchy Wolfs law》V0.9.938.2205-P2P｜官中｜容量6.67GB,pc,game,https://pan.quark.cn/s/a49df2f6a204,,,,
,《未元物质 Primateria》V2.17.0-P2P官中简体｜容量2GB,pc,game,https://pan.quark.cn/s/e419a0c35821,,,,
,《外星原始人入侵（Alien Hominid Invasion）》V1.3.1-P2P｜官中｜容量1.3GB,pc,game,https://pan.quark.cn/s/46dd1e9342bc,,,,
,《危险节奏3／Beat Hazard 3》V1.0官中简体｜容量3.68GB,pc,game,https://pan.quark.cn/s/47bda119745b,,,,
,《微小的生命／Tiny Life》v0.42.2｜官中简体｜容量300MB,pc,game,https://pan.quark.cn/s/478c16859cc7,,,,
,《无神之世／渎神／Godless》v1.0.2.1028官中简体｜容量,pc,game,https://pan.quark.cn/s/5842225fa2ad,,,,
,《我是未来：悠闲末日生活 I AM FUTURE COZY APOCALYPSE》V0.5.1.002R｜官中｜容量853MB,pc,game,https://pan.quark.cn/s/0c87464ad771,,,,
,《雾锁王国 Enshrouded》V535584 EARLY ACCESS官中简体｜容量30GB,pc,game,https://pan.quark.cn/s/756bcbe6400f,,,,
,《巫师3次世代版 the witcher 3 ： Wild Hunt next-gen》V20240521-P2P次世代版_Steam／GOG｜整合全DLC｜容量61.3GB｜官中.含国语配音｜修改器｜赠v4.04版本Steam／GOG升级档,pc,game,https://pan.quark.cn/s/ff2f024da0a4,,,,
,《无人深空／无人之地／No Man&#39;s Sky／NO MANS SKY》v4.7.2｜官中简体｜容量｜容量14.1GB赠音乐原声｜修改器｜赠满金币.水荫.纳米星团初始存档,pc,game,https://pan.quark.cn/s/94147bfcce08,,,,
,《无人生还／No One Survived》V0.0.7.8 EARLY ACCESS官中简体｜容量38.8GB｜手柄,pc,game,https://pan.quark.cn/s/368cb35ad437,,,,
,《网球精英4 Tennis Elbow 4》BUILD 14614413官中简体｜容量3.33GB,pc,game,https://pan.quark.cn/s/5a27a3dca68a,,,,
,《王牌与冒险／Aces & Adventures》v1.221官中简体｜容量1.6GB,pc,game,https://pan.quark.cn/s/320dfc0c78e4,,,,
,《巫女狙击手（Miko Sniper）》V1.01官中简体｜容量136MB,pc,game,https://pan.quark.cn/s/69cbc2fc5045,,,,
,《为了吾王2／为了国王2／For The King II／FOR THE KING 2》V1.1.88官中简体｜容量5GB,pc,game,https://pan.quark.cn/s/2eab7bdafc3b,,,,
,《网络奇兵：重制版 System Shock Remake》V1.2.3-P2P｜官中｜容量8.29GB,pc,game,https://pan.quark.cn/s/38c283302578,,,,
,《舞力快跑（Dance Dash）》V0.5.2｜官方英文｜容量3GB,pc,game,https://pan.quark.cn/s/02a396122cc9,,,,
,《温克利小屋／中世纪杂货店／Winkeltje The Little Shop》V.9909官中简体｜容量348.88MB,pc,game,https://pan.quark.cn/s/1148575c4c61,,,,
,《维京之乡（Land of the Vikings）》V1.2.0V｜官中｜容量9GB,pc,game,https://pan.quark.cn/s/b10c267ccbca,,,,
,《无径之林 Pathless Woods》v0.5213官中简体｜容量1.16GB,pc,game,https://pan.quark.cn/s/534894265c1b,,,,
,《污痕圣杯：阿瓦隆的陨落／Tainted Grail The Fall of Avalon》V0.58CBA｜官中｜容量14GB,pc,game,https://pan.quark.cn/s/f59e0e5e71ec,,,,
,《王冠之战：黑王子（Crown Wars The Black Prince）》V20240704-P2P官中简体容量17.39GB,pc,game,https://pan.quark.cn/s/2780788d9504,,,,
,《无感染区／Infection Free Zone》V0.24.6.18A官中简体｜容量4.17GB,pc,game,https://pan.quark.cn/s/ca2db98251c0,,,,
,《围攻 Besiege》v1.50官中简体｜容量2.76GB,pc,game,https://pan.quark.cn/s/2d41a27d7616,,,,
,《我的梦想卧室：宠物（My Dream Setup Pets）》V20240530-P2P官中简体｜容量5.31GB,pc,game,https://pan.quark.cn/s/42a2c16c3a4b,,,,
,《我的马：被束缚的灵魂（My Horse： Bonded Spirits）》官中简体｜容量13.66GB,pc,game,https://pan.quark.cn/s/dc46044810ef,,,,
,《维多利亚3豪华版／Victoria 3 Grand Edition》v1.7.0｜官中｜支持键鼠｜赠多项修改器｜容量12.49GB,pc,game,https://pan.quark.cn/s/3de70fd38e33,,,,
,《我的幻想乡／The Leviathans Fantasy》V2.0.8｜官中｜容量15.2GB,pc,game,https://pan.quark.cn/s/f51fd3f5d087,,,,
,《温迪尔：谎言瘟疫／Vendir Plague of Lies》V1.2.101官中简体｜容量7.19GB,pc,game,https://pan.quark.cn/s/8d5a05f374da,,,,
,《无处可去／Nowhere Near》官中简体｜容量1.88GB,pc,game,https://pan.quark.cn/s/491d8313d1e6,,,,
,《网吧进化论 Internet Cafe Evolution》小满版V1.3.6｜官中简体｜容量4GB,pc,game,https://pan.quark.cn/s/238aa3be113c,,,,
,《推石头游戏／The Game of Sisyphus》V20240525-P2P官中简体｜容量7GB,pc,game,https://pan.quark.cn/s/8e4a03e33d57,,,,
,《吞噬／DEVOUR》V4.3.9-0XDEADCODE联机版｜官中｜容量9.7GB,pc,game,https://pan.quark.cn/s/d24c0f873c78,,,,
,《塔楼满是猫A Tower Full of Cats》V20240708官中简体容量735MB,pc,game,https://pan.quark.cn/s/a0a3517f682e,,,,
,《SpeedRunners》BUILD 14176999官中简体容量659MB,pc,game,https://pan.quark.cn/s/ceaf818b2573,,,,
,《鸡械绿洲 (Cluckmech Oasis)》v1.1.5-挑战升级！【传统塔防】回归！-官中简体容量837MB,pc,game,https://pan.quark.cn/s/62ff062c003d,,,,
,《五等分的新娘 ～与你一起度过的五个回忆～／五等分的新娘 ～与你一起度过的五个回忆～》官中繁体｜容量6GB,pc,game,https://pan.quark.cn/s/c2ac3b38d30f,,,,
,《五等分的新娘 ～夏日回忆也是五等分～／The Quintessential Quintuplets Memories of a Quintessential Summer》官中繁体｜容量3.81GB,pc,game,https://pan.quark.cn/s/eda3af63ae0d,,,,
,《一方灵田／Immortal Life》V1.0.17｜官中｜容量5.72GB,pc,game,https://pan.quark.cn/s/736fe89c067e,,,,
,《幽灵霍迪 Hauntii》V5.1.10GOLD官中简体容量4.56GB,pc,game,https://pan.quark.cn/s/46cbf33d00fe,,,,
,《太阳港／Sun Haven》V1.4.4官中｜容量9.62GB,pc,game,https://pan.quark.cn/s/3a4cc4725bb3,,,,
,《太阳帝国的原罪2／Sins of a Solar Empire II／Sins of a Solar Empire 2》V1.21.17｜官方英文｜容量｜容量914MB赠旧版汉化,pc,game,https://pan.quark.cn/s/67852f7bd790,,,,
,《泰坦站／Titan Station》V1.1官中简体｜容量8.53GB｜手柄｜支持VR模式,pc,game,https://pan.quark.cn/s/02f94219c56c,,,,
,《天使海湾／Angels Cove》官中简体｜容量6.49GB,pc,game,https://pan.quark.cn/s/18b226b15802,,,,
,《泰思虎奇幻冒险4／TY the Tasmanian Tiger 4》｜官方英文｜容量1.74GB,pc,game,https://pan.quark.cn/s/b6f571b2bbb7,,,,
,《铁骑少女 CAVALRY GIRLS》V1.1.1669官中｜容量1.1GB,pc,game,https://pan.quark.cn/s/907aafa698b8,,,,
,《铁拳8终极版 TEKKEN 8 Ultimate Edition》V1.05.00-P2P｜官中简体｜容量94.5GB,pc,game,https://pan.quark.cn/s/2c33abefe15e,,,,
,《天哪！是心动的感觉！》官中简体｜容量14.2GB,pc,game,https://pan.quark.cn/s/66e385fe88b6,,,,
,《铁路在线／RAILROADS Online!》V0.9.0.0.0（48665）官中简体｜容量24.6GB,pc,game,https://pan.quark.cn/s/44acd2ad2559,,,,
,《泰拉往事 Terra Memoria》V2024.5.22A-P2P官中简体｜容量4.3GB,pc,game,https://pan.quark.cn/s/bc31e619b545,,,,
,《逃离塔科夫／Escape from Tarkov》V0.14.9.1.30626｜官中｜容量41.6GB,pc,game,https://pan.quark.cn/s/ff90dd92d863,,,,
,《泰拉科技世界 TerraTech Worlds》V0.3官中简体｜容量3GB,pc,game,https://pan.quark.cn/s/69ece0d2e273,,,,
,《铁路调度模拟器／铁路路线／Rail Route》V2.1.21.1｜官中｜容量540MB,pc,game,https://pan.quark.cn/s/1bcac85677e1,,,,
,《陶拉：生存／Taora Survival》BUILD 28052024-0XDEADCODE联机版官中简体｜容量5.8GB,pc,game,https://pan.quark.cn/s/4ab41253d38f,,,,
,《太空站长／空间站工程师／Stationeers Mining Drills》V13.06.2024｜官中｜容量4.52GB,pc,game,https://pan.quark.cn/s/b937e1021a7e,,,,
,《太空殖民地／Astro Colony》BUILD 14761792｜官中｜支持键鼠｜容量3.29GB,pc,game,https://pan.quark.cn/s/05437707d0b6,,,,
,《太空引擎／SpaceEngine》V0.990.48.2028 EARLY ACCESS｜官中｜支持键鼠.手柄｜容量71GB,pc,game,https://pan.quark.cn/s/6e7a0f8a38c5,,,,
,《太空物品（Star Stuff）》官中简体｜容量1GB,pc,game,https://pan.quark.cn/s/f991ea049835,,,,
,《太空台球（Asta-Pool： Can Humans Beat Bots）》｜官方英文｜容量652MB,pc,game,https://pan.quark.cn/s/8d43f7bda0e2,,,,
,《天降玩偶（Plushie from the Sky）》BUILD 14616860官中简体｜容量4.63GB,pc,game,https://pan.quark.cn/s/8c08157f8a9a,,,,
,《淘金模拟器／淘金者：游戏（Gold Mining Simulator）》V1.7.2.277-P2P官中简体｜容量19.23GB,pc,game,https://pan.quark.cn/s/fe9d43430110,,,,
,《通古斯：禁区实录／战栗通古斯／通古斯：暗鸦之林／Tunguska The Visitation》V1.84.4｜官中｜支持键鼠｜容量3.26GB,pc,game,https://pan.quark.cn/s/65e9c483a173,,,,
,《提高工作效率神器／灵魂之城：白噪音／Spirit City Lofi Sessions》V1.2.0-P2P官中简体｜容量2.16GB,pc,game,https://pan.quark.cn/s/3db4fb35d40c,,,,
,《唐朝那些猫／Cats of the Tang Dynasty》官中简体｜容量2.51GB,pc,game,https://pan.quark.cn/s/06fcec6ea707,,,,
,《忍者印记：重制版（Mark of the Ninja： Remastered）》V5908561官中简体｜容量7.54GB,pc,game,https://pan.quark.cn/s/0e058220ab4d,,,,
,《人类一败涂地／Human Fall Flat》V1089172-欢迎来到船坞——全新免费官方关卡！｜官中｜容量4.94GB,pc,game,https://pan.quark.cn/s/ce2bfd53382b,,,,
,《日薄西山 Fading Afternoon》V20240111-P2P｜官中｜容量584MB,pc,game,https://pan.quark.cn/s/9851b189b632,,,,
,《潜渊症／浅渊症／恐怖潜艇／Barotrauma》V1.5.8.0｜官中｜容量1GB,pc,game,https://pan.quark.cn/s/ce0ed3f860a4,,,,
,《去月球／To the Moon》BUILD 11614846官中简体｜容量649MB附原版漫画+特典,pc,game,https://pan.quark.cn/s/c2431cb5149a,,,,
,《奇娅／奇芽：感谢版／Tchia Oleti Edition》V20240521-P2P｜官中｜容量12GB,pc,game,https://pan.quark.cn/s/3b35e248e1ec,,,,
,《群星之间 BETWEEN THE STARS》V1.0.0.6｜官中｜容量1.8GB,pc,game,https://pan.quark.cn/s/b02f398bde96,,,,
,《群星银河版／群星：星际航行／Stellaris Galaxy Edition》V3.12.5｜整合全DLC｜官中｜支持键鼠｜赠音乐原声｜赠多项修改器｜满资源初始存档｜原画壁纸｜原版小说｜艺术书｜改中文存档｜容量23.13GB,pc,game,https://pan.quark.cn/s/621be5edef02,,,,
,《去XX的女巫 Fuck You Witch》V1.0.0官中简体｜容量10.44GB,pc,game,https://pan.quark.cn/s/c8f84770cdb4,,,,
,《前线任务2：重制版（Front Mission 2 Remake）》V1.0.7-CHRONOS官中简体｜容量9GB,pc,game,https://pan.quark.cn/s/ef3a28bb6b85,,,,
,《群星纽带（Nexus 5X）》V1.3.6736-P2P官中简体｜容量2.35GB,pc,game,https://pan.quark.cn/s/f5e4e9805460,,,,
,《前往中世纪／Going Medieval WATER AND FISHING》V0.19.21｜官中｜修改器｜容量782MB,pc,game,https://pan.quark.cn/s/1a883dc289fe,,,,
,《求生之路2／生存之旅2／Left 4 Dead 2》V2.2.3.8｜官中｜容量17GB,pc,game,https://pan.quark.cn/s/13ff4fcefbd0,,,,
,《骑士精神2／Chivalry 2》V1.0.42.0-0XDEADC0DE联机版｜官中｜容量25.5GB,pc,game,https://pan.quark.cn/s/e230574133b5,,,,
,《求生岛：不老泉传说／Survival Fountain of Youth》V1.0正式版-V1631-更新｜官中｜容量22.8GB,pc,game,https://pan.quark.cn/s/c0c8fab61b05,,,,
,《气球塔防6／猴子塔防6／Bloons TD 6》V43.2.8081｜官中｜容量1.6GB,pc,game,https://pan.quark.cn/s/2b2505525356,,,,
,《奇妙探险队2 Curious Expedition 2》集成邪教徒DLC官中简体｜容量2.89GB,pc,game,https://pan.quark.cn/s/b25e4979f334,,,,
,《全面冲突：抵抗／Total Conflict Resistance》BUILD 13845077｜官中｜容量23.2GB,pc,game,https://pan.quark.cn/s/9745d29a6f35,,,,
,《歧路旅人2／OCTOPATH TRAVELER II》V1.1.0-P2P官中简体｜容量7.39GB｜修改器,pc,game,https://pan.quark.cn/s/b741aeda094a,,,,
,《强力四轮越野车 2（Overpass 2）》Build 14551-elamigos｜官中｜容量16.3GB,pc,game,https://pan.quark.cn/s/f4f0d7df2b71,,,,
,《巧克力工厂 Chocolate Factory》官中简体｜容量12.47GB,pc,game,https://pan.quark.cn/s/f3cfa2cfb0e8,,,,
,《奇迹时代4高级版／Age of Wonders 4 Premium Edition》V1.007.002.94867｜官中｜修改器｜容量16.5GB,pc,game,https://pan.quark.cn/s/2348601afd2c,,,,
,《枪火重生／Gunfire Reborn》BUILD 15052024-0XDEADCODE联机版｜官中简体｜容量3.03GB,pc,game,https://pan.quark.cn/s/6f3da336480d,,,,
,《枪火重生／Gunfire Reborn》BUILD 14370208官中｜容量3.03GB,pc,game,https://pan.quark.cn/s/fd916911405c,,,,
,《奇唤士豪华版／The Thaumaturge Deluxe Edition》V73583官中简体｜容量24GB,pc,game,https://pan.quark.cn/s/700d24c6f6dc,,,,
,《前黄道带／Ex-Zodiac》V0.9.10官中简体｜容量1.5GB,pc,game,https://pan.quark.cn/s/6708d39e0cc4,,,,
,《拳皇15 THE KING OF FIGHTERS XV》V2.32-P2P｜官中｜48.5 GB,pc,game,https://pan.quark.cn/s/e2075a3eea16,,,,
,《浅红2／轻松挂彩2／Easy Red 2 Normandy》V1.3.8｜官中｜支持键鼠｜容量12.5GB,pc,game,https://pan.quark.cn/s/aa9e12b49bb3,,,,
,《切尔诺贝利人增强版／CHERNOBYLITE ENHANCED DELUXE EDITION》v49411.增强版｜官中｜修改器｜壁纸｜赠电子书｜赠原声音乐｜容量38.6GBGB,pc,game,https://pan.quark.cn/s/6bcf2d9e9844,,,,
,《切尔诺贝利清算人 Chornobyl Liquidators》V1.01.8官中简体｜容量32.69GB,pc,game,https://pan.quark.cn/s/93cd72820aa1,,,,
,《汽车销售模拟器 2023（Car For Sale Simulator 2023）》V0.3.5.4A官中简体｜容量7.7GB,pc,game,https://pan.quark.cn/s/665a5fabd182,,,,
,《枪 匠 模拟器 Gunsmith Simulator》V0.27.17A官中简体｜容量15.7GB,pc,game,https://pan.quark.cn/s/81591315f4de,,,,
,《拍照学日语英语／写真语／Shashingo Learn Japanese With Photography》BUILD 14534703｜官中简体｜容量770MB,pc,game,https://pan.quark.cn/s/9ff2d50e911a,,,,
,《烹之道 The Way of Cooking》官中简体｜容量4.2GB,pc,game,https://pan.quark.cn/s/02ad20ffeb4a,,,,
,《螃蟹之神（Crab God）》v1.0.24官中简体｜容量6.34GB,pc,game,https://pan.quark.cn/s/f0f50e107879,,,,
,《破碎之路／Broken Roads》V1.2.8255官中简体｜容量12.36GB,pc,game,https://pan.quark.cn/s/f18a196f6c1f,,,,
,《破碎忍者（Shinobi Non Grata）》V1.0.6官中简体｜容量332MB,pc,game,https://pan.quark.cn/s/c65227cb40a5,,,,
,《破碎的像素地牢／粉碎的像素地牢／Shattered Pixel Dungeon》V2.4.2G｜官中｜容量109MB,pc,game,https://pan.quark.cn/s/ccfbc568e4ff,,,,
,《漂流佣兵 Wander Hero》V1.0.240608｜官中｜容量840MB,pc,game,https://pan.quark.cn/s/333318e10e27,,,,
,《漂流品／漂流物语／漂流瓶／Flotsam》V0.8.2｜官中｜容量822.45MB,pc,game,https://pan.quark.cn/s/333318e10e27,,,,
,《帕格尼物语／Pioneers of Pagonia》V0.7.0.4442｜官中｜容量1.9GB,pc,game,https://pan.quark.cn/s/74282087c84e,,,,
,《漂泊牧歌／流浪村庄／The Wandering Village Trading and Poison》V0.7.5｜官中｜容量1.16GB,pc,game,https://pan.quark.cn/s/e8e7d8ecde6c,,,,
,《欧陆风云4／Europa Universalis IV》V1.37.1.1整合Winds of Change｜官方原版英文｜容量9.49GB｜简体中文汉化MOD暂时失效｜等汉化大佬更新吧,pc,game,https://pan.quark.cn/s/1311e4fecc72,,,,
,《南之町 Minami Lane》V1.1官中简体｜容量237MB,pc,game,https://pan.quark.cn/s/f5de94fa9382,,,,
,《牛仔不能死 Dont Die In The West》V0.10.51P｜官中｜容量1.54GB,pc,game,https://pan.quark.cn/s/4d450e64cd21,,,,
,《牛仔3030／COWBOY 3030》EARLY ACCESS官中简体｜容量5.09GB,pc,game,https://pan.quark.cn/s/5d05582cbeb0,,,,
,《女妖狩猎（Banshee Hunt）》v1.1.3官中简体｜容量5.62GB,pc,game,https://pan.quark.cn/s/4e52412483b8,,,,
,《逆向坍塌：面包房行动 Reverse Collapse Code Name Bakery》V1.0.7.1官中简体｜容量14GB,pc,game,https://pan.quark.cn/s/8d3a56e68295,,,,
,《女巫的洋娃娃／Witch&#39;s Doll／Witchs Doll》Goldberg官中简体｜容量8.79GB,pc,game,https://pan.quark.cn/s/dcdbeb50f452,,,,
,《奈斯启示录／Necesse》V0.25.1｜官中｜容量200MB,pc,game,https://pan.quark.cn/s/6d60168521f6,,,,
,《诺兰德 NORLAND》V0.3740｜官方英文｜容量660MB,pc,game,https://pan.quark.cn/s/f3e559aef840,,,,
,《尼可梦：灭绝／Nexomon Extinction》V2.0.1官中简体｜容量3.15GB,pc,game,https://pan.quark.cn/s/c7ac358209f9,,,,
,《南极蛋（Arctic Eggs）》Build.14398341官方英／日｜容量514MB,pc,game,https://pan.quark.cn/s/a8638e07616c,,,,
,《南瓜先生大冒险 Mr Pumpkin Adventure》BUILD 12065939官中简体｜容量1GB,pc,game,https://pan.quark.cn/s/c01f87d275e6,,,,
,《农夫的生活／Farmer&#39;s Life／FARMERS LIFE》V1.0.21｜官中｜容量7.75GB,pc,game,https://pan.quark.cn/s/352b57209286,,,,
,《尼尔：人工生命／尼尔：伪装者／NieR Replicant》v1.22474487139｜官中｜修改器｜赠原声音乐｜赠高清壁纸｜容量25GB,pc,game,https://pan.quark.cn/s/371ab1f9b345,,,,
,《农场经营世界 Farm Manager World》BUILD 14617713官中简体｜容量12.65GB,pc,game,https://pan.quark.cn/s/0ba213f00574,,,,
,《农场经理2021／Farm Manager 2021》BUILD 14533213官中简体｜容量5.58GB,pc,game,https://pan.quark.cn/s/a93f6ce5cc9d,,,,
,《民主制度4／Democracy 4》V1.66官中简体｜容量872MB,pc,game,https://pan.quark.cn/s/a4c851e96425,,,,
,《冥狱战术／Hadean Tactics》V1.1.12-P2P｜官中｜容量3.07GB,pc,game,https://pan.quark.cn/s/2cd97590da61,,,,
,《牧野之歌／Song Of The Prairie》V0.9.73官中简体｜容量4.5GB,pc,game,https://pan.quark.cn/s/0797c38bcc93,,,,
,《魔饮心语 Tavern Talk》官中简体｜容量4.97GB,pc,game,https://pan.quark.cn/s/0ffe35c44820,,,,
,《命运挽歌／Elegy of Fate》V1.0.0光与影官中简体｜容量10.88GB,pc,game,https://pan.quark.cn/s/0eb5e1c5864c,,,,
,《妙药工坊 (The Magical Mixture Mill)》v1.1.1官中简体｜容量1.96GB,pc,game,https://pan.quark.cn/s/2bb74c0b7067,,,,
,《末夜部落／The Tribe Must Survive》V1.0.16官中简体｜容量1.49GB,pc,game,https://pan.quark.cn/s/c1f93dcca2ef,,,,
,《迷失艺廊 X Gallery X》V1.0.0官中简体｜容量2GB,pc,game,https://pan.quark.cn/s/ee37912d82cc,,,,
,《密室逃脱模拟器／Escape Simulator》v33085r｜官中｜支持键鼠｜容量22.6GB,pc,game,https://pan.quark.cn/s/4bf7da12549f,,,,
,《末日电涌 Rogue Voltage》V15.06.2024官中简体｜容量727MB,pc,game,ttps://pan.quark.cn/s/f45cce12d62f,,,,
,《模拟山羊3／Goat Simulator 3》v1.1.0.0｜官中｜容量7.13GB｜附联机补丁,pc,game,https://pan.quark.cn/s/baa6d7bbe338,,,,
,《模拟人生4豪华版／The Sims 4 Deluxe Edition》V1.107.151.1020-P2P豪华版｜整合全DLC｜官中｜容量58.7GB,pc,game,https://pan.quark.cn/s/b8c0a7021d9a,,,,
,《模拟蜜蜂／蜜蜂模拟器／Bee Simulator》完整版官中简体｜容量9.33GB,pc,game,https://pan.quark.cn/s/66961564cf04,,,,
,《迷你公路／迷你高速公路／Mini Motorways》V20240607｜官中｜容量205MB,pc,game,https://pan.quark.cn/s/255117497c01,,,,
,《名利游戏 Fame And Wealth》V0.9.831.1201｜官中简体｜容量22GB,pc,game,https://pan.quark.cn/s/d4038dd15069,,,,
,《魔卡地下城／Dungeon Drafters》V1.1.1.6｜官中｜容量1.4GB,pc,game,https://pan.quark.cn/s/5df9d4a775cc,,,,
,《魔界战记5完整版／Disgaea 5 Complete》[Build 06.12.2018][Reuploaded] +[Update 04.02.2019]官中简体｜容量8GB,pc,game,https://pan.quark.cn/s/2033bc4744db,,,,
,《魔境奇缘：文字大冒险（Nanotale Typing Chronicles）》v1.0.1官中简体｜容量4.7GB,pc,game,https://pan.quark.cn/s/7a5ecc9c5e6a,,,,
,《梦幻模拟战1+2／Langrisser I & II》BUILD 4964311官中简体｜容量4.53GB,pc,game,https://pan.quark.cn/s/86898c47ba5b,,,,
,《迷宫探险／Labyrinthine》V20240601-P2P｜官中简体｜容量19.9GB,pc,game,https://pan.quark.cn/s/873b77b9729a,,,,
,《魔法工艺 Magicraft》V0.82.14｜官中｜容量191MB,pc,game,https://pan.quark.cn/s/c4e28c5cb5d1,,,,
,《梦灯花 Noctuary》V1.1.3官中简体｜容量12GB,pc,game,https://pan.quark.cn/s/4140a93e48c4,,,,
,《面包之子／BORN OF BREAD》V3.2.4D｜官中｜容量3.4GB,pc,game,https://pan.quark.cn/s/ca625d7f7fe5,,,,
,《莫比乌斯机器 The Mobius Machine》V1.1.0｜官中简体｜容量1.2GB,pc,game,https://pan.quark.cn/s/3293ccb5c44a,,,,
,《飞天红酒桶 ～小小飞行员日记～（Flying Red Barrel The Diary of a Little Aviator）》V1.3官中简体容量299MB,pc,game,https://pan.quark.cn/s/2db72b0d571f,,,,
,《千代／Chiyo》V1.0.6.0官中简体｜容量12.5GB,pc,game,https://pan.quark.cn/s/26940681c2ec,,,,
,《七个背叛者 Seven Betrayers》BUILD 13450036官中简体｜容量575MB,pc,game,https://pan.quark.cn/s/b9d1b6b5510e,,,,
,《龙珠：超宇宙2 豪华版／DRAGON BALL XENOVERSE 2 DELUXE EDITION》V1.22.00-P2P｜整合全DLC｜官中｜赠音乐原声｜修改器｜赠80级满金币满TP初始存档｜赠4个MOD版(MOD人物1419个)｜容量25.3GB,pc,game,https://pan.quark.cn/s/3157fc60b0ab,,,,
,《龙珠Z：卡卡罗特终极版／Dragon Ball Z Kakarot Ultimate Edition》v2.10!整合DLC：Goku&#39;s Next Journey｜整合TRUNKS - THE WARRIOR OF HOPE｜官中｜修改器｜赠通关存档｜赠MOD合集｜容量47GB,pc,game,https://pan.quark.cn/s/30f44df41705,,,,
,《鼠托邦（Ratopia）》v1.0.0200官中简体｜容量1.4GB,pc,game,https://pan.quark.cn/s/b488ce2cc23b,,,,
,《黑道圣徒3：重制版／Saints Row：The Third Remastered》内置3DM1.5简中汉化｜容量46GB｜手柄｜修改器｜赠满金币初始存档,pc,game,https://pan.quark.cn/s/ada377559f2a,,,,
,《黑色一号 血盟兄弟／血色兄弟：黑色一号 Black One Blood Brothers》V1.48B｜官方英文｜容量15GB,pc,game,https://pan.quark.cn/s/07b7a2cab112,,,,
,《黎明幸存者／Survivors of the Dawn》V0.410A｜官中｜容量2.21GB,pc,game,https://pan.quark.cn/s/e2b81146c3db,,,,
,《黄昏的天使／ANGEL AT DUSK》V2.04｜官中｜容量2.84GB,pc,game,https://pan.quark.cn/s/f86fce9cf459,,,,
,《麦迪逊VR／MADiSON VR》BUILD 14475406｜官中简体｜容量10GB,pc,game,https://pan.quark.cn/s/e6889c9a4ba8,,,,
,《鹰岛（Eagle Island Twist）》v2.0.5.0官中繁体｜容量1.75GB,pc,game,https://pan.quark.cn/s/aaf4e9219065,,,,
,《鲁斯蒂的退休／Rusty&#39;s Retirement／Rustys Retirement》V1.0.14官中简体｜容量183MB,pc,game,https://pan.quark.cn/s/f90acb63b416,,,,
,《鲁弗兰的地下迷宫与魔女之旅团 Labyrinth of Refrain：Coven of Dusk》V20181102中文汉化版17.17GB,pc,game,https://pan.quark.cn/s/e4661cc0d8e4,,,,
,《鲁姆尼斯（Lumnis）》官中简体｜容量1.63GB,pc,game,https://pan.quark.cn/s/aba346f47064,,,,
,《魔药奇谭／Potions A Curious Tale》V1.0.3.0-P2P官中简体｜容量3.3GB,pc,game,https://pan.quark.cn/s/6ca54606a475,,,,
,《魅魔 红色女神 终极版／Succubus Ultimate Edition》build 28.05.2024｜修改器｜赠原声音乐｜赠电子书｜容量112GB｜,pc,game,https://pan.quark.cn/s/565169a003cb,,,,
,《鬼屋魔影重制版 2024 Alone in the Dark 2024》V1.0.5B-KAOS Repack官中简体｜容量29GB,pc,game,https://pan.quark.cn/s/4de6f69608f4,,,,
,《食人鲨／Maneater Apex Edition》Build 431513｜官中｜容量17.5GB,pc,game,https://pan.quark.cn/s/c4f7c50d9a49,,,,
,《飞速电梯 REMIX／Savant：Ascent Remix／Savant - Ascent REMIX／SAVANT ASCENT REMIX》V1.22e｜官中｜容量860MB,pc,game,https://pan.quark.cn/s/305203ac218f,,,,
,《领主争锋／Rising Lords Dellpiani》V1.1.0官中简体｜容量520MB,pc,game,https://pan.quark.cn/s/14c48c4caac7,,,,
,《预先警告／FOREWARNED》BUILD 14247754｜官中｜容量10.9GB,pc,game,https://pan.quark.cn/s/b9ab90331faa,,,,
,《预先号令／WARNO GROUCHY》V22779 V1.0｜官中｜容量28.5GB,pc,game,https://pan.quark.cn/s/6b7151a3f5f4,,,,
,《颂钟长鸣／Bellwright》V20240601 EARLY ACCESS官中简体｜容量20.31GB,pc,game,https://pan.quark.cn/s/c608a3475dcf,,,,
,《零希沃特 ZERO Sievert》V0.41.23｜官方英文｜容量230MB,pc,game,https://pan.quark.cn/s/e01ca9cfcda4,,,,
,《随机军团 Random Legion》V1.0.1.1官中简体｜容量2.07GB,pc,game,https://pan.quark.cn/s/966d71fd61af,,,,
,《阿拉斯加卡车司机 Alaskan Road Truckers Mother Truckers Edition》V20240628｜官中｜容量24GB,pc,game,https://pan.quark.cn/s/401932653c3e,,,,
,《闰跃之年 Leap Year》BUILD 14912298官中简体｜容量31MB,pc,game,https://pan.quark.cn/s/cab34ad047e0,,,,
,《闪回 2（Flashback 2）》V20240627｜官方英文｜容量11GB,pc,game,https://pan.quark.cn/s/0e41cfa8fcf4,,,,
,《铸造厂 FOUNDRY》V0.5.2.14962官中简体｜容量6.6GB,pc,game,https://pan.quark.cn/s/d262f278b52a,,,,
,《量子协议／Quantum Protocol》BUILD 13998853｜官中｜容量2.08GB,pc,game,https://pan.quark.cn/s/d7e5268ca7ca,,,,
,《重装前哨 Outpost Infinity Siege》V20240607官中简体｜容量36.4GB,pc,game,https://pan.quark.cn/s/db8684a82cbc,,,,
,《酒店管理大师（Hotel Business Simulator）》官中简体｜容量3，98GB,pc,game,https://pan.quark.cn/s/3ffce4e1ffb6,,,,
,《逐光星火／Lightracer Spark》V1.3.3-P2P官中简体｜容量1.83GB,pc,game,https://pan.quark.cn/s/14f41f910774,,,,
,《迷雾回生／Mist Slayer》v1.1.4｜官中｜支持键鼠.手柄｜容量2.66GB,pc,game,https://pan.quark.cn/s/79bdf95b966b,,,,
,《远征：泥泞奔驰游戏 Expeditions A MudRunner Game Supreme Edition》V20240611-P2P｜官中简体｜容量18GB,pc,game,https://pan.quark.cn/s/257632ba7fe9,,,,
,《辐射76／Fallout 76／支持网络联机》V1.0.104.0-0XDEADCODE｜官中｜支持键鼠.手柄｜容量100GB,pc,game,https://pan.quark.cn/s/304f418e3612,,,,
,《超市模拟器 Supermarket Simulator》V0.2｜官中简体｜容量4.28GB,pc,game,https://pan.quark.cn/s/98bb86132313,,,,
,《赞助者 Patron》V1.904.0｜官中｜容量1.5GB,pc,game,https://pan.quark.cn/s/1e484eaee812,,,,
,《负鼠闹翻天 PIZZA POSSUM》v1.4.16.r.214官中简体｜容量876MB,pc,game,https://pan.quark.cn/s/ed92ea07044a,,,,
,《豪麻—黑色推理／／HAUMA A DETECTIVE NOIR STORY》V1.05｜官中｜容量1.7GB,pc,game,https://pan.quark.cn/s/0e82a989a3dc,,,,
,《诸千年高级版／Millennia Premium Edition》V1.0.20425.F官中简体｜容量3.5GB,pc,game,https://pan.quark.cn/s/e1815e0aae8e,,,,
,《设计铁路／NIMBY Rails》v1.12.11.22776｜容量23.4GB｜汉化-附汉化教程,pc,game,https://pan.quark.cn/s/b157d5969c7b,,,,
,《警察模拟器：巡警／Police Simulator Patrol Officers》V13.5.3｜官中｜容量9GB,pc,game,https://pan.quark.cn/s/1388e017d9c4,,,,
,《角斗士公会经理／Gladiator Guild Manager》V1.0A｜官中｜支持键鼠｜容量3.38GB,pc,game,https://pan.quark.cn/s/9b69d502d113,,,,
,《觉醒深渊／Still Wakes the Deep》v1.2官中简体｜容量10GB,pc,game,https://pan.quark.cn/s/1c1201d4522a,,,,
,《装甲军团2／Panzer Corps 2 Frontlines Bulge》V1.11.01整合10DLC｜官中｜赠原声音乐｜壁纸｜容量15.5GB,pc,game,https://pan.quark.cn/s/5a8e76b991e7,,,,
,《行动代号：探戈（Operation：Tango）》V2.01.05-0XDEADCODE联机版官中简体｜容量4.6GB,pc,game,https://pan.quark.cn/s/38663e145b18,,,,
,《蜜蜂岛／Bee Island》V20240627-P2P官中简体｜容量1GB,pc,game,https://pan.quark.cn/s/6257c5226697,,,,
,《虚构世界2：信条谷／Figment 2：Creed Valley》V1.0.15官中简体｜容量1.39GB,pc,game,https://pan.quark.cn/s/be7dbd457dae,,,,
,《蒸汽世界：建设／SteamWorld Build》BUILD V1.0.10.0A官中简体｜容量3.06GB,pc,game,https://pan.quark.cn/s/778f7e51b99d,,,,
,《萌萌小人大乱斗／基佬大乱斗（Gang Beasts）》V1.23.1238｜官中｜容量730MB,pc,game,https://pan.quark.cn/s/abf8ff6ed0bd,,,,
,《萌宠拆拆乐 Messy Up》V1.0官中简体｜容量1.96GB,pc,game,https://pan.quark.cn/s/bfe378f2e057,,,,
,《荣耀死斗2 - Mortal Glory 2》V1.2.0B官中简体｜容量804MB,pc,game,https://pan.quark.cn/s/04e81f40633c,,,,
,《荒野的召唤：垂钓者／Call of the Wild The Angler Spain Reserve》V1.7.0｜官中｜容量29.7GB,pc,game,https://pan.quark.cn/s/a52bcdfacc82,,,,
,《节奏医生 Rhythm Doctor》v0.15｜官中｜容量320MB,pc,game,https://pan.quark.cn/s/e0b469c2e262,,,,
,《舒米回家（Smushi Come Home）》V1.1.0.3｜官中｜容量210MB,pc,game,https://pan.quark.cn/s/80dab8611f8a,,,,
,《美国职业摔角联盟 2K24：摔角狂热四十周年纪念版 WWE 2K24 Forty Years of WrestleMania》V1.11｜官方英文｜容量85GB,pc,game,https://pan.quark.cn/s/98f554b67222,,,,
,《美国卡车模拟／American Truck Simulator》V1.50.1.14S-P2P全DLC官中｜容量15GB,pc,game,https://pan.quark.cn/s/4d7e84fdef16,,,,
,《罪恶装备 GUILTY GEAR STRIVE DELUXE EDITION》V1.37-P2P｜官中｜容量29GB,pc,game,https://pan.quark.cn/s/4ee247315796,,,,
,《罗宾汉 - 舍伍德建造者 Robin Hood - Sherwood Builders》V20240527-P2P｜官中简体｜容量35GB,pc,game,https://pan.quark.cn/s/5ff6fff68d27,,,,
,《绝密：法国 ‘44年 Classified France 44》V2321｜官中简体｜容量23.54GB,pc,game,https://pan.quark.cn/s/f4ba08c86e51,,,,
,《绝世情圣3／超级情圣3：最后的诱惑（Super Seducer 3：The Final Seduction）》v1.1.1｜容量679MB｜官中｜,pc,game,https://pan.quark.cn/s/e98d06d92666,,,,
,《终结者：黑暗命运 - 反抗 Terminator Dark Fate Defiance》V1.04.987｜官中简体｜容量15GB,pc,game,https://pan.quark.cn/s/c8415964f93a,,,,
,《终极海军上将：无畏舰／终极提督：无畏战舰／Ultimate Admiral Dreadnoughts》V1.5.1.4-P2P｜官方简体中午｜容量3.38GB,pc,game,https://pan.quark.cn/s/e464840b1e07,,,,
,《终极太空突击队：反击势力／Ultimate Space Commando：Counterforce／USC COUNTERFORCE》V0.90.3A｜官中｜支持键鼠｜容量5.88GB,pc,game,https://pan.quark.cn/s/855aa2643499,,,,
,《红视2 Redout 2 Winter Pack》SKIDROW官中简体｜容量31GB,pc,game,https://pan.quark.cn/s/673bbd922fd2,,,,
,《竞技场翻新／Arena Renovation》V1.0.164｜官中｜容量10.5GB,pc,game,https://pan.quark.cn/s/35df892b0ce9,,,,
,《究极大越野：传奇／MX vs ATV Legends Compound Pack》v3.04｜官中｜容量39GB,pc,game,https://pan.quark.cn/s/37192e64763a,,,,
,《科洛蒙 豪华版／Coromon Deluxe Edition》V1.3.1官中简体｜容量1.09GB｜手柄,pc,game,https://pan.quark.cn/s/8a92fb26919b,,,,
,《离经叛盗／Gone Rogue》V1.16官中简体｜容量4.7GB,pc,game,https://pan.quark.cn/s/4c23d3683fbc,,,,
,《离去之前 Before We Leave》v1.0346官中简体｜容量1.58gb,pc,game,https://pan.quark.cn/s/5ad6dc40d7d9,,,,
,《禁闭求生／变成小人冒险／Grounded》V1.4.3.4578｜官中｜修改器｜容量9.52GB附联机补丁,pc,game,https://pan.quark.cn/s/5e7b62cf7fd0,,,,
,《禁忌试炼／Taboo Trial》5.0赛季模式更新公告｜官中｜容量9.57GB,pc,game,https://pan.quark.cn/s/8a17bb7099f0,,,,
,《神话力量 MythForce》V1.0.5.2｜官中｜容量7.7GB,pc,game,https://pan.quark.cn/s/4c34daea767f,,,,
,《神笔狗良：多彩的故事／Chicory：A Colorful Tale》v1.0.0.66官中简体｜容量1.2GB,pc,game,https://pan.quark.cn/s/feeef31748b6,,,,
,《神州志西游／神州志：西游 Divinity Chronicles Journey To The West》V1.14.24B-P2P｜官中｜容量4.29GB,pc,game,https://pan.quark.cn/s/943c6614d352,,,,
,《神奇青蛙 AMAZING FROG》V2.53｜官方英文｜容量3GB,pc,game,https://pan.quark.cn/s/8cac708a26ce,,,,
,《神奇英侠 Capes》V1.0.0.1官中简体｜容量2.97GB,pc,game,https://pan.quark.cn/s/6b2a1004ac59,,,,
,《神之天平 ASTLIBRA Gaiden The Cave of Phantom Mist／ASTLIBRA Revision》V1.3.7整合DLC神之天平外传：幻雾之洞窟v1.1.6｜官中｜容量2.42GB,pc,game,https://pan.quark.cn/s/067924db2ea2,,,,
,《破碎宇宙：塔防（Broken Universe）》v1.1.0官中简体｜容量1.24GB,pc,game,https://pan.quark.cn/s/79a64265105d,,,,
,《矮人军团自走棋／Dwarves：Glory， Death and Loot／DWARVES GLORY DEATH AND LOOT》V1.13.1官中简体｜容量283MB,pc,game,https://pan.quark.cn/s/05a46cf6d3e5,,,,
,《看门狗：军团／看门狗3／Watch Dogs：Legion》v1.5.6｜官中｜修改器｜赠尼格清除计划MOD｜赠多国语言包｜赠高清材质包｜容量56GB,pc,game,https://pan.quark.cn/s/eb08f88b79c5,,,,
,《看门狗2／Watch Dogs 2》v1.17elamigos｜容量45.4GB｜集成高清材质包｜官中｜赠官方原声3首BGM｜修改器｜赠通关存档,pc,game,https://pan.quark.cn/s/d833cbc520b3,,,,
,《百万吨级武藏W：WIRED – 终极豪华版／MEGATON MUSASHI W WIRED》V3.1.0官中简体｜容量44.3GB,pc,game,https://pan.quark.cn/s/25c21eddd9ea,,,,
,《疯人院噩梦 Asylum Nightmares》v2024.06.07官中简体｜容量9.92GB,pc,game,https://pan.quark.cn/s/888142191a3e,,,,
,《生物变形 BIOMORPH》V1.5.26702-P2P官中简体｜容量3.66GB｜支持键鼠｜手柄,pc,game,https://pan.quark.cn/s/b95f8b6e2022,,,,
,《生死抉择：血霾／Decision：Red Daze／Decision Red Daze》V1.3.4（5号更新说明）｜官中｜容量3.15GB,pc,game,https://pan.quark.cn/s/ec6a6bc5e060,,,,
,《生存纪元（Chrono Survival）》V1.20官中简体｜容量573MB,pc,game,https://pan.quark.cn/s/9c525f2dbe57,,,,
,《生存国度：失落的地平线／Survival Nation：Lost Horizon》V0.4.1官中简体｜容量4.1GB,pc,game,https://pan.quark.cn/s/77a20bd6b165,,,,
,《生存主义：隐形异变／Survivalist Invisible Strain》V204官中简体｜容量2GB,pc,game,https://pan.quark.cn/s/f31b234e10cd,,,,
,《生命工艺／Lifecraft》V0.1.0D8官中简体｜容量50MB,pc,game,https://pan.quark.cn/s/c47e8dcbb7ba,,,,
,《生化危机7：黄金版／Resident Evil 7 Biohazard》Update 08.05.2023｜官中｜赠音乐BGM｜修改器｜容量64.6GB,pc,game,https://pan.quark.cn/s/7ea9e8f212f3,,,,
,《瑞奇与叮当 时空跳转／Ratchet and Clank Rift Apart》V1.922｜官中｜容量48.3GB,pc,game,https://pan.quark.cn/s/69ec0300e58a,,,,
,《珊瑚岛／Coral Island》V1.0.948-P2P｜官中｜容量25.7GB｜手柄,pc,game,https://pan.quark.cn/s/133f98aa9e46,,,,
,《珀尔修斯：泰坦杀手（Perseus：Titan Slayer）》v1.1.0官中简体｜容量5.28GB,pc,game,https://pan.quark.cn/s/184896ec3eaa,,,,
,《猫爱盒子 Cats Love Boxes》V20240614-P2P官中简体｜容量620MB,pc,game,https://pan.quark.cn/s/1ee1965feb47,,,,
,《猫咖经理／Cat Cafe Manager》V1.2.492｜容量578MB｜官中｜,pc,game,https://pan.quark.cn/s/de85e52d04fc,,,,
,《猫与花毯／Quilts and Cats of Calico》V1.0.88官中简体｜容量1.5GB｜手柄,pc,game,https://pan.quark.cn/s/57c06628eb2b,,,,
,《猎户座／AVORION》V2.5.2A官中简体｜容量680MB,pc,game,https://pan.quark.cn/s/07f260684e98,,,,
,《狩夜人／黑夜狩猎／Hunt the Night》Build.20230405官中简体｜容量5GB｜手柄,pc,game,https://pan.quark.cn/s/e1f7a1eb2b66,,,,
,《炼金要塞／Castle Of Alchemists》V0.8A｜官中｜容量1.98GB,pc,game,https://pan.quark.cn/s/3d9703eb113d,,,,
,《炼金自动化／巨著／Opus Magnum》Build.13340657官中简体｜容量443MB,pc,game,https://pan.quark.cn/s/46f0cef45490,,,,
,《灵魂面甲(Soulmask)》V0.1.5官中简体｜容量9.66GB,pc,game,https://pan.quark.cn/s/a11ec321ae49,,,,
,《漫野奇谭完整版／Wildermyth Complete Edition》1.16+543 Omenroad Hotfix｜官中｜支持键鼠.手柄｜容量2.06GB,pc,game,https://pan.quark.cn/s/b96f7c268a5e,,,,
,《漫威蜘蛛侠2 PS5移植 Marvel’s Spider-Man 2 PC Port Released》V1.5.0｜官中简体｜容量256GB,pc,game,https://pan.quark.cn/s/166dfe2cbee2,,,,
,《满庭芳：宋上繁华／Thriving City Song》V1.0.7(R)正式版｜官中｜容量860MB,pc,game,https://pan.quark.cn/s/743e2797d3b2,,,,
,《游戏无损缩放／Lossless Scaling》V2.9.0官中简体｜容量2MB,pc,game,https://pan.quark.cn/s/d5531426e4e3,,,,
,《游戏开发物语 Game Dev Story》V2.64官中简体｜容量85MB,pc,game,https://pan.quark.cn/s/611026871b6a,,,,
,《游乐园建造师／Parkitect》V1.10B官中简体｜容量1.16GB,pc,game,https://pan.quark.cn/s/d3b3d8cce103,,,,
,《清零计划2：天启派对／Apocalypse Party》V20240628-免费DLC：邪神实验官中简体｜容量5GB,pc,game,https://pan.quark.cn/s/9564af561249,,,,
,《深渊之影／Shadow of the Depth》V0.9.3.4官中简体｜容量1.21GB,pc,game,https://pan.quark.cn/s/1f26f89484a3,,,,
,《深海远航（From the Depths）》V4.1.0.3官中简体｜容量3.57GB,pc,game,https://pan.quark.cn/s/defe9f77f270,,,,
,《深海纪事／Chronicles of Deeps》v20220110官中简体｜容量4.91GB,pc,game,https://pan.quark.cn/s/0441ea2e4761,,,,
,《深岩银河／Deep Rock Galactic》V1.39.101771.0｜官中｜支持键鼠.手柄｜容量3.07GB｜附联机补丁,pc,game,https://pan.quark.cn/s/1a2827aafd41,,,,
,《深岩破裂者 Lumencraft》V9258｜官中｜容量2GB,pc,game,https://pan.quark.cn/s/c61b6ad1d7b7,,,,
,《深地爆破采掘 BORE BLASTERS》V1.37官中简体｜容量480MB,pc,game,https://pan.quark.cn/s/d795bfec65fd,,,,
,《流氓星救援／Rogue Star Rescue》v1.4.8官中简体｜容量570MB｜手柄,pc,game,https://pan.quark.cn/s/2948876f87b1,,,,
,《洛雷塔／Loretta》v1.1.9s官中简体｜容量671MB｜手柄,pc,game,https://pan.quark.cn/s/6b29e8fd2862,,,,
,《没有B计划 NO PLAN B》v1.1.8｜官中｜容量950MB｜支持键鼠｜手柄,pc,game,https://pan.quark.cn/s/e47d47827c97,,,,
,《沙行者 (Sandwalkers)》b3.0.12官中简体｜容量1.58GB,pc,game,https://pan.quark.cn/s/2a557108b657,,,,
,《沙石镇时光 My Time at Sandrock》V1.3.1官中简体带中文语音｜容量37.3GB,pc,game,https://pan.quark.cn/s/361554e0dce8,,,,
,《沙漠大冒险数字豪华版／Sand Land Deluxe Edition》V1.0.5-P2P官中简体｜容量14.7GB,pc,game,https://pan.quark.cn/s/c701f26e7c82,,,,
,《沙沙小巷（Whispering Lane：Horror）》v1.0.0官中简体｜容量11.88GB,pc,game,https://pan.quark.cn/s/88f875a7fe51,,,,
,《沙加：翠之超越（SaGa Emerald Beyond）》V20240614-GOLDBERG｜官方英文｜容量582MB,pc,game,https://pan.quark.cn/s/c1ea7aa3c437,,,,
,《水隐之城／Highwater》V1.2官中繁体｜容量1GB,pc,game,https://pan.quark.cn/s/f4aea2ce3640,,,,
,《毛茸茸的先生：火辣肌肉／Mister Furry Hot Muscles》TENOKE官中简体｜容量6.17GB,pc,game,https://pan.quark.cn/s/da7397a13d80,,,,
,《毁灭战士：永恒／DOOM Eternal》Build 05.09.2023-elamigos｜集成DLCs｜容量79GB｜官中｜修改器｜赠满武器升级点.武器精通点.护甲点.守卫电池初始存档,pc,game,https://pan.quark.cn/s/9b529cd80aea,,,,
,《殖民者／Colonize》V2024.06.12官中简体｜容量9.47GB,pc,game,https://pan.quark.cn/s/d403fe3b5110,,,,
,《死或生6 DOA6／Dead or Alive 6》v1.22-elamigos容量58GB｜集成全DLC｜官中｜赠官方原声25首BGM｜修改器｜赠全模式.称号.音乐.DOA百科.小知识全解锁存档,pc,game,https://pan.quark.cn/s/aab21c4caad0,,,,
,《死亡环绕／SURROUNDEAD SCAVENGER》V1.5.0B｜官方英文｜容量1GB,pc,game,https://pan.quark.cn/s/cc6b983d741f,,,,
,《死亡教堂／Corpse Keeper》V20240605｜官中｜容量5.68GB,pc,game,https://pan.quark.cn/s/7a7e6b53937b,,,,
,《死亡之夜／Night of the Dead Story Part 3》V1.0.1.4官中｜容量30.97GB,pc,game,https://pan.quark.cn/s/d28d9ac9bffd,,,,
,《植物大战僵尸杂交版／Plants vs. Zombies za jiao ban》V2.1官中简体｜容量204MB赠修改器+防闪退+高清补帧工具｜旧版｜附安卓／IOS／WIN／MAC,pc,game,https://pan.quark.cn/s/e3f736537955,,,,
,《棱的奇岛生存／Len&#39;s Island／LENS ISLAND》V0.7.021官中简体｜容量2GB,pc,game,https://pan.quark.cn/s/6ae020902ae5,,,,
,《森林之子／Sons Of The Forest》V50204-P2P｜官中｜赠生命值满级.完美全物品收集背包存档｜修改器｜容量14.9GB｜附联机补丁,pc,game,https://pan.quark.cn/s/ea73a0a5abff,,,,
,《棋弈无限：中国象棋 JUST XIANGQI》V1.1.0｜官中简体｜容量1GB,pc,game,https://pan.quark.cn/s/f4b62348e7d5,,,,
,《梅树林的回声／甜蜜坞／ECHOES OF THE PLUM GROVE》V1.0.1.2S官中简体｜容量3GB,pc,game,https://pan.quark.cn/s/a5d4a74b3dd5,,,,
,《梅尔沃放置／Melvor Idle》v1.311390步入深渊官中｜容量265MB｜,pc,game,https://pan.quark.cn/s/39b6c9d48b61,,,,
,《枯瑟信仰：放逐者／Bleak Faith：Forsaken》V20240531-P2P｜官方原版英文｜容量15.84GB,pc,game,https://pan.quark.cn/s/7d310dc1b122,,,,
,《林中小女巫／Little Witch in the Woods》V4.1.3.0｜官中｜容量2.16GB,pc,game,https://pan.quark.cn/s/9ab23274fe89,,,,
,《极限竞速：地平线5顶级版／Forza Horizon 5 - Premium Edition》V1.649.948｜官中简体整合52个DLC｜容量170GB｜赠800多辆汽车，101辆带有定制皮肤存档｜位于FAQ文件夹,pc,game,https://pan.quark.cn/s/b8c2fd5e11eb,,,,
,《极限竞速：地平线3 终极版／Forza Horizon 3：Ultimate Edition》Update 1.0.125.2官中简体｜容量55.7GB,pc,game,https://pan.quark.cn/s/764539b839df,,,,
,《极限竞速8／极限竞速：赛车运动／Forza Motorsport／极限竞速：顶级版／Forza Motorsport Premium Edition》V1.604.3091.0-P2P｜官中｜容量118GB,pc,game,https://pan.quark.cn/s/6bd8829eed24,,,,
,《松树港／Pine Harbor》V0.04 EARLY ACCESS官中简体｜容量12.85GB,pc,game,https://pan.quark.cn/s/9d0d80a821c1,,,,
,《松树之心／松心／Pine Hearts》v1.0.0官中简体｜容量1.11GB,pc,game,https://pan.quark.cn/s/b0e2b7478d4d,,,,
,《杰克·福尔摩斯：木偶大师（Jack Holmes Master of Puppets）》Patch 1.1.8官中简体｜容量43.7GB,pc,game,https://pan.quark.cn/s/ac5799041b78,,,,
,《杀死公主 Slay the Princess》BUILD 14306808｜官方英文｜容量7.5GB,pc,game,https://pan.quark.cn/s/31afd443c3e7,,,,
,《杀手3豪华版／Hitman 3 Deluxe Edition》v3.190整合Warships DLC｜官中｜支持键鼠.手柄｜赠多项修改器｜赠全物品解锁存档｜容量74.9GB,pc,game,https://pan.quark.cn/s/6abe78fc3fdb,,,,
,《术士计划2／Project Warlock II》V0.5.5.30｜官中｜支持键鼠.手柄｜容量6.97GB,pc,game,https://pan.quark.cn/s/5103bd4a8553,,,,
,《月光石岛／Moonstone Island》V1.4.1996.1｜官中｜容量290MB,pc,game,https://pan.quark.cn/s/c4e7ee68661a,,,,
,《最远的边陲／Farthest Frontier》V0.9.3P1官中简体｜容量3.13GB,pc,game,https://pan.quark.cn/s/05899836f7fc,,,,
,《最后纪元／Last Epoch》V1.0.8.4｜官中｜容量｜支持键鼠.手柄｜容量20.9GB,pc,game,https://pan.quark.cn/s/8f34736b5152,,,,
,《最后指令／Last Command》v1.0.8b｜官中｜容量672MB,pc,game,https://pan.quark.cn/s/651154378bf1,,,,
,《暗影狂奔：归来数字豪华版／Shadowrun Returns Deluxe Editon》官中简体｜容量9.6GB,pc,game,https://pan.quark.cn/s/4f5923d1176d,,,,
,《星际洛螈管理员（Loddlenaut）》V1.1.1官中简体｜容量2.3GB,pc,game,https://pan.quark.cn/s/30631da8726e,,,,
,《时间线／Timelie》v1.2.7官中简体｜容量2.7GB,pc,game,https://pan.quark.cn/s/453189fc37dc,,,,
,《时空英豪 2：新起点／Outcast A New Beginning》V1.0.5.0.301861-P2P官中简体｜容量34GB,pc,game,https://pan.quark.cn/s/dade391ff7d7,,,,
,《旧集市模拟器（Old Market Simulator）》V0.1.12-0XDEADCODE联机版官中简体｜容量822MB,pc,game,https://pan.quark.cn/s/248728ab25b4,,,,
,《旧世界／Old World Complete Edition》v1.0.72492完整版｜官中｜容量6.95GB,pc,game,https://pan.quark.cn/s/470c8a5be42e,,,,
,《无敌号 THE INVINCIBLE》V44.449官中简体｜容量40GB,pc,game,https://pan.quark.cn/s/b989207e6502,,,,
,《旅人苏菲亚 Sophia the Traveler》BUILD 14451193官中简体｜容量716MB,pc,game,https://pan.quark.cn/s/57d46069fdec,,,,
,《斯盖尔仪式／Sker Ritual》v1.0.2.21442｜官中｜支持键鼠.手柄｜容量20.15GB,pc,game,https://pan.quark.cn/s/74be568f0497,,,,
,《斯拉瓦尼亚 Slavania》V1.0.5官中简体｜容量7.14GB,pc,game,https://pan.quark.cn/s/144462fd3bf3,,,,
,《斯拉夫朋克：老古董／SlavicPunk：Oldtimer／SLAVICPUNK OLDTIMER》V1.3.0｜官中｜支持键鼠.手柄｜容量11.2GB,pc,game,https://pan.quark.cn/s/1363883d1b1f,,,,
,《料理模拟器／烹饪模拟器／Cooking Simulator》v6.0.1官中简体｜修改器｜赠满技能.金币.烹饪点初始存档｜容量13.5GB,pc,game,https://pan.quark.cn/s/b947ed539cbf,,,,
,《教训／Lesson Learned》v1.023官中简体｜容量472MB,pc,game,https://pan.quark.cn/s/66776adefaa3,,,,
,《救援行动！ SOS OPS!》V122官中简体｜容量300MB,pc,game,https://pan.quark.cn/s/4f54ac71e26a,,,,
,《收获日3／PAYDAY 3》V1.0.0.0.698884-0XDEADCODE联机版｜官中｜容量51.32GB,pc,game,https://pan.quark.cn/s/bf83a210f2d5,,,,
,《撕裂 RIPOUT Monstrous》V1.03.02｜官中｜容量7.95GB,pc,game,https://pan.quark.cn/s/44fc0045e5a0,,,,
,《搭建赛道（Make Way）》v1.2.5.4 steam(121)官中简体｜容量450MB,pc,game,https://pan.quark.cn/s/9af9e0ae3d6e,,,,
,《掠食／Prey》Build 27.05.2020-elamigos｜官中｜修改器｜容量30GB,pc,game,https://pan.quark.cn/s/8464b7a340a4,,,,
,《指挥部：二战／Headquarters World War II》V1.00.06官中简体｜容量24GB,pc,game,https://pan.quark.cn/s/87a59e598c7f,,,,
,《拉力赛艺术／ART OF RALLY AUSTRALIA》V1.5.5｜官中｜容量6.55GB,pc,game,https://pan.quark.cn/s/9b0b689ae7e9,,,,
,《扑猫时刻 Time to Morp》v0.14.3官中简体｜容量798MB,pc,game,https://pan.quark.cn/s/98b52b7d2bfe,,,,
,《手艺人幸存者／Crafty Survivors》V0.7.0.3官中简体｜容量1.61GB,pc,game,https://pan.quark.cn/s/c81c9b490282,,,,
,《战龟／战争巨龟（War Tortoise）》V10014官中简体｜容量1.21GB,pc,game,https://pan.quark.cn/s/e89a3ff454c3,,,,
,《战锤40K：爆矢枪／Warhammer 40，000：Boltgun／WARHAMMER 40000 BOLTGUN》V1.21.67207.27｜官中｜容量4.51GB,pc,game,https://pan.quark.cn/s/80f041d4a00a,,,,
,《战锤40K：格雷迪厄斯遗迹之战／Warhammer 40000 Gladius Relics of War》V1.14.0-P2P集成Drukhari｜官中｜容量4.22GB,pc,game,https://pan.quark.cn/s/5c123cbfa3c3,,,,
,《战锤40K：暗潮／Warhammer 40000 Darktide／支持网络联机》V1.3.2524.0-0XDEADCODE｜官中｜容量42.8GB,pc,game,https://pan.quark.cn/s/0f08cb1c97da,,,,
,《战锤40K：战斗区域／Warhammer 40000 Battlesector》V1.4.82｜官中｜容量10.4GB,pc,game,https://pan.quark.cn/s/fa2494bb9362,,,,
,《战神4／God of War》v1.0.13.Repack｜官方繁体中文｜修改器｜赠完美装备符文全收集存档｜赠Win7／Win8系统支持补丁｜容量61.8GB,pc,game,https://pan.quark.cn/s/67fa830adf9d,,,,
,《战火英雄 Strike Force Heroes》v1.26-P2P｜官中｜容量6.4GB,pc,game,https://pan.quark.cn/s/93bf169dec17,,,,
,《战国王朝／Sengoku Dynasty Crafting Convenience》V0.3.4.0 EARLY ACCESS｜官中｜修改器｜容量19.5GB,pc,game,https://pan.quark.cn/s/2e31cb62a275,,,,
,《战争机器 究极版／Gears of War：Ultimate Edition／支持网络联机》v1.10.0.0联机版官中简体｜容量57.9GB,pc,game,https://pan.quark.cn/s/b6590001b664,,,,
,《战争传说／Wartales Pirates of Belerion》V1.0.35174｜官中｜修改器｜容量25.2GB,pc,game,https://pan.quark.cn/s/8030189a49ef,,,,
,《愿景之城／TerraScape》V0.14.0.5官中简体｜容量1GB｜手柄,pc,game,https://pan.quark.cn/s/0c1fb47ab81f,,,,
,《惊悚故事：异世迷境／Creepy Tale Some Other Place》GOLDBERG官中简体｜容量2.84GB,pc,game,https://pan.quark.cn/s/80918491353e,,,,
,《恸哭奇机：打满分喔终极版（Crymachina：Ultimate Hanamaru Edition）》v1.2.0｜繁体中文｜容量5.9GB,pc,game,https://pan.quark.cn/s/76144064449f,,,,
,《恶灵寄生 Parasite Evil》V3.05｜官中简体｜容量1.26GB,pc,game,https://pan.quark.cn/s/7647260392cf,,,,
,《恶梦：疯子／Nightmare The Lunatic》v1.0.6官中简体｜容量1.22GB,pc,game,https://pan.quark.cn/s/e5cd73ceeb8f,,,,
,《恐龙牧场 Paleo Pines》v1.4.2官中简体｜容量4GB,pc,game,https://pan.quark.cn/s/bf1e07ae69db,,,,
,《恐龙烈战 2／化石燃料2／Fossilfuel 2》v1.2集成侦探游戏｜官中简体｜容量10.5GB,pc,game,https://pan.quark.cn/s/7de7a3316246,,,,
,《恐龙探险：古生物学的乐趣／Dino Dino – Playful Paleontology》V6.1.14官中简体｜容量994MB,pc,game,https://pan.quark.cn/s/290c835abcde,,,,
,《恐龙危机：纪元大停电／Dino Hazard Chronos Blackout》v1.3.5.9｜官中简体｜容量1GB,pc,game,https://pan.quark.cn/s/fa85b23c76a9,,,,
,《恐龙创伤（Dino Trauma）》V0.4.405官中简体｜容量931MB,pc,game,https://pan.quark.cn/s/64e7455473fc,,,,
,《恐怖黎明：终极版／Grim Dawn Definitive Edition》V1.2.1.0｜官中｜支持键鼠.手柄｜赠音乐原声｜多项修改器｜终极难度初始存档｜高清世界地图｜局域网联机教程｜攻略｜优化字体乱码补丁｜容量9.57GB赠V1.2.0.1GOG版,pc,game,https://pan.quark.cn/s/574504d5505e,,,,
,《恐怖故事：乞丐（Horror Tales：The Beggar）》官中简体｜容量10.52GB,pc,game,https://pan.quark.cn/s/1bb6778a0ab3,,,,
,《总裁你想和谁谈恋爱》官中简体｜容量31.37GB,pc,game,https://pan.quark.cn/s/7720cd82f3de,,,,
,《思古塔加亚最后的英雄／The Last Hero of Nostalgaia》v3.2.0.2｜官中简体｜容量2.7GB,pc,game,https://pan.quark.cn/s/8b2f70e79a01,,,,
,《忆我：一个性格测试游戏／Refind Self The Personality Test Game》v1.1.0209官中简体｜容量80MB,pc,game,https://pan.quark.cn/s/cfd962f35ed0,,,,
,《征服之歌／Songs of Conquest》V1.1.1A｜官中｜支持键鼠｜赠多项修改器｜容量1.93GB,pc,game,https://pan.quark.cn/s/59c550a5f712,,,,
,《异端尖叉／Heretic’s Fork／HERETICS FORK》V1.1.3.22｜官中｜容量610MB,pc,game,https://pan.quark.cn/s/b4cdfc608b83,,,,
,《异常形态／Quasimorph》V0.7.106S.3CC9EBD｜官中｜容量1.25GB,pc,game,https://pan.quark.cn/s/cd36e8172b77,,,,
,《开拓者：正义之怒／Pathfinder Wrath of the Righteous》v2.3.0b-KAOS Repack整合The Lord of Nothing｜官中｜修改器｜赠超级天赋.极品装备.无敌属性终极初始存档｜赠原声音乐｜赠地图｜赠艺术书｜容量42GB,pc,game,https://pan.quark.cn/s/01e6f5c00fa9,,,,
,《康威：大丽花街失踪事件（Conway：Disappearance at Dahlia View）》1.1.0.0官中简体｜容量8GB,pc,game,https://pan.quark.cn/s/028daec35b11,,,,
,《庄园领主 Manor Lords》V0.7.975 EARLY ACCESS官中简体｜容量12GB,pc,game,https://pan.quark.cn/s/510232fdffeb,,,,
,《幽灵行者 2 残暴版（GHOSTRUNNER 2 BRUTAL EDITION）》V20240627-P2P｜官中｜容量67.8GB,pc,game,https://pan.quark.cn/s/e5794efa0c06,,,,
,《山河旅探 Murders on the Yangtze River》V1.4.17｜官中简体｜容量5.7GB,pc,game,https://pan.quark.cn/s/0f56c9ad1651,,,,
,《展翅翱翔：大洋洲篇／Wingspan Oceania Expansion》V1.6.1026.0516.1556｜官中｜容量1.17GB,pc,game,https://pan.quark.cn/s/2c5263cde090,,,,
,《居民（Denizen）》V0.21.2A官中简体｜容量16.5GB,pc,game,https://pan.quark.cn/s/c0e5d3292efc,,,,
,《尼克卡通全明星集结大乱斗 2（Nickelodeon All Star Brawl 2）》V1.10.0｜官方英文｜容量6GB,pc,game,https://pan.quark.cn/s/f689dfa6fb55,,,,
,《尘埃舰队／Dust Fleet》V5.1｜官中｜支持键鼠｜容量3.34GB,pc,game,https://pan.quark.cn/s/7ba43a3f2853,,,,
,《将熄之焰／The Last Flame》V0.8.0官中简体｜容量1.7GB,pc,game,https://pan.quark.cn/s/469ad629a62e,,,,
,《寓言之地／Fabledom》V1.05官中｜容量3.81GB,pc,game,https://pan.quark.cn/s/d4f06266a342,,,,
,《奇星协力 (Synergy)》v0.1.2406061037官中简体容量854MB,pc,game,https://pan.quark.cn/s/b812f15e16f2,,,,
,《失败者模拟器 Loser Simulator》官中简体｜容量1.82GB,pc,game,https://pan.quark.cn/s/8f773c11ea1b,,,,
,《太空谍影2／SpaceBourne 2》V4.1.5 EARLY ACCESS官中简体｜容量11.7GB,pc,game,https://pan.quark.cn/s/a4d493d50deb,,,,
,《太空狂熊／太空熊／ Bears In Space》V20240523-P2P官中简体｜容量20GB,pc,game,https://pan.quark.cn/s/c80ddb7ca1c9,,,,
,《太空工程师终极版／Space Engineers Ultimate Edition》V1.204.018｜集成Warfare 2｜官中｜容量6.45GB,pc,game,https://pan.quark.cn/s/6806c93f4a76,,,,
,《太空医院Galacticare》V1.0.55-GOG官中简体容量25.11GB,pc,game,https://pan.quark.cn/s/211cb505d675,,,,
,《天行镖客 (Sky Escort)》V1.0.0625官中简体｜容量738MB,pc,game,https://pan.quark.cn/s/63a311111f06,,,,
,《夜行神龙：重制版／石像鬼：重置版／恶魔之魂：重制版／魔界使者：重制版（Gargoyles Remastered）》V1.01.1官中简体｜容量1.6GB,pc,game,https://pan.quark.cn/s/d404259c5078,,,,
,《塔罗斯的法则2／The Talos Principle 2》V692937｜官中｜容量103GB,pc,game,https://pan.quark.cn/s/a4d236204f6f,,,,
,《塔楼战术／塔台战术：解放／Tower Tactics：Liberation／TOWER TACTICS LIBERATION》v1.12官中简体｜容量107MB,pc,game,https://pan.quark.cn/s/93f31d72914c,,,,
,《塑战核心 BATTLE SHAPERS》V0.7.4.8487官中简体｜容量10.82GB,pc,game,https://pan.quark.cn/s/777838dc9290,,,,
,《坎巴拉太空计划2／Kerbal Space Program 2》V0.2.2.0 EARLY ACCESS｜官中｜容量27.6GB,pc,game,https://pan.quark.cn/s/7141d23f7efa,,,,
,《地平线之间／Between Horizons》V1.1.1官中简体｜容量2GB,pc,game,https://pan.quark.cn/s/56371c7d184e,,,,
,《地平线 西之绝境 Horizon Forbidden West Complete Edition》V1.5.80.0-P2P官中简体｜容量124GB,pc,game,https://pan.quark.cn/s/2b55dcbf5fd4,,,,
,《四步杀（Scholar&#39;s Mate）》TENOKE官中简体｜容量12.48GB,pc,game,https://pan.quark.cn/s/5762edebdbe1,,,,
,《哥布林之石／Goblin Stone》V1.3.2官中简体｜容量3.8GB,pc,game,https://pan.quark.cn/s/514322180029,,,,
,《咖啡馆老板模拟／Cafe Owner Simulator》v1.4.105｜官中｜容量10.3GB,pc,game,https://pan.quark.cn/s/be1665531ec5,,,,
,《咒术回战 双华乱舞 Jujutsu Kaisen Cursed Clash》v20240529｜官中简体｜容量10GB,pc,game,https://pan.quark.cn/s/f61e26ad804a,,,,
,《向邪恶进军（Venture to the Vile）》V1.0.1官中简体容量21.21GB,pc,game,https://pan.quark.cn/s/e1f7892e0afc,,,,
,《司辰之书／时之书／Book of Hours》V2024.5.3.5｜官方英文｜容量2.01GB,pc,game,https://pan.quark.cn/s/fe775aa98bd4,,,,
,《史莱姆牧场2／Slime Rancher 2》V0.5.0｜官中｜容量1.56GB,pc,game,https://pan.quark.cn/s/a45160a89bec,,,,
,《史力奇奇遇记：姆明山谷之歌／Snufkin Melody of Moominvalley》V20240613｜官方英文｜容量3.7GB｜手柄,pc,game,https://pan.quark.cn/s/ea0d1c28cabd,,,,
,《可口的披萨，美味的披萨／Good Pizza Great Pizza Cooking Simulator Game》V5.11.0-P2P｜官中｜容量470MB,pc,game,https://pan.quark.cn/s/c0ba2788d721,,,,
,《口袋勇者／Pocket Bravery》V1.31官中简体｜容量12.1GB仅支持手柄,pc,game,https://pan.quark.cn/s/bdcf1e3c1fc9,,,,
,《双截龙外传：双龙出海 20周年纪念版／Double Dragon Gaiden Rise Of The Dragons RIP HAPPY 20TH BIRTHDAY》V20240621｜官中｜支持键鼠.手柄｜容量1.41GB,pc,game,https://pan.quark.cn/s/afe94a98c67d,,,,
,《卡牌城镇／Cardboard Town》V1.3.2官中简体｜容量955MB,pc,game,https://pan.quark.cn/s/13a3e167d8b6,,,,
,《南方公园下雪日豪华版／South Park Snow Day Deluxe Edition》V20240627｜官方英文｜容量25GB,pc,game,https://pan.quark.cn/s/40210061c5b2,,,,
,《半人马之星（Planet Centauri）》V0.14.1官中简体｜容量130MB,pc,game,https://pan.quark.cn/s/cc1b69f2fdbb,,,,
,《十字军骑士／Krzy?acy - The Knights of the Cross／KRZYZACY THE KNIGHTS OF THE CROSS》V3.0.14-P2P｜官中｜容量2.28GB,pc,game,https://pan.quark.cn/s/4545dfaa1009,,,,
,《勇敢鸭鸭／Ducky The Brave》官中简体｜容量2GB,pc,game,https://pan.quark.cn/s/e1b5563a541b,,,,
,《劫掠之河／Loot River》V1.3.022｜官中｜容量2.2GB,pc,game,https://pan.quark.cn/s/e75083785338,,,,
,《动漫女孩：沙滩之日（Anime Girls Sun of a Beach）》BUILD 13716345官中简体容量3.41GB,pc,game,https://pan.quark.cn/s/00cb963699ee,,,,
,《冷峻之地／阴森领域／冷峻的夜续作／／Grim Realms》V1.0.0.9-P2P｜官中｜容量1.3GB,pc,game,https://pan.quark.cn/s/228faa76eaef,,,,
,《冲就完事模拟器／高压水枪模拟器／PowerWash Simulator》v1170整合DLC回到未来特别组合包｜官中｜支持键鼠.手柄｜赠多项修改器｜容量7.07GB,pc,game,https://pan.quark.cn/s/026540942762,,,,
,《兽人必须死3／Orcs Must Die! 3／Orcs Must Die 3》V1.2.5.6-P2P｜整合DLC｜官中｜修改器｜容量12.6GB,pc,game,https://pan.quark.cn/s/25aac019242a,,,,
,《六方守护者 Hexguardian》V1.09官中简体｜容量1.25GB,pc,game,https://pan.quark.cn/s/4097818176d8,,,,
,《六十四 Sixty Four》v1.1.2官中简体｜容量367MB,pc,game,https://pan.quark.cn/s/f230f4fdfcd5,,,,
,《入侵 红河行动／Incursion Red River》V1.0.15.3.HF｜官方英文｜容量36.8GB附联机补丁,pc,game,https://pan.quark.cn/s/eac98c72962c,,,,
,《兔子与钢铁 Rabbit and Steel》V1.0.2.0-P2P官中简体容量302MB,pc,game,https://pan.quark.cn/s/ede54206d900,,,,
,《僚机计划／Project Wingman》V2.0.11.B.33｜官中｜容量13.2GB,pc,game,https://pan.quark.cn/s/3dd93e86811a,,,,
,《使命召唤14：二战／Call of Duty 14：WWII》v1.25.2244937｜整合暗影战争｜集成单人战役.BOT多人游戏.僵尸模式｜修改器(战役)｜赠老兵难度通关存档(战役)｜赠局域网联机教程容量127GB,pc,game,https://pan.quark.cn/s/0af5b98cd9c1,,,,
,《余烬骑士／微光骑士／Ember Knights》V1.4.1B4272-0XDEADCODE联机版容量350MB,pc,game,https://pan.quark.cn/s/4fbe6a4018a7,,,,
,《佐瑞亚：碎裂纪元 Zoria Age of Shattering》V1.1.1官中简体｜容量11GB,pc,game,https://pan.quark.cn/s/f85700d0301f,,,,
,《众神抵抗机器／神魔大战钢铁洪流／魔法对决科技／Gods Against Machines》V1.3｜官方英文｜容量1.36GB,pc,game,https://pan.quark.cn/s/dd734323d539,,,,
,《伊克西翁／IXION》V1.0.7.0｜官中｜支持键鼠｜容量11.8GB,pc,game,https://pan.quark.cn/s/feef53b30aa8,,,,
,《今天回忆 Simpler Times》官中简体｜容量3.23GB,pc,game,https://pan.quark.cn/s/1092b1c963a9,,,,
,《人性末日 绝地逃亡／HumanitZ Violent Night／HumanitZ Outlast and Outrun》v0.911-Pursuits & Perspectives Update官中简体｜容量17gb,pc,game,https://pan.quark.cn/s/ad9a132f7eed,,,,
,《亡者之地 The Land Beneath Us》V1.7.5官中简体容量847MB,pc,game,https://pan.quark.cn/s/31c3c6218646,,,,
,《争取光明：生存（Striving for Light Survival）》V1.1.0.1E官中简体｜容量740MB,pc,game,https://pan.quark.cn/s/25b6e35fe1bc,,,,
,《乱揍派对／揍击派对／Pummel Party／支持网络联机》V1.14.0C-0XDEADCODE联机版｜官中｜容量3.31GB,pc,game,https://pan.quark.cn/s/f73090ce761f,,,,
,《乱揍派对／揍击派对／Pummel Party》V1.14.0C｜官中｜容量2.01GB,pc,game,https://pan.quark.cn/s/cda5f7b82643,,,,
,《九魂的久远／Umbraclaw》V1.1.0官中简体｜容量1.79GB,pc,game,https://pan.quark.cn/s/86790f1b952b,,,,
,《九日／Nine Sols》V20240614官中简体｜容量11.46GB,pc,game,https://pan.quark.cn/s/ccca6825f47c,,,,
,《丧尸之城／不死城／Undead City》v0.1.254官中简体｜容量6.32GB,pc,game,https://pan.quark.cn/s/a7ab87ab883b,,,,
,《东方人造梦（Touhou Artificial Dream in Arcadia）》v1.3官中简体｜容量150MB,pc,game,https://pan.quark.cn/s/dae43dab2aae,,,,
,《与企鹅共度五夜（Five Nights With Los Penguinos）》V2024.02.01官中简体｜容量1.43GB,pc,game,https://pan.quark.cn/s/22c1dd51536f,,,,
,《上传模拟芯片／Upload Simulator Silicon》V1.6.0.8官中繁体｜容量110MB,pc,game,https://pan.quark.cn/s/dc32de869a4a,,,,
,《三维弹球 FX（Pinball FX）》｜官方英文｜容量38GB,pc,game,https://pan.quark.cn/s/1c271c66b7b2,,,,
,《三国志汉末霸业 Three Kingdoms：The Last Warlord》V1.0.0.4003-TENOKE官中简体｜容量1.6GB,pc,game,https://pan.quark.cn/s/800d03616745,,,,
,《三国归途 Three Kingdom The Journey》BUILD 11361329官中简体｜容量2.49GB,pc,game,https://pan.quark.cn/s/dbf2b592ae03,,,,
,《七日求生：新世界 Zombie War New World》v94.115官中简体｜容量4.17GB,pc,game,https://pan.quark.cn/s/116252851b19,,,,
,《GOREBOX》V1.15.6A｜官方英文｜容量400MB,pc,game,https://pan.quark.cn/s/8f42254dcdd2,,,,
,怪物猎人：崛起 游戏大小 35.5GB 游戏版本 v16.0.2,pc,game,https://pan.quark.cn/s/ec822570dd66,,,,
,怪物猎人：世界 游戏大小 104GB 游戏版本 v15.20.00,pc,game,https://pan.quark.cn/s/9b5904266e7f,,,,
,《植物大战僵尸杂交版／Plants vs　Zombies za jiao ban》V2.2官中简体｜容量204MB赠修改器+防闪退+高清补帧工具｜旧版｜附安卓／IOS／WIN／MAC,pc,game,https://pan.quark.cn/s/42667faa24b2,,,,
,《潜水员戴夫豪华版／Dave the Diver Deluxe Edition》V1.0.2.1390官中｜修改器9.55GB｜,pc,game,https://pan.quark.cn/s/e18a62cd921c,,,,
,《泳池清洁模拟器 Pool Cleaning Simulator》V1.7.0.0.8官中简体容量15GB,pc,game,https://pan.quark.cn/s/777ac1725ea7,,,,
,《蓝精灵：乡村派对（The Smurfs：Village Party）》官中简体｜容量2.52GB,pc,game,https://pan.quark.cn/s/e7febd4d351c,,,,
,《坤坤之家／鲲鲲之家（KunKunHome）》官中简体｜容量2.96GB,pc,game,https://pan.quark.cn/s/d351d63b450e,,,,
,《卡片战斗先导者DD／Cardfight Vanguard Dear Days》V1.7.1｜官方英／日文｜容量18.4GB,pc,game,https://pan.quark.cn/s/2dd756648177,,,,
,《卡牌之舞 (Dance of Cards)》官中简体｜容量275MB,pc,game,https://pan.quark.cn/s/613cb66b5ec9,,,,
,《卡牌农场／Terracards》V1.3.3官中简体｜容量55MB,pc,game,https://pan.quark.cn/s/b9e535e44700,,,,
,《金属狗／重装机犬／METAL DOGS》V1.2.0｜官中｜容量1.13GB,pc,game,https://pan.quark.cn/s/77727b7f7a52,,,,
,《壮士水族馆 -肌肉水族馆模拟器-／Machorium -Muscle Aquarium Simulator》官中简体｜容量3.03GB,pc,game,https://pan.quark.cn/s/68474d0b91f1,,,,
,《殖民地／AColony》V0.4.075｜官中｜容量2.01GB,pc,game,https://pan.quark.cn/s/24b7e8f9cf77,,,,
,《拯救我们！／To The Rescue!》V1.4.213官中简体｜容量5GB,pc,game,https://pan.quark.cn/s/b65edc27307d,,,,
,《我的超市／My Supermarket》V0.5.85｜官中｜容量246MB,pc,game,https://pan.quark.cn/s/cf8e842a21ba,,,,
,《位霸XL／Bit Blaster XL》v3.22S官中简体｜容量158MB,pc,game,https://pan.quark.cn/s/e8fbdd9aba01,,,,
,《王座陨落／Thronefall》V1.61｜官中｜容量417MB,pc,game,https://pan.quark.cn/s/4630b71a5a3a,,,,
,《亡灵巫师2／Necrosmith 2》V1.0.7.380G｜官中｜容量102MB,pc,game,https://pan.quark.cn/s/7f91bd99151f,,,,
,《挖或死／Dig or Die》V1.11.864A｜官中｜容量228MB,pc,game,https://pan.quark.cn/s/aa68b4452e72,,,,
,《填充多色／Fill Multicolor》V1.0.6官中简体｜容量72MB,pc,game,https://pan.quark.cn/s/6d774ba4b3ce,,,,
,《太极／Taiji》V12.06.2024官中简体｜容量329MB,pc,game,https://pan.quark.cn/s/5eea3ee67ef3,,,,
,《殖民者 The Colonists》V1.9.1.1｜官中｜容量692MB,pc,game,https://pan.quark.cn/s/505645a4f3a3,,,,
,《战律2／Wargroove 2》V1.2.7c｜官中｜容量495MB,pc,game,https://pan.quark.cn/s/df375679f60d,,,,
,《英雄征集 Heroes Wanted》v1.0官中简体｜容量400MB,pc,game,https://pan.quark.cn/s/64ecb842e72b,,,,
,《妖怪汤屋／Spirittea》V1.7.5官中简体｜容量680MB,pc,game,https://pan.quark.cn/s/4571a575d164,,,,
,《养蜂模拟器／APICO》V4.1.3（S）｜官中｜容量352MB,pc,game,https://pan.quark.cn/s/9ef43419394d,,,,
,《失落城堡 Lost Castle》V2.08｜官中｜容量322MB,pc,game,https://pan.quark.cn/s/e9a1efbc8424,,,,
,《神塔／Tower of God》v1.0官中简体｜容量295MB,pc,game,https://pan.quark.cn/s/a207c32c6ef9,,,,
,《杀戮台球／Rack and Slay》V1.07｜官方英文｜容量564MB,pc,game,https://pan.quark.cn/s/b70433ad257e,,,,
,《海天岛传说 Isles of Sea and Sky》V1.0g官中简体容量423MB,pc,game,https://pan.quark.cn/s/c3768b143543,,,,
,《旷工模拟器／挖矿专家／Hydroneer Journey to Volcalidus》V3.0.8A｜官中｜容量13.8GB,pc,game,https://pan.quark.cn/s/a4de0aa122e2,,,,
,《狂躁／Maniac／简约像素版GTA5》v1.0.6官中简体｜容量1.2GB｜手柄,pc,game,https://pan.quark.cn/s/4ad9fcb3c98e,,,,
,《狂野之心／内心狂野／The Wild at Heart》V1.1.9.0｜官中｜容量2.56GB,pc,game,https://pan.quark.cn/s/8334365ca980,,,,
,《狂星滥炸／Zet Zillions》V1.0.2-A109官中简体｜容量2.38GB,pc,game,https://pan.quark.cn/s/1d66f2ad11fd,,,,
,《库比康3D／Kubikon 3D》官中简体｜容量320MB,pc,game,https://pan.quark.cn/s/1ae2fa4c780f,,,,
,《最后一击（The Last Shot）》v2.888官中简体｜容量1GB,pc,game,https://pan.quark.cn/s/e3cc2573f759,,,,
,《最后的咒语 - 卢恩堡的矮人／The Last Spell》V1.1.2.3｜官中｜赠原声音轨｜修改器｜容量5.26GB,pc,game,https://pan.quark.cn/s/73035c4df473,,,,
,《族人／Clanfolk》V0.486A官中简体｜容量602MB,pc,game,https://pan.quark.cn/s/fb24ad391a9d,,,,
,《走廊 HALLWAYS》官中简体｜容量2.81GB,pc,game,https://pan.quark.cn/s/211f48f1a82c,,,,
,《纵横七海：船运世界（SeaOrama World of Shipping）》V2.0.8官中简体｜容量4.67GB,pc,game,https://pan.quark.cn/s/085de17ce153,,,,
,《纵横命途／Cross Blitz》V0.9.9官中简体｜容量500MB,pc,game,https://pan.quark.cn/s/8e6b815d23f7,,,,
,《重装岚影／Heavy Storm Shadow》V1.059官中简体｜容量8GB,pc,game,https://pan.quark.cn/s/c9fb8301168b,,,,
,《重力回路／Gravity Circuit》V1.2.0B官中简体｜容量307MB,pc,game,https://pan.quark.cn/s/3b5cf90ad1e6,,,,
,《长号冠军 Trombone Champ》V1.22D｜官中｜容量600MB,pc,game,https://pan.quark.cn/s/98d041e87c61,,,,
,《站点连连 Station to Station》V1.4.2｜官中｜容量2.3GB,pc,game,https://pan.quark.cn/s/08a88aee4966,,,,
,《黑白剑刃／Blade of the Netherworld》v1.0正式版官中简体｜容量250MB,pc,game,https://pan.quark.cn/s/1c61af1799e5,,,,
,《黑帮之城／City of Gangsters》V1.4.4官中简体｜容量1GB,pc,game,https://pan.quark.cn/s/663b793c3c3d,,,,
,《黄金国：黄金城建设者／El Dorado The Golden City Builder》V332.10410882官中简体｜容量9.79GB,pc,game,https://pan.quark.cn/s/96ac9c54c7c1,,,,
,《魂降／灵魂坠落／Spiritfall Mighty Minions》V1.2.14-P2P｜官中｜容量820MB,pc,game,https://pan.quark.cn/s/069df09f32af,,,,
,《饥饿派画家2：迷失的艺术家／Passpartout 2：The Lost Artist》V1.1.1-TENOKE｜官中｜容量5.88GB,pc,game,https://pan.quark.cn/s/95a4cf0943b0,,,,
,《钴芯（Cobalt Core）》v1.1｜官中｜容量1.8GB,pc,game,https://pan.quark.cn/s/f7683f9738c2,,,,
,《轨道之下 Underrail》V1.2.0.16A｜官方英文｜容量11GB,pc,game,https://pan.quark.cn/s/69adbdbd1957,,,,
,《规划大师／Masterplan Tycoon》V1.4.188｜官中｜容量236MB,pc,game,https://pan.quark.cn/s/014ef2e96251,,,,
,《荒原疗者 (Wildmender)》build210b｜官中｜容量1.6GB,pc,game,https://pan.quark.cn/s/551f1ed34035,,,,
,《花园生涯：模拟佛系生活 Garden Life A Cozy Simulator》V1.5-P2P｜官中简体｜容量5.6GB,pc,game,https://pan.quark.cn/s/c23dc753ffca,,,,
,《缉毒警察／缉私警察／Contraband Police》V20240619｜官中｜容量12.46GB,pc,game,https://pan.quark.cn/s/06b6e8c9f4b5,,,,
,《红线 HD 重制版（Akaiito HD Remaster）》BUILD 14775580官中简体｜容量1.63GB,pc,game,https://pan.quark.cn/s/b833c9590f50,,,,
,《环世界／边缘世界／RimWorld》V1.5.4104.REV415｜官中｜赠音乐原声｜赠MOD合集｜容量823MB,pc,game,https://pan.quark.cn/s/65d9ea53e2c6,,,,
,《火箭大乱斗（Rocket Rumble）》TENOKE官中简体｜容量7.14GB,pc,game,https://pan.quark.cn/s/111ec41f91c8,,,,
,《火焰之中／Into The Flames》V2022官中简体｜容量4.3GB,pc,game,https://pan.quark.cn/s/d907bb771ce3,,,,
,《火星的伤痕（Scars of Mars）》V1.0官中简体｜容量2.78GB,pc,game,https://pan.quark.cn/s/05a4e7a880cb,,,,
,《火影忍者：终极风暴羁绊／NARUTO X BORUTO Ultimate Ninja STORM CONNECTIONS》V1.30-夕日红登场！｜官中简体｜容量27.6GB,pc,game,https://pan.quark.cn/s/f7bdd7d5e3d2,,,,
,《滑板 Session／Session Skate Sim》V1.0.0.96｜官中｜容量15.88GB,pc,game,https://pan.quark.cn/s/b623fef788cc,,,,
,《海盗共和国 Republic of Pirates》官中简体｜容量5.97GB,pc,game,https://pan.quark.cn/s/787c93d444c7,,,,
,《海岛奇妙物语／Island Uncanny Story》V1.1.2官中简体｜容量1GB,pc,game,https://pan.quark.cn/s/7dbc42009daa,,,,
,《海岛大亨 6：El Prez 版（Tropico 6 El Prez Edition）／附54321历代》V.22-P2P（Steam版）／GOG｜官中.国语发音｜赠官方原声63首BGM｜修改器｜赠满金币初始存档｜赠历代海岛大亨54321合集｜容量23.4GB,pc,game,https://pan.quark.cn/s/1e68666fca54,,,,
,《活侠传 Legend Of Mortal Demo》v1.0.3128.1官中简体｜容量,pc,game,https://pan.quark.cn/s/0012aa9ce7ed,,,,
,《毁灭工具／Instruments of Destruction》V1.04A官中简体｜容量260MB,pc,game,https://pan.quark.cn/s/190112c5022a,,,,
,《欢迎来到天堂／欢迎来到帕拉迪泽／Welcome to ParadiZe》V20240605-P2P｜官中简体｜容量29GB｜手柄,pc,game,https://pan.quark.cn/s/9e99129961b1,,,,
,《核心守护者／地心护核者／Core Keeper》V0.7.5.1｜官中｜容量498MB,pc,game,https://pan.quark.cn/s/331be36c660d,,,,
,《果冻车世界／JellyCar Worlds》BUILD 14397952｜官中｜容量402MB,pc,game,https://pan.quark.cn/s/45dbb21a1ba4,,,,
,《机甲工程师（Mech Engineer）》V1.0.65官中简体｜容量200MB,pc,game,https://pan.quark.cn/s/efc745a2bd87,,,,
,《机械守护者（Roboquest）》V1.3.0-184=1.3.1｜官中｜容量5.5GB,pc,game,https://pan.quark.cn/s/a5570b098b94,,,,
,《护焰者（Flame Keeper）》v1.0-DOGE官中简体｜容量1.2GB,pc,game,https://pan.quark.cn/s/e3a17c97d259,,,,
,《护林员模拟器（Forest Ranger Simulator）》V1.0完整版官中简体｜容量6.93GB,pc,game,https://pan.quark.cn/s/d8ca72efcc0b,,,,
,《怪物皇冠 MONSTER CROWN》v1.1.1官中简体｜容量1.94GB,pc,game,https://pan.quark.cn/s/25cae244d466,,,,
,《建造水族馆，繁殖鱼类，拓展你的业务! - Aquarist》v20240619官中简体｜容量12GB,pc,game,https://pan.quark.cn/s/466a1b33a445,,,,
,《幻日夜羽 - 蜃景努玛梓 -Yohane the Parhelion NUMAZU in the MIRAGE》V1.0.13｜官中简体｜容量1GB,pc,game,https://pan.quark.cn/s/356dd9a6bf14,,,,
,《幻影旅团／Phantom Brigade》V1.3.3｜官中｜支持键鼠｜容量7.3GB,pc,game,https://pan.quark.cn/s/de36d0589826,,,,
,《将军 对决／Shogun Showdown》V0.9.1.5｜官中｜容量341MB,pc,game,https://pan.quark.cn/s/13b49725c600,,,,
,《寒冷水族馆／轻松水族馆／Chillquarium》V1.2.1｜官中｜容量50MB,pc,game,https://pan.quark.cn/s/dcd44fec7ad4,,,,
,《家托邦（Hometopia）》V4.1｜官中｜容量3GB,pc,game,https://pan.quark.cn/s/2d842effa959,,,,
,《基建空间／太空之外／InfraSpace》V1.45.436官中｜容量3.86GB,pc,game,https://pan.quark.cn/s/b01f5cced947,,,,
,《国王之墓 Kingsgrave》V1.5.0.1G官中简体｜容量269MB,pc,game,https://pan.quark.cn/s/c6f39be9152d,,,,
,《回家的路／[Chilla&#39;s Art] The Night Way Home ｜ 帰り道》官中简体｜容量2.36GB,pc,game,https://pan.quark.cn/s/181bad719184,,,,
,《回声世代：午夜版（Echo Generation：Midnight Edition）》v1.106a官中简体｜容量2.17GB,pc,game,https://pan.quark.cn/s/2e1fa54c621d,,,,
,《哈迪斯2／黑帝斯2／HADES ／Hades II》V0.92350A官中简体｜容量2.47GB,pc,game,https://pan.quark.cn/s/5bf5447ac927,,,,
,《后室：摧毁／Backrooms Break》V1.1无尽模式官中简体｜容量21GB,pc,game,https://pan.quark.cn/s/a61e387e16ee,,,,
,《合金弹头：进攻 重载（Metal Slug Attack Reloaded）》V.061123117官中简体｜容量2.55GB,pc,game,https://pan.quark.cn/s/595b3e8b8bc1,,,,
,《合约村（ContractVille）》V0.04官中简体｜容量17.67GB,pc,game,https://pan.quark.cn/s/05993f57538c,,,,
,《化妆镜～黄金之梦／Pocket Mirror ~ GoldenerTraum》BUILD 13025712官中简体｜容量2.04GB｜手柄,pc,game,https://pan.quark.cn/s/53483ff0a140,,,,
,《勇者蛋生 Yolk Heroes A Long Tamago》V1.0.2官中简体容量438MB附LV99存档,pc,game,https://pan.quark.cn/s/585df416c6f7,,,,
,《加纳战刃／GanaBlade》V1.2D｜官中｜容量501MB,pc,game,https://pan.quark.cn/s/9d413bb7f67e,,,,
,《加油站模拟器2（Pumping Simulator 2）》V0.5.0-P2P官中简体｜容量2.5GB,pc,game,https://pan.quark.cn/s/963bafa27e1c,,,,
,《加油站大亨：全能大改造／加油站模拟器／Gas Station Simulator》V1.0.2.15765S｜官中｜修改器｜容量10.5GB,pc,game,https://pan.quark.cn/s/a3b8392a5682,,,,
,《剑术格斗／地狱剑术／骇厉四斩／Hellish Quart》V2024.0610｜官中｜10.7GB,pc,game,https://pan.quark.cn/s/c5343c42dbb1,,,,
,《剑与魔法（Blade and Sorcery）》V20240621官中简体｜容量21.27GB,pc,game,https://pan.quark.cn/s/c17dd04887b6,,,,
,《击剑预备！／En Garde!》V1.0.7官中简体｜容量6.4GB,pc,game,https://pan.quark.cn/s/6809d0399cb3,,,,
,《健身房模拟器 24（Gym Simulator 24）》V0.8｜官中｜容量2.5GB,pc,game,https://pan.quark.cn/s/2b4ef71c4937,,,,
,黑兽2.改／Kuroinu 2 Redux 游戏大小 5GB 游戏版本 Build.12627227,pc,game,https://pan.quark.cn/s/1bf82173e25b,,,,
,镜之边缘：催化剂／Mirrors Edge Catalyst 游戏大小 20.4GB 游戏版本 v1.0.3.47248,pc,game,https://pan.quark.cn/s/4205fdfc0826,,,,
,疯狂派对／Party Hard 游戏大小 230MB 游戏版本 v1.4.038,pc,game,https://pan.quark.cn/s/40125b41d062,,,,
,生化危机启示录2／Resident Evil Revelations 2 游戏大小 18.8GB,pc,game,https://pan.quark.cn/s/256d11ff7bac,,,,
,掠食／Prey 游戏大小 40GB 游戏版本 v12742273,pc,game,https://pan.quark.cn/s/ef29cb898b39,,,,
,恶灵附身／TheEvilWithin 游戏大小 50GB 游戏版本 v1.1,pc,game,https://pan.quark.cn/s/0b43ecde0a86,,,,
,怪物火车／Monster Train 游戏大小 700MB 游戏版本 v12924,pc,game,https://pan.quark.cn/s/d2916f86f9f6,,,,
,女鬼桥：开魂路／TheBridgeCurse 游戏大小 2.9GB 游戏版本 v1.6.2,pc,game,https://pan.quark.cn/s/a06a54478e89,,,,
,Succubuzz APP 游戏大小 480MB 游戏版本 v1.0.0,pc,game,https://pan.quark.cn/s/5ef07d3511b0,,,,
,Scorn 游戏大小 17.8GB 游戏版本 v1.2.2.0,pc,game,https://pan.quark.cn/s/3c251eccb39a,,,,
,Before Your Eyes 游戏大小 1.9GB 游戏版本 v1.2.6.9,pc,game,https://pan.quark.cn/s/6479eaa6c854,,,,
,Baba Is You 游戏大小 88MB 游戏版本 Build.12486530,pc,game,https://pan.quark.cn/s/5ed6c9e3fa53,,,,
,拳皇１１街机版－demul模拟器－全人物存档,pc,game,https://pan.quark.cn/s/b7694f89445a,,,,
,《欧洲卡车模拟2／Euro Truck Simulator 2》V1.50.2.3S-P2P整合全DLC｜官中｜容量26.5GB,pc,game,https://pan.quark.cn/s/d428b77582a1,,,,
,心灵杀手 游戏大小 29GB 游戏版本 v34885,pc,game,https://pan.quark.cn/s/e1423717c1ed,,,,
,精灵与橡木之歌 游戏大小 960MB 游戏版本 v1.1.6,pc,game,https://pan.quark.cn/s/ea5f529d7b33,,,,
,看门狗 游戏大小 16.2GB 游戏版本 v1.06.329,pc,game,https://pan.quark.cn/s/d07c630284de,,,,
,魔咒之地／Forspoken 游戏大小 134GB 游戏版本 v1.23,pc,game,https://pan.quark.cn/s/07172957aa43,,,,
,莱莎的炼金工房：常暗女王与秘密藏身处 游戏大小 16GB 游戏版本 v1.07,pc,game,https://pan.quark.cn/s/ea9900fea2a3,,,,
,苍翼默示录：神观之梦 游戏大小 24GB 游戏版本 v2.01b,pc,game,https://pan.quark.cn/s/bd48b7f71a63,,,,
,碧蓝幻想Versus 游戏大小 9.7GB 游戏版本 v2.82,pc,game,https://pan.quark.cn/s/1f540fc3536b,,,,
,曼岛TT：边缘竞速3 游戏大小 13GB 游戏版本 v20231109,pc,game,https://pan.quark.cn/s/1aed94f29444,,,,
,曼岛TT：边缘竞速2 游戏大小 13.7GB 游戏版本 v1.15.1,pc,game,https://pan.quark.cn/s/5d9891fb15ce,,,,
,GINKA 游戏大小 2.9GB 游戏版本 v1.00,pc,game,https://pan.quark.cn/s/7315fb42c4ad,,,,
,末日机娘／Doomsday.Robot.Girl 游戏大小630MB游戏版本Build.11716605,pc,game,https://pan.quark.cn/s/60921932fe16,,,,
,《孤岛诡影／Them and Us》v1.1.1官中简体｜容量30GB｜支持键鼠｜手柄,pc,game,https://pan.quark.cn/s/ca7aafdc95e7,,,,
,《黑色池塘／黑池／The Black Pool》官中简体｜容量22GB,pc,game,https://pan.quark.cn/s/ba5827de1554,,,,
,《黑暗引力（Dark Gravity）》Build.13947486官中简体｜容量845MB,pc,game,https://pan.quark.cn/s/1c261e00b58c,,,,
,《魔枪遁影／TeleMorpher》V1.0.0官中简体｜容量3.88GB,pc,game,https://pan.quark.cn/s/0f4bcbf7145d,,,,
,《魔塔少女／Girls of The Tower》v1.0.15官中简体｜容量2.74GB,pc,game,https://pan.quark.cn/s/7eccc0e18445,,,,
,《骰子闯魔城 Dice and Fold》V1.0.0官中简体｜容量927MB,pc,game,https://pan.quark.cn/s/2f4a5d1739be,,,,
,《领主与村民／Lords and Villeins》V1.6.9｜官中｜支持键鼠｜容量653MB,pc,game,https://pan.quark.cn/s/c70efdab97eb,,,,
,《面包和年糕／Bread and Fred》v20240603-More bug fixing!｜官中｜支持键鼠.手柄｜容量552MB,pc,game,https://pan.quark.cn/s/9185d4b8aa69,,,,
,《零世代／零时代／Generation Zero》v2780013-Repack｜集成DLCs｜官中｜支持键鼠.手柄｜赠多项修改器｜赠31级初始存档｜容量｜附联机补丁55.5GB,pc,game,https://pan.quark.cn/s/a498dc3b4a21,,,,
,《随动回旋镖 Boomerang Fu》V1.3.2｜官中简体｜容量120MB,pc,game,https://pan.quark.cn/s/566f63a7c682,,,,
,《重返猴岛／Return to Monkey Island》v570741官中简体｜容量4.29GB,pc,game,https://pan.quark.cn/s/ec9e2c0c210c,,,,
,《逸剑风云决 Wandering Sword》V1.22.11｜官中｜容量3GB,pc,game,https://pan.quark.cn/s/7eb35d8f8f13,,,,
,《造物主 2／Reus2》V1.0.3D｜官方英文｜容量4.75GB,pc,game,https://pan.quark.cn/s/45ef5500732f,,,,
,《迷失神祇：角色扮演音乐剧（Stray Gods：The Roleplaying Musical）Stray Gods The Roleplaying Musical》v8863｜官中｜容量5.4GB,pc,game,https://pan.quark.cn/s/f815a288ea75,,,,
,《进度条 95（Progressbar95）》｜官方英文｜容量161MB附汉化补丁,pc,game,https://pan.quark.cn/s/cdaf8d55ea23,,,,
,《超级海多拉（Super Hydorah）》官中简体｜容量197MB,pc,game,https://pan.quark.cn/s/729ec91b767f,,,,
,《调酒师模拟器（Bartender Hustle）》v1.9.10官中简体｜容量7.51GB,pc,game,https://pan.quark.cn/s/59c2ec14452e,,,,
,《诺瑞亚：黄金计划 Noreya The Gold Project》v11.0.01官中简体｜容量1.11GB,pc,game,https://pan.quark.cn/s/405dd98c564c,,,,
,《诈欺娇娃 The Big Con》V1.6.18官中简体｜容量675MB,pc,game,https://pan.quark.cn/s/8be32c23f44d,,,,
,《被诅咒的卡斯蒂利亚／Maldita Castilla EX／Cursed Castilla》Build.12459831官中简体｜容量114MB,pc,game,https://pan.quark.cn/s/8cd1197d3ea8,,,,
,《蠕虫罐头（Can of Wormholes）》v54官中简体｜容量57MB,pc,game,https://pan.quark.cn/s/f0ddad20caf3,,,,
,《蛙枪再战 Frogun Encore》v0.911官中简体｜容量1.95GB,pc,game,https://pan.quark.cn/s/cd97b96e6fa5,,,,
,《虚空之海／遗忘之海／Forgotten Seas》EARLY ACCESS官中简体｜容量4.1GB,pc,game,https://pan.quark.cn/s/d5056283c6fd,,,,
,《荒野求生／生存边缘／Subsistence》ALPHA 63.12｜官中｜支持键鼠｜容量1.96GB,pc,game,https://pan.quark.cn/s/06815ffbc94b,,,,
,《茧（Cocoon）》V20240222-TENOKE｜官中｜容量1.1GB,pc,game,https://pan.quark.cn/s/516036b0e6f0,,,,
,《航母对决：太平洋海战 (Carrier Battles 4 Guadalcanal)》V1.12.6官中简体｜容量140MB,pc,game,https://pan.quark.cn/s/1451626e85a3,,,,
,《胡修狐／FixFox》官中简体｜容量660MB,pc,game,https://pan.quark.cn/s/e2c51fb52cea,,,,
,《背包英雄／Backpack Hero》V1.0.1153.0官中简体｜容量557MB,pc,game,https://pan.quark.cn/s/43551ca528ad,,,,
,《美少女战地 Bishojo Battlefield》v128.153官中简体｜容量3.43GB,pc,game,https://pan.quark.cn/s/732b9bf636b4,,,,
,《绯樱白狐 Sakura And The Airyvixen》BUILD 14842300官中简体｜容量565MB,pc,game,https://pan.quark.cn/s/a66db6ea921c,,,,
,《米娅与龙公主 Mia and the Dragon Princess》V1.0.2官中简体｜容量8.6GB,pc,game,https://pan.quark.cn/s/d5d7e7c8625a,,,,
,《空心茧／Hollow Cocoon》V1.21｜官中｜容量7.1GB,pc,game,https://pan.quark.cn/s/a0d287a1d3f3,,,,
,《百英雄传 Eiyuden Chronicle：Hundred Heroes》Update 04.06.2024官中简体｜容量24.21GB,pc,game,https://pan.quark.cn/s/3d40b7f2df08,,,,
,《生物枪 Bio Gun》v0.741｜官方英文｜容量1.44GB,pc,game,https://pan.quark.cn/s/c94934924642,,,,
,《王国之壳 Kingdom Shell》v1.0.14官中简体｜容量247MB,pc,game,https://pan.quark.cn/s/b9caa6167405,,,,
,《猫猫旅程（KoroNeko）》v1.0.0官中简体｜容量2.47GB,pc,game,https://pan.quark.cn/s/8bcc452f48a3,,,,
,《爆裂！甜点王国／爆裂！スイーツランド - PANIC IN SWEETS LAND -》BUILD 12936633｜官方英／日文｜容量3.41GB,pc,game,https://pan.quark.cn/s/4ab38575a08f,,,,
,《热路防御 REROAD》官中简体｜容量3.18GB,pc,game,https://pan.quark.cn/s/c7466cc8f855,,,,
,《炮弹人冲冲冲／Mob Control》BUILD 14427853官中简体｜容量858MB,pc,game,https://pan.quark.cn/s/7b5081724317,,,,
,《灵魂石幸存者／SOULSTONE SURVIVORS FROSTBORN WRATH》V11G｜官中｜支持键鼠.手柄｜赠多项修改器｜容量2.22GB,pc,game,https://pan.quark.cn/s/fc492c00af79,,,,
,《火山岛／火山钻地机／Volcanoids》1.32.237.0 h1｜官中｜支持键鼠｜容量5.81GB,pc,game,https://pan.quark.cn/s/2d0bb66ca9d3,,,,
,《漫漫长夜／The Long Dark Tales from the Far Territory Part 4》V2.28整合Tales from the Far Territory官中｜支持键鼠.手柄｜容量14.1GB｜,pc,game,https://pan.quark.cn/s/a5f29b0d3b50,,,,
,《深岩银河：幸存者 Deep Rock Galactic Survivor Salt Pits》V0.2.273D｜官中简体｜容量1.2GB｜附联机补丁,pc,game,https://pan.quark.cn/s/2e0df69a2fc7,,,,
,《消逝的光芒2：人与仁之战／Dying Light 2 Stay Human》V1.17.1终极版｜整合全DLC｜官中｜支持键鼠.手柄｜赠多项修改器｜容量70GB（仅保留英文和中文语音）附联机补丁,pc,game,https://pan.quark.cn/s/ef32caca1c12,,,,
,《泡泡龙4伙伴 头骨怪与创意工坊／Bubble.Bobble.4.Friends.The.Barons.Workshop》V1.0.1官中简体｜容量1.14GB,pc,game,https://pan.quark.cn/s/ef89b595b591,,,,
,《沙皮克的魔法森林大冒险／奇幻冒险记／Shapik：The Quest》Build.14331034官中简体｜容量804MB,pc,game,https://pan.quark.cn/s/aeba349c4e11,,,,
,《沉船遗礼 Gift》v1.1.0 update官中简体｜容量1.11GB,pc,game,https://pan.quark.cn/s/a5e5c7b1ef4f,,,,
,《永瀑镇（Everafter Falls）》v1.0.06官中简体｜容量400MB,pc,game,https://pan.quark.cn/s/775c81fea300,,,,
,《森林冰火人：元素（Fireboy & Watergirl：Elements）》V3455196｜官方英文｜容量183MB,pc,game,https://pan.quark.cn/s/0e5a8e5710c6,,,,
,《棋弈无限：围棋／Just Go》v1.2.1官中简体｜容量3.66GB｜支持键鼠.手柄,pc,game,https://pan.quark.cn/s/ac60a3f29993,,,,
,《梦幻战术／Dream Tactics》V1.1.1｜官方英／日文｜容量186MB,pc,game,https://pan.quark.cn/s/88ba21741b39,,,,
,《核子之心／Coreborn》v1.0.45.26528官中简体｜容量11GB,pc,game,https://pan.quark.cn/s/83437117e26f,,,,
,《极乐迪斯科导演剪辑版／Disco Elysium - The Final Cut》V20240624｜官中｜支持键鼠｜赠多项修改器｜赠满技能初始存档｜容量9.59GB,pc,game,https://pan.quark.cn/s/d5e47e92d645,,,,
,《未来侵蚀 Ingression》v1.0.28官中简体｜容量620MB,pc,game,https://pan.quark.cn/s/a2ae322ca6e2,,,,
,《木头种／海狸浮生记／Timberborn》V0.6.0.0A｜官中｜支持键鼠｜容量2.12GB,pc,game,https://pan.quark.cn/s/5c5691451d33,,,,
,《服装店模拟 Clothing Store Simulator》v0.1.5官中简体｜容量4.21GB,pc,game,https://pan.quark.cn/s/36b227ae24db,,,,
,《暴民狂热 Mobmania》BUILD 14862513｜官方英文｜容量12MB,pc,game,https://pan.quark.cn/s/0998ca6c1c21,,,,
,《星跃物语 Star Leaping Story》v3.0.3官中简体｜容量1.33GB,pc,game,https://pan.quark.cn/s/e439525882bf,,,,
,《斗鱼2／The Rumble Fish 2》V4.0｜官中｜支持键鼠.手柄｜容量989MB,pc,game,https://pan.quark.cn/s/40111483ecd1,,,,
,《教室／The Classrooms》BUILD 14783826官中简体｜容量5.97GB,pc,game,https://pan.quark.cn/s/ba98596f5929,,,,
,《战锤40K：行商浪人／Warhammer 40000 Rogue Trader》V1.2.0.30正式版｜官中简体｜支持键鼠容量37GB,pc,game,https://pan.quark.cn/s/08b65e693ffd,,,,
,《我的博物馆：宝物猎人／My Museum：Treasure Hunter》v1.3.1B官中简体｜容量21GB,pc,game,https://pan.quark.cn/s/e540073d0e0c,,,,
,《我是兼职工!! I Am Part-time Worker》v1.0.2官中简体｜容量4，7GB,pc,game,https://pan.quark.cn/s/3e192683d623,,,,
,《我们是足球队2024 We are Football 2024》v3.20官中简体｜容量2GB,pc,game,https://pan.quark.cn/s/c675e5a0720f,,,,
,《恐鬼症／Phasmophobia／支持网络联机》V0.10.0.0-0XDEADCODE联机版｜官中｜支持键鼠.手柄｜容量22.1GB附单机补丁,pc,game,https://pan.quark.cn/s/1cd01279e19b,,,,
,《异种航员2／Xenonauts 2》V4.12.2G｜官中｜支持键鼠｜容量4.83GB,pc,game,https://pan.quark.cn/s/a30a08982ead,,,,
,《异步解离／Desynced Autonomous Colony Simulator》V0.1.13254A｜官中｜支持键鼠.手柄｜容量1.2GB,pc,game,https://pan.quark.cn/s/3059bcfecd8c,,,,
,《建与远征 An Architect&#39;s Adventure》BUILD 13195822官中简体｜容量301MB,pc,game,https://pan.quark.cn/s/c9d363eeb58b,,,,
,《废弃小屋 Abandoned Hut》官中简体｜容量1.51GB,pc,game,https://pan.quark.cn/s/90cfccf08a49,,,,
,《幽深密室 复活／Deepest Chamber Resurrection》V1.08｜官中｜容量2.8GB,pc,game,https://pan.quark.cn/s/ecf110e88c99,,,,
,《洗头佬是我的暗恋对象／洗头佬是我粉丝／Hitler is my crush》V20240620官中简体｜容量1.64GB,pc,game,https://pan.quark.cn/s/eca12a62acb7,,,,
,《小骨 英雄杀手 Skul The Hero Slayer》V1.9.2.3｜官中｜支持键鼠.手柄｜赠多项修改器｜赠满魔石.特性初始存档｜容量2.16GB,pc,game,https://pan.quark.cn/s/2051e8bae8bc,,,,
,《小小贴纸铺／Sticky Business》V2024.163B｜官中｜支持键鼠.手柄｜容量183MB,pc,game,https://pan.quark.cn/s/dafd9a7101d5,,,,
,《密教模拟器／异教徒模拟器／Cultist Simulator》V2024.5.a.3｜整合5DLC｜官中｜支持键鼠｜容量849MB,pc,game,https://pan.quark.cn/s/47c1bcceae5c,,,,
,《宠物店模拟器 Pet Shop Simulator》官中简体｜容量4.88GB,pc,game,https://pan.quark.cn/s/d379dd7a9e6a,,,,
,《学园构想家／学院构想家／Let&#39;s School／LETS SCHOOL》V1.3.4｜官中｜支持键鼠｜容量2.1GB,pc,game,https://pan.quark.cn/s/9df71f1e88af,,,,
,《好公司（Good Company）》V1.01.00A官中简体｜容量1.17GB,pc,game,https://pan.quark.cn/s/635d2f5a7a2c,,,,
,《奥西里斯：新黎明（Osiris New Dawn）》V1.5.80官中简体｜容量5.79GB,pc,game,https://pan.quark.cn/s/7659e4b28545,,,,
,《太空避难所／太空避风港／Space Haven》V0.19.0.16A｜官中｜支持键鼠｜容量256MB,pc,game,https://pan.quark.cn/s/f6ca8236552d,,,,
,《大侠立志传：碧血丹心／Heros Adventure Road to Passion》v1.2.0628b62｜官中｜支持键鼠｜赠多项修改器1GB,pc,game,https://pan.quark.cn/s/4306a3a4c39f,,,,
,《堡垒：猎鹰战纪 Bulwark Falconeer Chronicles》V1.1.2.0官中简体｜容量2.64GB,pc,game,https://pan.quark.cn/s/a67e6248174f,,,,
,《坤号出口 Exit Kun》完整版官中简体｜容量3GB,pc,game,https://pan.quark.cn/s/628072c9cb4b,,,,
,《坚持生存／KeepUp Survival》V20240625-P2P官中简体｜容量15GB支持键鼠｜手柄,pc,game,https://pan.quark.cn/s/5601fb5a70a6,,,,
,《地下世界：泰坦矿井／生存地带：泰坦宝矿／Subterrain Mines of Titan》V1.371官中简体｜容量650MB,pc,game,https://pan.quark.cn/s/cca7773a6745,,,,
,《图灵完备／Turing Complete》v0.1059官中简体｜容量332MB,pc,game,https://pan.quark.cn/s/5f0fb129e417,,,,
,《售货精英（Saleblazers）》V0.14.6.31官中简体｜容量6.66GB,pc,game,https://pan.quark.cn/s/54e0eb63bb7d,,,,
,《向左一点／A Little to the Left：Seeing Stars》v3.0.14｜官中｜支持键鼠.手柄｜容量1.96GB,pc,game,https://pan.quark.cn/s/3f5f03adf3f3,,,,
,《史前王国／Prehistoric Kingdom》V1.8.39｜官中｜支持键鼠.手柄｜容量7.86GB,pc,game,https://pan.quark.cn/s/ab2cb1256daa,,,,
,《史前埃及（Predynastic Egypt）》v1.0.10官中简体｜容量1GB,pc,game,https://pan.quark.cn/s/3a068ed9d9a7,,,,
,《台球俱乐部2美式与斯诺克 Cue Club 2：Pool & Snooker》BUILD 14573957｜官方英文｜容量124.49MB,pc,game,https://pan.quark.cn/s/efb3089c0e62,,,,
,《叮叮与当当 Dumpy and Bumpy》v2.0.4.0官中简体｜容量91MB,pc,game,https://pan.quark.cn/s/46bded457444,,,,
,《叠叠高城／Pile Up!》V0.6.19官中简体｜容量456MB,pc,game,https://pan.quark.cn/s/3cd42eea3d2c,,,,
,《反乌托邦 Dystopika》官中简体｜容量744MB,pc,game,https://pan.quark.cn/s/b377a5105c03,,,,
,《十字线X／Crosshair X》BUILD 14873676｜官中｜支持键鼠｜容量960MB,pc,game,https://pan.quark.cn/s/db383e5d66b2,,,,
,《列文重置版／Riven》build 1294官中简体｜容量23GB,pc,game,https://pan.quark.cn/s/856c6bc9b93e,,,,
,《冠军变身（Champion Shift）》v1.0.0-47000官中简体｜容量8.93GB,pc,game,https://pan.quark.cn/s/1cbbea1cd776,,,,
,《全面战争传奇：特洛伊 A Total War Saga：TROY》官中简体｜容量10GB,pc,game,https://pan.quark.cn/s/c2f06f6aa3e2,,,,
,《光年边境／光年拓荒／Lightyear Frontier》V0.2.671A官中简体｜容量1.8GB,pc,game,https://pan.quark.cn/s/07259afb2f5a,,,,
,《侠盗猎车手5纯净版／GTA5纯净版／Grand Theft Auto V》V1.0.3258纯净版｜容量109GB｜官中｜支持键鼠.手柄｜,pc,game,https://pan.quark.cn/s/7460dccc1463,,,,
,《余烬守卫 Emberward》v0.2.0-EARLY ACCESS官中简体｜容量1.13GB,pc,game,https://pan.quark.cn/s/fa99905d62ae,,,,
,《体素大亨／Voxel Tycoon》v0.88.8.4｜官中｜支持键鼠｜容量434MB,pc,game,https://pan.quark.cn/s/1d4ed48aecce,,,,
,《伊始之地／Terra Nil》V1.1.0｜官中｜支持键鼠｜容量1.36GB,pc,game,https://pan.quark.cn/s/ad2fb5d39c1e,,,,
,《九尾异神录／TheNineTailedCelestialFox》v1.17官中简体｜容量2GB,pc,game,https://pan.quark.cn/s/81e7bd94be34,,,,
,《中世纪王朝／Medieval Dynasty》V2.1.0.8｜官中｜支持键鼠.手柄｜赠多项修改器｜容量6.58GB,pc,game,https://pan.quark.cn/s/383c72e30097,,,,
,《世界摩托车锦标赛 24（MotoGP 24）》V20240626-P2P官中简体｜容量22GB,pc,game,https://pan.quark.cn/s/a1574b1ef5db,,,,
,《与龙共存 Living With Dragons》v1.001官中简体｜容量8.28GB,pc,game,https://pan.quark.cn/s/2b2798b9261e,,,,
,《七日杀／7 Days to Die》v1.0(b309)｜官中｜支持键鼠.手柄｜容量15.9GB支持键鼠｜手柄,pc,game,https://pan.quark.cn/s/6f250d7b1e7a,,,,
,《Z-Ape 僵尸猿：塔防（Z-APE：Tower Defense）》｜官方英文｜容量1GB,pc,game,https://pan.quark.cn/s/99f701a3e275,,,,
,《SPY×FAMILY 间谍过家家 日记大作战》v1.0.5官中简体｜容量10GB,pc,game,https://pan.quark.cn/s/018c828e6616,,,,
,《Muse Dash 喵斯快跑》V4.5.0官中简体｜容量3.2GB,pc,game,https://pan.quark.cn/s/6fbd26b01a86,,,,
,《LOVE 3》v1.3.3.0官中简体｜容量204MB,pc,game,https://pan.quark.cn/s/839e7f1dff99,,,,
,《Asleep 沉睡 - Ato 1》V1.9.4官中简体｜容量1GB,pc,game,https://pan.quark.cn/s/02343dfbcb1b,,,,
,《高脚精灵（Ooblets）》V1.4.43-P2P｜官中｜容量860MB,pc,game,https://pan.quark.cn/s/c316a177f25a,,,,
,《高塔城市（Highrise City）》V20240603-P2P｜官中｜容量8.5GB,pc,game,https://pan.quark.cn/s/302c83c5854a,,,,
,《隔离区-丧尸末日生存／ZED ZONE》V0.62.6.4.1｜官中｜容量752MB,pc,game,https://pan.quark.cn/s/039b645eddf3,,,,
,《钢铁鼠／Steel Rats?》Build 03.06.2019官中简体｜容量5.19GB,pc,game,https://pan.quark.cn/s/66ce99a66c07,,,,
,《钢铁雄心4／Hearts of Iron IV》V1.14.6｜官中｜容量7.55GB,pc,game,https://pan.quark.cn/s/cf8a47f94585,,,,
,《钢铁指挥官／Mechabellum》v0.8.1.6.1190｜官中｜支持键鼠｜容量9.53GB,pc,game,https://pan.quark.cn/s/2ba9648a4433,,,,
,《艾尔登法环黄金树幽影／ELDEN RING Shadow of the Erdtree》v1.12｜官中简体｜修改器｜容量69.1GB,pc,game,https://pan.quark.cn/s/56c42d489df6,,,,
,《篝火峰 Bonfire Peaks》v1.2.23.0728官中简体｜容量526MB,pc,game,https://pan.quark.cn/s/bc66e92fac3e,,,,
,《篝火 2：未知海岸（The Bonfire 2：Uncharted Shores）》BUILD 13028893官中繁体｜容量959MB,pc,game,https://pan.quark.cn/s/15c5b7c28fb5,,,,
,《工匠镇／小城镇／Tinker town／Tinkertown》V1.1.3A官中｜容量1.2GB,pc,game,https://pan.quark.cn/s/e74e0083a8ec,,,,
,《工人与资源：苏维埃共和国 Workers and Resources Soviet Republic》1.0.0.4｜官中｜容量2.9GB,pc,game,https://pan.quark.cn/s/3c9fc8173f3b,,,,
,《工业部长／工业巨头 支持这版本／Captain of Industry Supporter Edition》V0.6.4C｜官中｜容量1.49GB,pc,game,https://pan.quark.cn/s/4fbe9e870500,,,,
,《古墓丽影 三部曲 重制版／Tomb Raider I-III Remastered Starring Lara Croft》V20240606-P2P｜官中简体｜容量4GB,pc,game,https://pan.quark.cn/s/262eb949e99f,,,,
,《割韭菜啦 Rip Them Off》v7221628官中简体｜容量183MB,pc,game,https://pan.quark.cn/s/1c2069ef8f50,,,,
,《传送门2／Portal 2》V20240603-P2P官中简体｜容量37GB,pc,game,https://pan.quark.cn/s/732a6544169a,,,,
,霓虹深渊 游戏大小 450MB 游戏版本 v1.5.3.1,pc,game,https://pan.quark.cn/s/c27da40e4140,,,,
,浮岛物语 游戏大小 110MB 游戏版本 v4.1.9,pc,game,https://pan.quark.cn/s/00542a2e15df,,,,
,橡胶强盗 游戏大小 1.1GB 游戏版本 v1.8.0,pc,game,https://pan.quark.cn/s/448d3c55bbba,,,,
,收获日2 游戏大小 48.4GB 游戏版本 v1.143.228,pc,game,https://pan.quark.cn/s/7aeb2efbce65,,,,
,拉娜之星／Planet of Lana 游戏大小 4.6GB 游戏版本 v1.1.0.0,pc,game,https://pan.quark.cn/s/8fc67cc0a188,,,,
,怪物圣所 游戏大小 230MB 游戏版本 v2.1.0.35,pc,game,https://pan.quark.cn/s/e7cd2bdc68d0,,,,
,影子战术：将军之刃 游戏大小 6.5GB 游戏版本 v3.2.25,pc,game,https://pan.quark.cn/s/1415af2e7080,,,,
,底特律：变人 游戏大小 60.6GB 游戏版本 v20230928,pc,game,https://pan.quark.cn/s/d3387a4f6264,,,,
,幸运草的约定 游戏大小 9.2GB 游戏版本 v1.01,pc,game,https://pan.quark.cn/s/904978803059,,,,
,再刷一把 游戏大小 500MB 游戏版本 Build.11735036,pc,game,https://pan.quark.cn/s/debb13959a2d,,,,
,《鳄鱼侦探布罗格／BROK the InvestiGator》V1.4.7.4｜官中｜容量1.96GB,pc,game,https://pan.quark.cn/s/428ca88fd00b,,,,
,《饿殍：明末千里行／The Hungry Lamb Traveling in the Late Ming Dynasty》V1.20-P2P官中简体｜容量1.85GB,pc,game,https://pan.quark.cn/s/0b5abffa601c,,,,
,《风暴：深厚友谊的开始 重制版 Windstorm Start of a Great Friendship Remastered》v0.7.3官中简体｜容量10GB,pc,game,https://pan.quark.cn/s/d429d75c6b72,,,,
,《风和日暖 SunnySide》v1.15.11官中简体｜容量24.42GB,pc,game,https://pan.quark.cn/s/6a5e9d980588,,,,
,《队长小翼 新秀崛起／Captain Tsubasa：Rise of New Champions》V1.46.1｜官方繁体中文｜修改器｜赠一周目通关存档｜容量47.3GB,pc,game,https://pan.quark.cn/s/f0d0c864bd2d,,,,
,《钢铁六边形（Hex of Steel）》v7.5.3官中简体｜容量732MB,pc,game,https://pan.quark.cn/s/9b4751a4eefd,,,,
,《都市：天际线 2 终极版／Cities Skylines II Ultimate Edition／Cities Skylines 2》V1.1.5F1-P2P｜官中｜容量59GB,pc,game,https://pan.quark.cn/s/9e24eb79d67e,,,,
,《迪士尼梦幻星谷／Disney Dreamlight Valley》V1.10.2.57整合The Pumpkin King Returns Update!｜官中｜支持键鼠.手柄｜赠多项修改器｜容量9.16GB,pc,game,https://pan.quark.cn/s/3f50ba979b86,,,,
,《赌场模拟器／娱乐模拟器／Casino Simulator》BUILD 14642963官中简体｜容量6.85GB,pc,game,https://pan.quark.cn/s/16e3f3bdf9e8,,,,
,《苞米地／玉米地／富饶之乡／Cornucopia》v6.7.5｜官中简体｜容量1.2GB,pc,game,https://pan.quark.cn/s/7eccaeecf155,,,,
,《苍翼：混沌效应／BLAZBLUE ENTROPY EFFECT JIN》V1.0.1.86702.0｜官中｜支持键鼠.手柄｜容量6.98GB,pc,game,https://pan.quark.cn/s/0801d8edb9e6,,,,
,《纷争终结者 被遗弃的孩子们 TROUBLESHOOTER Abandoned Children》V20240425-P2P｜官中｜容量14.2GB｜手柄,pc,game,https://pan.quark.cn/s/de914241d237,,,,
,《繁星旅途（Stardeus）》V0.10.37.2030｜官中｜容量869MB,pc,game,https://pan.quark.cn/s/407c8cea528a,,,,
,《盗贼之海／Sea of Thieves／支持网络联机》V2.131.1937.0-P2P联机版｜官中｜支持键鼠.手柄｜容量98.7GB,pc,game,https://pan.quark.cn/s/ca4bc5f90192,,,,
,《盖娅迷航／Gaia Trek》V1.3.0官中简体｜容量1.81GB｜手柄,pc,game,https://pan.quark.cn/s/29f24d4bd7d0,,,,
,《盖亚：超越／Gaia Beyond》build：45官中简体｜容量8.75GB,pc,game,https://pan.quark.cn/s/106e6557db80,,,,
,《疯狂之源／Source of Madness》BUILD 14535454｜官中｜容量3.07GB,pc,game,https://pan.quark.cn/s/71e7907805cf,,,,
,《疯人院疯狂：主播的噩梦（Madhouse Madness：Streamer&#39;s Fate）》官中简体｜容量3.06GB,pc,game,https://pan.quark.cn/s/e2a378134839,,,,
,《电竞教父／Esports Godfather》V1.2.4官中简体｜容量3.23GB,pc,game,https://pan.quark.cn/s/01388fecb143,,,,
,《法外枭雄：滚石城／Crime Boss：Rockay City》v1.0.9.1官中简体｜容量86GB,pc,game,https://pan.quark.cn/s/06e80cc2499a,,,,
,《毒枭模拟器2／Drug Dealer Simulator 2》v1.0.2官中简体｜容量27.56GB,pc,game,https://pan.quark.cn/s/582b53db95b6,,,,
,《方舟 生存进化 ARK Survival Evolved》V358.25-REPACK｜集成DLCs｜官中｜赠音乐BGM｜修改器｜容量435GB,pc,game,https://pan.quark.cn/s/8d9c5f0796af,,,,
,《方块方舟／PixARK》V30.05.2024｜官中｜容量18.35GB,pc,game,https://pan.quark.cn/s/1c46bd6b9183,,,,
,《断水流大师兄／防波堤／Breakwaters》V0.9.52A｜官中｜容量4.52GB,pc,game,https://pan.quark.cn/s/6aa8ece7d943,,,,
,《放松模拟器／Relaxing Simulator》V2480983官中简体｜容量9.69GB,pc,game,https://pan.quark.cn/s/9b81e056b142,,,,
,《房屋建造者／House Builder》V20240619｜官中｜容量27.86GB,pc,game,https://pan.quark.cn/s/c8f1b6e93684,,,,
,《房产达人／House Flipper》V1.24157｜集成DLCs｜容量20.7GB｜官中｜,pc,game,https://pan.quark.cn/s/b29b4c28765c,,,,
,《房产达人2／House Flipper 2》V20240607官中简体｜容量5GB｜手柄,pc,game,https://pan.quark.cn/s/cba3f7659313,,,,
,《恶魔轮盘／霰弹枪俄罗斯轮盘／铅弹赌轮盘／Buckshot Roulette》V1.2.2D官中简体｜容量630MB,pc,game,https://pan.quark.cn/s/3a8da21f8070,,,,
,《恶灵附身2／The Evil Within 2》v1.05-elamigos｜官中｜赠官方原声55首BGM｜修改器｜赠全收集存档｜容量34GB,pc,game,https://pan.quark.cn/s/98a73c11bc55,,,,
,《恶意／illWill》V1.09-P2P｜官中｜容量14.03GB,pc,game,https://pan.quark.cn/s/3323011c1753,,,,
,《恶意不息 No Rest for the Wicked》V13440 EARLY ACCESS｜官中简体｜容量34.4GB,pc,game,https://pan.quark.cn/s/1adb86db0d91,,,,
,《心流小筑Chill Pulse》BUILD 14590046官中简体容量177MB,pc,game,https://pan.quark.cn/s/fe2155a2b316,,,,
,《德罗斯（DROS）》v1.7｜官方英文｜容量5.5GB,pc,game,https://pan.quark.cn/s/c6a5091fffca,,,,
,《废品大亨／Barn Finders》V25728｜官中｜容量29.8GB,pc,game,https://pan.quark.cn/s/569b0829ab57,,,,
,《峰顶王国／Laysara Summit Kingdom》BUILD 14552938官中简体｜容量3.69GB,pc,game,https://pan.quark.cn/s/a0ca4b853fb6,,,,
,《复兴与繁荣／Revive and Prosper／Revive & Prosper》V0.15.11A｜官中｜容量975MB,pc,game,https://pan.quark.cn/s/f676975e52dc,,,,
,《堕落之主豪华版／Lords of the Fallen Deluxe Edition》v1.5.115官中｜修改器｜容量34.1GB,pc,game,https://pan.quark.cn/s/c7a106ee8b0c,,,,
,《厄瑞班：暗影之族（Ereban Shadow Legacy）》V1.2.1官中简体｜容量7.40GB,pc,game,https://pan.quark.cn/s/a7a2ad1945e1,,,,
,《动物收容所／Animal Shelter》V1.3.18｜整合DLC｜官中｜容量7.28GB,pc,game,https://pan.quark.cn/s/126431dd76d1,,,,
,《动物井／ANIMAL WELL》V06.06.2024官中简体｜容量56MB,pc,game,https://pan.quark.cn/s/15dbd33940de,,,,
,《二重奏 DUET》BUILD 12825182官中简体｜容量157MB,pc,game,https://pan.quark.cn/s/6ee380a2fa7d,,,,
,《丰饶之岛 HARVEST ISLAND》V1.85-P2P｜官中｜容量780MB,pc,game,https://pan.quark.cn/s/0d3f095d60cd,,,,
,《东方红夜狂宴Touhou Red Empress Devil》BUILD 13657858官中简体容量511MB,pc,game,https://pan.quark.cn/s/2eb95b9b2601,,,,
,《Nevergrind Online》0.22.26官中简体｜容量790MB,pc,game,https://pan.quark.cn/s/18446a2ff82c,,,,
,《Go Go 镇！／Go-Go 镇！／Go-Go Town!／Go Go Town》V0.4.44.15602EA官中简体｜容量774MB,pc,game,https://pan.quark.cn/s/3633e367674e,,,,
,《ASKA》v1.0 2106241922官中简体｜容量5GB,pc,game,https://pan.quark.cn/s/956a2791d89a,,,,
,龙珠斗士Z 游戏大小 5.8GB 游戏版本 v1.31,pc,game,https://pan.quark.cn/s/81dc1e44983a,,,,
,锈湖：旅馆 游戏大小 42MB 游戏版本 Build.8618905,pc,game,https://pan.quark.cn/s/41b057d3f3d8,,,,
,锈湖：天堂岛 游戏大小 96MB,pc,game,https://pan.quark.cn/s/53234ec6c234,,,,
,进击的巨人2：最终之战 游戏大小 37GB 游戏版本 v2.0.5,pc,game,https://pan.quark.cn/s/f392cf438919,,,,
,莫塔守山人 游戏大小 1.4GB 游戏版本 v1.3.155.3(v8334433),pc,game,https://pan.quark.cn/s/53ccd2aa239f,,,,
,审判之眼：死神的遗言 重制版 游戏大小 30.3GB 游戏版本 v1.12,pc,game,https://pan.quark.cn/s/b478179e5302,,,,
,史丹利的寓言：终极豪华版 游戏大小 4GB 游戏版本 v20230904,pc,game,https://pan.quark.cn/s/453ee553ddb0,,,,
,使命召唤14：二战 游戏大小 150GB 游戏版本  v1.25.2244937 版,pc,game,https://pan.quark.cn/s/6f31263c4a28,,,,
,使命召唤13：无限战争 游戏大小 68GB 游戏版本  v6.5.1233116 版,pc,game,https://pan.quark.cn/s/ffbfb84e2b2a,,,,
,EA SPORTS FIFA 23 游戏大小 49.5GB 游戏版本 v1.0.82.43747,pc,game,https://pan.quark.cn/s/37c209e0dd46,,,,
,《８番出口／The Exit 8》V1.0.7-P2P｜官方英／日文｜容量1.45GB｜,pc,game,https://pan.quark.cn/s/196ea1385ef6,,,,
,《飞天红酒桶 ～小小飞行员日记～（Flying Red Barrel：The Diary of a Little Aviator）》V1.3官中简体｜容量299MB,pc,game,https://pan.quark.cn/s/58a009a1258d,,,,
,《雾隐战记 C.A.R.D.S. RPG》官中简体｜容量3.3GB,pc,game,https://pan.quark.cn/s/10192d5a10ac,,,,
,《阿斯特：巨碑之刃／Astor Blade of the Monolith》V1.1.0官中简体｜容量18GB,pc,game,https://pan.quark.cn/s/294f3db5dbce,,,,
,《部落幸存者／Settlement Survival》V1.1.119.84-SSE｜官中｜支持键鼠｜容量1.39GB,pc,game,https://pan.quark.cn/s/b810852351fc,,,,
,《达萨隆之月 MOONS OF DARSALON》V2217官中简体｜容量800MB,pc,game,https://pan.quark.cn/s/80c1eabd1e9f,,,,
,《车祸模拟器／拟真车祸模拟／BeamNG drive》V0.32.2.0.16445｜官中｜容量43.5GB,pc,game,https://pan.quark.cn/s/4d8cc2e9b8f4,,,,
,《超级鸡马／Ultimate Chicken Horse》BUILD 14630387｜官中｜容量2GB,pc,game,https://pan.quark.cn/s/025e76441f26,,,,
,《超级位霸XL／Super Bit Blaster XL》V4-S官中简体｜容量134.27MB,pc,game,https://pan.quark.cn/s/4175acb9925c,,,,
,《超空间 HYPERSPACE》官中简体｜容量4.3GB,pc,game,https://pan.quark.cn/s/f522767d9729,,,,
,《超灵秘法社／Mind Over Magic》V0.347官中简体｜容量6.21GB,pc,game,https://pan.quark.cn/s/dfa6999ca152,,,,
,《超洪流（Diluvian Ultra）》V3.4.52｜官中｜容量5.65GBB,pc,game,https://pan.quark.cn/s/7c60da6a9bf2,,,,
,《超时空方舟 Chrono Ark》V1.0.17正式版｜官中｜容量5.35GB,pc,game,https://pan.quark.cn/s/3fd1b213a275,,,,
,《赤痕：夜之仪式／血污：夜之仪式／Bloodstained Ritual of the Night》V1.5｜官中｜赠音乐BGM｜修改器｜赠一周目满级100％完美存档｜容量10.5GB,pc,game,https://pan.quark.cn/s/27b021bb99fe,,,,
,《贝荷嘉／Beholgar》BUILD 14046600｜官中｜容量145MB,pc,game,https://pan.quark.cn/s/4cd11a25c02f,,,,
,《船舶墓地模拟器2／Ship Graveyard Simulator 2》v1.4.0｜官中｜容量7.93GB,pc,game,https://pan.quark.cn/s/f2393fa3544b,,,,
,《背包乱斗：福西法的宝藏 Backpack Battles》V0.9.11A官中简体｜容量209MB,pc,game,https://pan.quark.cn/s/43a6449e93fd,,,,
,《纯爱声放送 Voice Love on Air》V1.3.0-P2P官中简体｜容量2.9GB,pc,game,https://pan.quark.cn/s/98498f80316d,,,,
,《第三次危机Third Crisis》V1.0.5官中简体｜容量750MB,pc,game,https://pan.quark.cn/s/dbc2da2da236,,,,
,《磁带妖怪／Cassette Beasts》V1.6.1官中简体｜容量2.87GB｜,pc,game,https://pan.quark.cn/s/bab6829ad19e,,,,
,《碧蓝幻想：Relink／Granblue Fantasy Relink》V1.3.1-P2P｜官中简体｜容量88.23GB,pc,game,https://pan.quark.cn/s/c678a97c8317,,,,
,《碧蓝幻想 Versus：崛起／Granblue Fantasy Versus  Rising》V1.41-P2P官中简体｜容量17GB,pc,game,https://pan.quark.cn/s/b1d4f1e1c67b,,,,
,《矮人要塞 Dwarf Fortress》V51.01.BETA.17｜官方英文｜容量255MB,pc,game,https://pan.quark.cn/s/fe6105c0b73f,,,,
,《矮人元祖／First Dwarf》v0.292官中简体｜容量9.81GB,pc,game,https://pan.quark.cn/s/6bbf282cd3a4,,,,
,《盗贼的故事（Rogues Tale）》V2.26整合The Hoard DLC官中简体｜容量100MB,pc,game,https://pan.quark.cn/s/4cf0b5b0dfa7,,,,
,《的士快跑 Yellow Taxi Goes Vroom》V1.0.7-P2P官中简体｜容量2.24GB,pc,game,https://pan.quark.cn/s/b6b2a1c38db3,,,,
,《百视达（Blockbuster Inc.）》V1.7.2官中简体｜容量3.77GB,pc,game,https://pan.quark.cn/s/5633e0ea22f3,,,,
,《百分百鲜橙汁／100％鲜橙汁／100％ Orange Juice／100 Percent Orange Juice》V3.20｜整合全DLC｜官中｜容量3.51GB,pc,game,https://pan.quark.cn/s/44b3d1e12e2e,,,,
,《白日升 Rise Of The White Sun》V1.852｜官中｜容量2.87GB,pc,game,https://pan.quark.cn/s/d0ce12790e63,,,,
,《病娇模拟器／YANDERE SIMULATOR》V15.06.2024容量5.5GB附汉化补丁,pc,game,https://pan.quark.cn/s/cf7d0ff30a14,,,,
,《电子产品拼装实验室（Electronics Puzzle Lab）》BUILD 13455482官中简体｜容量1.41GB,pc,game,https://pan.quark.cn/s/c9b03395210a,,,,
,《爆破区域2／BlastZone 2》V1.36.3官中简体｜容量1.28GB,pc,game,https://pan.quark.cn/s/335f12c01921,,,,
,《点老救世记 - dotAGE》V1.2.3d官中简体｜容量386MB,pc,game,https://pan.quark.cn/s/5808a2077dbb,,,,
,《点点乐园（Clickyland）》V1.0.1官中简体｜容量155MB,pc,game,https://pan.quark.cn/s/47edbf0c91da,,,,
,《波普乱战／Bopl Battle》V2.2.4官中简体｜容量513MB,pc,game,https://pan.quark.cn/s/0c3e1ce60471,,,,
,《波斯王子：Rogue／The Rogue Prince of Persia》v0.1：f4dcdd270官中简体｜容量1.02GB,pc,game,https://pan.quark.cn/s/f2aa474f6798,,,,
,《波提：字节国度大冒险豪华版／Boti Byteland Overclocked Deluxe Edition》V1.11.0｜官中｜容量12.7GB,pc,game,https://pan.quark.cn/s/4ea66d2d0aea,,,,
,《池核／泳池／POOLS》V20240614-P2P官中简体｜容量1.8GB,pc,game,https://pan.quark.cn/s/8d722ae89a75,,,,
,《東方幕華祭 春雪篇／东方幕华祭 春雪篇／Touhou Fantastic Danmaku Festival Part II》BUILD 12857430｜官方英文版｜容量598MB,pc,game,https://pan.quark.cn/s/8b19602de701,,,,
,《暴君的游戏／Despot&#39;s Game／Despots Game》V1.9.11官中｜容量856MB,pc,game,https://pan.quark.cn/s/646df9079be1,,,,
,《暗黑潜水员／Murky Divers》v0.3.1官中简体｜容量2.28GB,pc,game,https://pan.quark.cn/s/2011046f492c,,,,
,《暗黑地牢2／Darkest Dungeon II／Darkest Dungeon 2》V1.05.64046｜官中｜修改器｜容量3.87GB,pc,game,https://pan.quark.cn/s/de729cbb171b,,,,
,《暗使（Dark Envoy）》V1.4.0.73319-P2P／V1.4.0.73319｜官中｜容量30GB,pc,game,https://pan.quark.cn/s/8a852ec636cb,,,,
,《摧毁：地下世界／摧毁一切／DYSMANTLE PETS AND DUNGEONS》V1.4.0.41A｜整合Pets & Dungeons｜官中｜容量3.64GB,pc,game,https://pan.quark.cn/s/320e16822737,,,,
,《拔天海拓史 Ⅰ&Ⅱ HD Remaster／Baten Kaitos I And II HD Remaster》官中简体｜容量13.66GB,pc,game,https://pan.quark.cn/s/5fa2109a9963,,,,
,《拔刀／Sclash》V1.1.61｜官中｜容量435MB,pc,game,https://pan.quark.cn/s/024d7155cdd0,,,,
,《拆迁 时间机器／Teardown Time Campers》v20240619｜官中｜容量4.36GB,pc,game,https://pan.quark.cn/s/d09c355a6e10,,,,
,《抱歉詹姆斯／Sorry James》V3324489官中简体｜容量269MB,pc,game,https://pan.quark.cn/s/9274610ba82c,,,,
,《戴森球计划／Dyson Sphere Program Rise Of the Dark Fog》V0.10.30.22292｜官中｜修改器｜容量2.99GB,pc,game,https://pan.quark.cn/s/14b8f539b45a,,,,
,《战锤 40K：审判者 - 殉道者（Warhammer 4000 Inquisitor Martyr）》v2.9.1官中简体｜容量80GB,pc,game,https://pan.quark.cn/s/6f40acc20625,,,,
,《恶魔之刃 重启版（Devil Blade Reboot）》V1.0.2官中简体｜容量274MB,pc,game,https://pan.quark.cn/s/ed3ab481ad8b,,,,
,《德米欧：PC版／Demeo：PC Edition》V1.36.256496-P2P｜官中｜容量2.65GB,pc,game,https://pan.quark.cn/s/9f8d81addb44,,,,
,《德尔塔V：土星环／ΔV：土星环／ΔV：Rings of Saturn／DeltaV Rings of Saturn》V1.52.11｜官中｜容量1.96GB,pc,game,https://pan.quark.cn/s/674391812dcd,,,,
,《德军总部：新血脉／Wolfenstein Youngblood Deluxe Edition》V202309077-P2P移除D加密官中简体｜容量42.6GB赠官方原声16首BGM｜修改器｜赠满银币.技能点初始存档,pc,game,https://pan.quark.cn/s/8895bba0d70d,,,,
,《弹珠台 M（Pinball M）》V1.0.4-｜官方英文｜容量6.46GB｜解锁6DLC和7桌台,pc,game,https://pan.quark.cn/s/539e21a18e1b,,,,
,《弹珠之旅！Ultra／Marble It Up! Ultra》BUILD 13005322｜官中｜容量2.02GB,pc,game,https://pan.quark.cn/s/65debd5b7982,,,,
,《帝王牌局：古国纷争 HEXARCHY》V1.2.994官中｜容量597MB,pc,game,https://pan.quark.cn/s/7c54bf9fe63e,,,,
,《帝国霸业：银河生存／Empyrion Galactic Survival》V1.11.7-P2P｜官中｜支持键鼠.手柄｜容量17.53GB,pc,game,https://pan.quark.cn/s/3b3aed725ece,,,,
,《帝国时代4／Age of Empires IV》V10.1.48-P2PXBOX版｜官中.国语配音｜修改器｜容量34.6GB,pc,game,https://pan.quark.cn/s/ad365aa0a65b,,,,
,《布滋／Bzzzt Challenge Chips》V1.202-P2P｜官方英文｜容量1.34GB,pc,game,https://pan.quark.cn/s/71b5a218b3b9,,,,
,《尘埃 5（Dirt 5）》官中简体｜容量37GB,pc,game,https://pan.quark.cn/s/dae08ec39404,,,,
,《宝莲灯：太子沉香 Lotus Lantern Rescue Mother》V20240614-P2P官中简体｜容量2.2GB,pc,game,https://pan.quark.cn/s/963f2f290b57,,,,
,《安迪和莱利的棺材（The Coffin of Andy and Leyley）》V2.0.12｜官方英文｜容量250MB,pc,game,https://pan.quark.cn/s/97e7f35e09f0,,,,
,《安妮的游戏／The Game of Annie》V0.99981｜官中｜容量13.4GB,pc,game,https://pan.quark.cn/s/2d2a572d7d11,,,,
,《大厨 Chef》V1.6官中简体｜容量2.37GB,pc,game,https://pan.quark.cn/s/829dd718b2ff,,,,
,《壁纸引擎／Wallpaper Engine》V2.5.28官中｜容量8.06GB｜,pc,game,https://pan.quark.cn/s/8638fb8c311b,,,,
,《城市规划大师／Urbek City Builder》V1.7.7｜官中｜容量414MB,pc,game,https://pan.quark.cn/s/b385f0229753,,,,
,《城市游戏工作室／City Game Studio：a tycoon about game dev》V1.19.0.RC11官中简体｜容量340MB,pc,game,https://pan.quark.cn/s/d37ae9123fdf,,,,
,《城市公交经理／City Bus Manager》v1.1.7.13整合地图包｜官中｜容量46.71GB,pc,game,https://pan.quark.cn/s/8b5c2beeb12e,,,,
,《城堡满是猫／A Castle Full of Cats》V1.08｜官中｜容量270MB,pc,game,https://pan.quark.cn/s/eb8e9195c292,,,,
,《埃尔帕索，身在他处（El Paso， Elsewhere／EL PASO ELSEWHERE）》V17｜官方英文｜容量2.41GB,pc,game,https://pan.quark.cn/s/df08d3ef4868,,,,
,《地面部队／GROUND BRANCH》v1034.12624｜官方原版英文｜容量34.3GB,pc,game,https://pan.quark.cn/s/ca6fc37ffc9d,,,,
,《地狱王座 Solium Infernum》V1.1.1P4_84436｜官中简体｜容量5GB,pc,game,https://pan.quark.cn/s/f0c9c589da8e,,,,
,《地狱王座 Solium Infernum》V1.1.1P3.84398-0XDEADCODE官中简体｜容量4GB,pc,game,https://pan.quark.cn/s/a9f3cfc74448,,,,
,《地狱卡牌／Hellcard》V1.0.240528-P2P｜官中｜容量930MB,pc,game,https://pan.quark.cn/s/72bd57216044,,,,
,《地狱仆从 Hellslave》BUILD 14768875｜官中｜容量651MB,pc,game,https://pan.quark.cn/s/5d116998cbf8,,,,
,《地牢掠夺者／Dungeon Looter》v1.01955官中简体｜容量461MB,pc,game,https://pan.quark.cn/s/df229e7fafdb,,,,
,《地心归途／Return from Core》V0.1.2.0614官中简体｜容量1.42GB,pc,game,https://pan.quark.cn/s/21af62f373ef,,,,
,《地下蚁国／Empires of the Undergrowth》V0.320034｜容量3.73GB｜官中｜5.71GB,pc,game,https://pan.quark.cn/s/9d4eecdd63a5,,,,
,《地下城争夺战／超越世界战争／War for the Overworld》V2.1.1官中简体｜容量5GB,pc,game,https://pan.quark.cn/s/29bfb31e09f9,,,,
,《地下城与勇士：决斗／地下城决斗／DNF格斗／DNF Duel Monk》v1.81整合DLC 3：战斗法师｜官中｜容量8.21GB,pc,game,https://pan.quark.cn/s/be61946d1a80,,,,
,《地下城4豪华版／Dungeons 4 Deluxe Edition》V1.5.0-P2P｜官中｜容量16GBGB,pc,game,https://pan.quark.cn/s/baceed2903eb,,,,
,《喘息2 GASPING.2》官中简体｜容量8.28GB,pc,game,https://pan.quark.cn/s/4a5b19fa4e72,,,,
,《咖啡大篷车／Coffee Caravan》BUILD 14535138官中简体｜容量305MB,pc,game,https://pan.quark.cn/s/26316e662b84,,,,
,《变色龙童绘历险／Doodle Adventure of Chameleon》官中简体｜容量1.79GB,pc,game,https://pan.quark.cn/s/c5ba608792f4,,,,
,《北欧之烬：诸神黄昏幸存者／Nordic Ashes Survivors of Ragnarok》V1.1.2｜官中｜容量673MB,pc,game,https://pan.quark.cn/s/a09c818a5b95,,,,
,《北境之地／北加尔／进化之地／北方花园／Northgard The Viking Age Edition》V3.5.10.38421｜官中｜容量4.10GB,pc,game,https://pan.quark.cn/s/3c61776184a7,,,,
,《创建者的财富（Founders Fortune）》V1.2.9官中简体｜容量3GB,pc,game,https://pan.quark.cn/s/1631b64f0e2c,,,,
,《创业谷 - 第一章／Startup Valley Adventure》V1.0.3.4官中简体｜容量5.33GB,pc,game,https://pan.quark.cn/s/2fd65f788458,,,,
,《出行路线／横冲直撞／TRAIL OUT》V3.03-small fix｜官中｜容量8GB,pc,game,https://pan.quark.cn/s/3e51e7db65d2,,,,
,《出租生涯：模拟城市驾驶／Taxi Life A City Driving Simulator》V20240617官中简体｜容量4GB｜手柄,pc,game,https://pan.quark.cn/s/fe9eccc36b94,,,,
,《出牌吧！魂之勇者 Deck Of Souls》V502官中简体｜容量1GB,pc,game,https://pan.quark.cn/s/bb1aad771165,,,,
,《出售宇宙／Universe For Sale》V1.2.0官中简体｜容量1.2GB,pc,game,https://pan.quark.cn/s/95ff0f5e608d,,,,
,《冒牌娃娃／Doll Impostor》整合Update 6官中简体｜容量4.17GB,pc,game,https://pan.quark.cn/s/2f6ec4f7a83e,,,,
,《兵团／军团／Regiments》V1.1.11CGB官中简体｜容量8.4GB,pc,game,https://pan.quark.cn/s/e80e76ea4561,,,,
,《便盆骑士传奇（Potty Knight Saga）》官中简体｜容量2.98GB,pc,game,https://pan.quark.cn/s/e875224384aa,,,,
,《低魔时代／Low Magic Age》V0.91.71.22｜官中｜容量238MB,pc,game,https://pan.quark.cn/s/149e490b1dcf,,,,
,《传染病 Contagion》V2.2.1.23｜官中｜容量13GB,pc,game,https://pan.quark.cn/s/7276b5625609,,,,
,《仓库大亨 Storage Hustle》V0.3.2官中简体｜容量2.33GB,pc,game,https://pan.quark.cn/s/77c34bcc5a15,,,,
,《东方夜雀食堂／Touhou Mystia&#39;s Izakaya／Touhou Mystias Izakaya》V4.1.2｜官中｜容量5.09GB,pc,game,https://pan.quark.cn/s/605738acf308,,,,
,《东方光耀夜／Touhou Lost Branch of Legend》V1.5.0官中简体｜容量3.2GB,pc,game,https://pan.quark.cn/s/f4b376649cb3,,,,
,《东京喰种：re CALL to EXIST／Tokyo Ghoul：re CALL to EXIST》V1.01官中繁体｜容量10GB,pc,game,https://pan.quark.cn/s/9b77d28c046f,,,,
,《丛林之中／在树林里 In Woods》V0.20.1官中繁体｜容量340MB,pc,game,https://pan.quark.cn/s/a73efad95e3e,,,,
,《不要尖叫（Don&#39;t Shout Together）》V1.0官中简体｜容量12GB,pc,game,https://pan.quark.cn/s/bfca0ad3cfe6,,,,
,《不朽之心／Never Mourn》BUILD 14408111官中简体｜容量4.54GB,pc,game,https://pan.quark.cn/s/c4efd3dc8a5f,,,,
,《不撞机：FPV无人机模拟器／Uncrashed FPV Drone Simulator》BUILD 12393320官中简体｜容量24GB｜仅支持手柄,pc,game,https://pan.quark.cn/s/d30719de4d77,,,,
,《一起玩农场 2／Farm Together 2》BUILD 20052024-0XDEADCODE联机版官中简体｜容量619MB,pc,game,https://pan.quark.cn/s/2ce946ce78cc,,,,
,《一起玩农场 2／Farm Together 2》BUILD 14771044官中简体｜容量548MB,pc,game,https://pan.quark.cn/s/0b47ec7069e9,,,,
,《YOIYAMI DANCERS：TWILIGHT DANMAKU DANCERS／暮色舞蹈家：黄昏弹幕舞蹈家》V1.3.3｜官方英文｜容量240MB,pc,game,https://pan.quark.cn/s/92ca7006d38e,,,,
,《X入侵者／X Invader》V0.8.5｜官中｜容量387MB,pc,game,https://pan.quark.cn/s/ec47de4ab481,,,,
,《X4：基石／X4：基奠／X4：Foundations》7.00（534380）时间线｜集成DLCs｜容量30.1GB｜官中｜修改器｜赠原声音乐｜赠小说｜壁纸｜赠美术书｜赠百科全书,pc,game,https://pan.quark.cn/s/e92d4063983e,,,,
,《With My Past 往事伴我》v1.0.4官中简体｜容量1.44GB,pc,game,https://pan.quark.cn/s/697f71674038,,,,
,《Wicce》V6790139官中简体｜容量419MB,pc,game,https://pan.quark.cn/s/c69992754ab9,,,,
,《Valheim：英灵神殿／VALHEIM HILDIRS REQUEST》V0.218.15B｜官中｜修改器｜容量1.46GB,pc,game,https://pan.quark.cn/s/fc04b96f26f3,,,,
,《U型潜艇／德国水手／UBOAT》v2024.1 Preview 12官中简体｜容量64GB,pc,game,https://pan.quark.cn/s/a94e25447491,,,,
,《UNDYING／苏醒之路》V1.0.2.41525｜官中｜容量1.4GB,pc,game,https://pan.quark.cn/s/96cfc3c4fa63,,,,
,《TRYP FPV 无人机赛车模拟器 TRYP FPV The Drone Racer Simulator》BUILD 13033107官中简体｜容量12GB ｜手柄,pc,game,https://pan.quark.cn/s/51730fb28fa3,,,,
,《Thomas Was Alone —— 托马斯不再孤单》V309510｜官方英文｜容量284MB,pc,game,https://pan.quark.cn/s/83955c13d51c,,,,
,《THE DARK FOREST》｜官方英文｜容量209MB,pc,game,https://pan.quark.cn/s/773cac6b543f,,,,
,《Tamer Vale》V1.8.2｜官中｜容量300MB,pc,game,https://pan.quark.cn/s/2f5dba48e916,,,,
,《SGS 霸主（SGS Overlord）》v20240606官中简体｜容量1.12GB,pc,game,https://pan.quark.cn/s/f645f663e029,,,,
,《SCUM／人渣》V0.9.536.86452 EARLY ACCESS｜官中｜修改器｜容量68.29GB,pc,game,https://pan.quark.cn/s/a6b681a72aeb,,,,
,《Salthe 莎尔蒂》V1.0C官中繁体｜容量4.3GB,pc,game,https://pan.quark.cn/s/9e38f3abddc8,,,,
,《Retrowave》BUILD 11766090官中简体｜容量3.69GB,pc,game,https://pan.quark.cn/s/6036b70add39,,,,
,《pureya》V1.3.0官中简体｜容量160MB,pc,game,https://pan.quark.cn/s/a8c1eb8e65b8,,,,
,《PC大亨2／pc大亨2／PC Tycoon 2》v1.2.8官中简体｜容量732MB,pc,game,https://pan.quark.cn/s/5171fdb937d7,,,,
,《PC Building Simulator 2 装机模拟器2》V1.85.17.HF｜官中｜支持键鼠.手柄｜赠多项修改器｜容量28.2GB,pc,game,https://pan.quark.cn/s/d4c7b381237b,,,,
,《NOISZ》BUILD 12442477官中简体｜容量802MB,pc,game,https://pan.quark.cn/s/9f94101624d3,,,,
,《Nienix：宇宙战争／Nienix：Cosmic Warfare／Nienix Cosmic Warfare》V1.082｜官中｜容量990MB,pc,game,https://pan.quark.cn/s/28b3aa6a23a2,,,,
,《Nevergrind Online》0.22.23官中简体｜容量790MB,pc,game,https://pan.quark.cn/s/7beacc0da64e,,,,
,《Moss》BUILD 12525448｜官中｜支持键鼠.手柄｜容量8.1GB,pc,game,https://pan.quark.cn/s/03e86a4abc34,,,,
,《MMORPG 大亨 2（MMORPG Tycoon 2）》Build.14622187｜官中｜容量80MB,pc,game,https://pan.quark.cn/s/2834ad7adc97,,,,
,《Long Way》v0.9官中简体｜容量10GB,pc,game,https://pan.quark.cn/s/9bf50deb093d,,,,
,《Kamaeru：世蛙桃源》build n°6.7官中简体｜容量569MB,pc,game,https://pan.quark.cn/s/58f6a634c6f5,,,,
,《JustAxe》TENOKE｜官方英文｜容量1.95GB,pc,game,https://pan.quark.cn/s/af6944fb55e8,,,,
,《Jrago II 伊甸园的守护者》官中简体｜容量2.51GB,pc,game,https://pan.quark.cn/s/80b23417133e,,,,
,《IT 服务公司／ServiceIT You can do IT》V0.3.0官中简体｜容量9GB,pc,game,https://pan.quark.cn/s/16f079612891,,,,
,《HAELE 3D Feet Poser Pro／健康3D 足控专家》v99 2024.08.08官中简体｜容量72MB,pc,game,https://pan.quark.cn/s/3750a252d258,,,,
,《Fork Road》官中繁体｜容量8.3GB,pc,game,https://pan.quark.cn/s/29fb533e4253,,,,
,《FORGE SIMULATOR》官中简体｜容量3GB,pc,game,https://pan.quark.cn/s/67f5ce4df966,,,,
,《Forest Of Fear》官中简体｜容量3.98GB,pc,game,https://pan.quark.cn/s/1b86bc2c32b1,,,,
,《Fate ／ 武士遗迹（Fate／Samurai Remnant／FATE SAMURAI REMNANT）》1.3.1｜官中｜容量21GB,pc,game,https://pan.quark.cn/s/af9ea4924d1f,,,,
,《EXZEAL》V1.0.3官中简体｜容量93.87MB,pc,game,https://pan.quark.cn/s/a24a25fc9990,,,,
,《ELIN》Beta 22.21官中简体｜容量2.37GB,pc,game,https://pan.quark.cn/s/dfd9993423d8,,,,
,《DreamWorks 小马精灵 乐琪的大冒险／DreamWorks Spirit Luckys Big Adventure》v1.0.0r4官中简体｜容量4.27GB,pc,game,https://pan.quark.cn/s/0936dd9590da,,,,
,《DEBUG女友／Debug Girl》v1.0.1官中简体｜容量1.81GB,pc,game,https://pan.quark.cn/s/86268e335001,,,,
,《Cosmoteer：星际飞船设计师兼舰长／Cosmoteer Starship Architect & Commander》V0.26.1G｜官中｜容量1.36GB,pc,game,https://pan.quark.cn/s/983f53a4dd9d,,,,
,《CD 2：陷阱大师／CD 2 Trap Master》V1.0.5-P2P官中简体｜容量1.23GB,pc,game,https://pan.quark.cn/s/b22e434de726,,,,
,《BOSS研习社／BossCrafter》｜官方英文｜容量3.03GB,pc,game,https://pan.quark.cn/s/ecb3d9e92b52,,,,
,《BOND》官中简体｜容量56MB,pc,game,https://pan.quark.cn/s/1d0f228c3672,,,,
,《BLUD》SKIDROW官中简体｜容量7.88GB,pc,game,https://pan.quark.cn/s/a83c1df00d96,,,,
,《ALTF42：友谊万岁》V2.0.1官中简体｜容量19GB,pc,game,https://pan.quark.cn/s/228213f5c9c9,,,,
,《Abiotic Factor 非生物因素》V0.8.10012官中简体｜容量3.69GB,pc,game,https://pan.quark.cn/s/dee8786caaf7,,,,
,《8号站台／８番のりば（Platform 8）》v1.1.1官中简体｜容量1.62GB,pc,game,https://pan.quark.cn/s/33f80fae9970,,,,
,《3D Kubikon 立方体（Kubikon 3D）》V1.0.12官中简体｜容量150MB,pc,game,https://pan.quark.cn/s/7495ad58a792,,,,
,《30XX》V1.2.6-P2P｜官中｜容量3.63GB,pc,game,https://pan.quark.cn/s/e477c2fef10d,,,,
,《10，000，000》官中简体｜容量86.93MB,pc,game,https://pan.quark.cn/s/3e34d4b3054d,,,,
,《1000x抵抗（1000xResist）》V1.15554官中繁体｜容量8.08GB,pc,game,https://pan.quark.cn/s/6fff11a014b0,,,,
,霓虹白客／Neon White 游戏大小 2.7GB 游戏版本 v1.0r1.3,pc,game,https://pan.quark.cn/s/7f70a13abd2e,,,,
,超级鸡马 游戏大小 680MB 游戏版本 v1.10.06,pc,game,https://pan.quark.cn/s/6756946fa6c6,,,,
,莱莎的炼金工房3 游戏大小 31GB 游戏版本 v1.6.0.0,pc,game,https://pan.quark.cn/s/4a1d6773c974,,,,
,绯红结系 游戏大小 18.4GB 游戏版本 v1.08,pc,game,https://pan.quark.cn/s/b4f4400716f1,,,,
,死亡循环／DEATHLOOP 游戏大小 30.8GB 游戏版本 v1.769.0.5,pc,game,https://pan.quark.cn/s/1679f5f44be8,,,,
,战地风云3 游戏大小 20.4GB 游戏版本 v1.6.0,pc,game,https://pan.quark.cn/s/77b7a967dc71,,,,
,家园-重建王国 游戏大小 780MB 游戏版本 v2.2.8.79,pc,game,https://pan.quark.cn/s/51a65f7aac46,,,,
,城市汽车驾驶 游戏大小 4.7GB 游戏版本 v1.5.9.2,pc,game,https://pan.quark.cn/s/1951b51793bd,,,,
,地狱边境／Limbo 游戏大小 84MB 游戏版本 v20230109,pc,game,https://pan.quark.cn/s/0501473c9131,,,,
,勇者斗恶龙11S 寻觅逝去的时光 游戏大小 29.4GB,pc,game,https://pan.quark.cn/s/a28be0fbf6e3,,,,
,黑暗之魂 重制版 游戏大小 6.9GB 游戏版本 v1.04,pc,game,https://pan.quark.cn/s/e34624a377e9,,,,
,迈阿密热线 游戏大小 520MB 游戏版本 v20140221,pc,game,https://pan.quark.cn/s/04f74f511e86,,,,
,迈阿密热线2：空号 游戏大小 580MB,pc,game,https://pan.quark.cn/s/deef81ee6021,,,,
,西奥小镇 游戏大小 130MB 游戏版本 v1.11.03p,pc,game,https://pan.quark.cn/s/337790c4c4da,,,,
,美少女万华镜-理与迷宫的少女 游戏大小 5.2GB 游戏版本 v1.01,pc,game,https://pan.quark.cn/s/94caa974c353,,,,
,真?三国无双7 猛将传 游戏大小 21GB,pc,game,https://pan.quark.cn/s/d4b5b53297e5,,,,
,真?三国无双7 帝国 游戏大小 14.4GB,pc,game,https://pan.quark.cn/s/db0c0f5811be,,,,
,百战天虫：战争武器／Worms W.M.D 游戏大小 1.6GB 游戏版本 v1637,pc,game,https://pan.quark.cn/s/daacf8a2f31b,,,,
,白日梦的构想图 游戏大小 4.2GB 游戏版本 v1.1,pc,game,https://pan.quark.cn/s/bd45b20133b3,,,,
,烟火／Firework 游戏大小 870MB 游戏版本 Build.7840723,pc,game,https://pan.quark.cn/s/24c97c305dc6,,,,
,死亡回归 游戏大小 53.4GB 游戏版本 v20230425,pc,game,https://pan.quark.cn/s/a434c9b2c0bd,,,,
,歧路旅人 游戏大小 3.1GB 游戏版本 Build.5272616,pc,game,https://pan.quark.cn/s/014f81645b9a,,,,
,星空列车与白的旅行 游戏大小 1.2GB,pc,game,https://pan.quark.cn/s/f158b55be9d9,,,,
,战地风云1 游戏大小 26GB 游戏版本 v9198,pc,game,https://pan.quark.cn/s/2ae012097ccb,,,,
,小缇娜的奇幻之地 游戏大小 49GB 游戏版本 Build.20042023,pc,game,https://pan.quark.cn/s/ba66a6b35e05,,,,
,如龙7：光与暗的去向 游戏大小 39.6GB 游戏版本 v1.009,pc,game,https://pan.quark.cn/s/adbfbb7d8bdf,,,,
,使命召唤5：战争世界 游戏大小 6.4GB 游戏版本 v1.7.1263,pc,game,https://pan.quark.cn/s/f2bc95539971,,,,
,仁王 完全版 游戏大小 46.2GB 游戏版本 v1.24.01,pc,game,https://pan.quark.cn/s/f53f687ca970,,,,
,三伏／Sanfu 游戏大小 980MB 游戏版本 Build.11788690,pc,game,https://pan.quark.cn/s/8535f9706ba2,,,,
,OPUS：龙脉常歌-最终版 游戏大小 1.5GB 游戏版本 v2.5.6.18,pc,game,https://pan.quark.cn/s/8bf7b954b2b8,,,,
,实况足球 2021 游戏大小 38.6GB 游戏版本 v1.01.00,pc,game,https://pan.quark.cn/s/4e85a1965f53,,,,
,丧尸围城3 游戏大小 26.5GB 游戏版本 v1.0.0.6,pc,game,https://pan.quark.cn/s/1b968b4b6344,,,,
,全面战争：三国 游戏大小 34GB 游戏版本 v1.5.3,pc,game,https://pan.quark.cn/s/fb0bb0d9951e,,,,
,饿殍：明末千里行 v1.20 900MB,pc,game,https://pan.quark.cn/s/6584123af388,,,,
,黑兽?改 游戏大小 3.4GB,pc,game,https://pan.quark.cn/s/28eca49c653c,,,,
,食人鲨 游戏大小 17.5GB 游戏版本 v2022.10.17,pc,game,https://pan.quark.cn/s/272951b347ba,,,,
,面容／Visage 游戏大小 7.7GB 游戏版本 v3.04,pc,game,https://pan.quark.cn/s/9706fede3393,,,,
,零：濡鸦之巫女 游戏大小 14.4GB 游戏版本 v1.0.0.4,pc,game,https://pan.quark.cn/s/0302cf48fa49,,,,
,逃生2 游戏大小 22.2GB 游戏版本 v19597,pc,game,https://pan.quark.cn/s/e45db7c15b53,,,,
,蝙蝠侠：阿卡姆骑士 游戏大小52GB,pc,game,https://pan.quark.cn/s/96d7c2097abc,,,,
,苦主救助中心 游戏大小 420MB 游戏版本 v23.02.08,pc,game,https://pan.quark.cn/s/62baf0dce4b4,,,,
,苦主救助中心3 游戏大小 800MB 游戏版本 v230425,pc,game,https://pan.quark.cn/s/ddd08b46c8a0,,,,
,艾希／ICEY 游戏大小 1.2GB 游戏版本 v22.10.2022,pc,game,https://pan.quark.cn/s/1a174078ff0b,,,,
,职场狂想曲 游戏大小 740MB 游戏版本 v2.0.9.1,pc,game,https://pan.quark.cn/s/1bf370a56d75,,,,
,网吧模拟器2 游戏大小 2.3GB 游戏版本 v1.2.5,pc,game,https://pan.quark.cn/s/dd7a71bf63ba,,,,
,神话传记2：红颜知己 游戏大小 390MB,pc,game,https://pan.quark.cn/s/4409e58066fa,,,,
,神话传记：仙女 游戏大小 260MB,pc,game,https://pan.quark.cn/s/aa0e15e58acb,,,,
,真?三国无双8 游戏大小 44.6GB,pc,game,https://pan.quark.cn/s/f24a64c0df56,,,,
,监狱建筑师／Prison Architect 游戏大小 720MB 游戏版本 v230517,pc,game,https://pan.quark.cn/s/86ef01b9b9fe,,,,
,瘟疫传说：无罪 游戏大小 11.6GB 游戏版本 v1.07,pc,game,https://pan.quark.cn/s/9b53b925c157,,,,
,瘟疫传说：安魂曲 游戏大小 49.5GB 游戏版本 v1.6.0.0,pc,game,https://pan.quark.cn/s/ef6994318dbd,,,,
,疑案追声 游戏大小 2.8GB 游戏版本 Build.10520507,pc,game,https://pan.quark.cn/s/398d115c3e59,,,,
,生化危机7 游戏大小 37GB 游戏版本 v04272023,pc,game,https://pan.quark.cn/s/d083eb6214a3,,,,
,生化危机6 游戏大小 17GB 游戏版本 v1.1.0,pc,game,https://pan.quark.cn/s/0f716cc0ff14,,,,
,生化危机5 游戏大小 8.4GB 游戏版本 v1.2.0,pc,game,https://pan.quark.cn/s/c6e516371df8,,,,
,狂野之心 机巧版 游戏大小 68.7GB 游戏版本 v1.1.1,pc,game,https://pan.quark.cn/s/85dd4602fd8c,,,,
,灵魂能力6 游戏大小 10.3GB 游戏版本 v02.31.01,pc,game,https://pan.quark.cn/s/40a5448e8a59,,,,
,火山的女儿 游戏大小 1.2GB 游戏版本 v2.01.05,pc,game,https://pan.quark.cn/s/0a4cf9c0bab4,,,,
,漫威银河护卫队 游戏大小 40.3GB 游戏版本 v2984448,pc,game,https://pan.quark.cn/s/cf82d8479f72,,,,
,港诡实录 游戏大小 5.3GB 游戏版本 v1.04,pc,game,https://pan.quark.cn/s/7babec7ffaa5,,,,
,深入／INSIDE 游戏大小 1.3GB,pc,game,https://pan.quark.cn/s/83059f4b4bf5,,,,
,海贼王：时光旅诗 游戏大小 30GB 游戏版本 v1.0,pc,game,https://pan.quark.cn/s/c9650c96acc2,,,,
,沃尔森：破坏领主 游戏大小 27.8GB 游戏版本 v1.1.7.16,pc,game,https://pan.quark.cn/s/46c5d817b279,,,,
,残秽的我们2：普渡慈航 游戏大小 1.8GB 游戏版本 v230614,pc,game,https://pan.quark.cn/s/3e176fccbb41,,,,
,死亡岛2 游戏大小 46GB 游戏版本 v230716,pc,game,https://pan.quark.cn/s/7b7b5e8cc2e1,,,,
,正当防卫4 游戏大小 71.4GB,pc,game,https://pan.quark.cn/s/7e34a378cda8,,,,
,欺诈之地 游戏大小 4.8GB,pc,game,https://pan.quark.cn/s/12ec2b6864b8,,,,
,柯娜：精神之桥 游戏大小 23.5GB 游戏版本 v2.08,pc,game,https://pan.quark.cn/s/c324cae8f447,,,,
,杀手6 游戏大小 70.8GB 游戏版本 v1.15.0,pc,game,https://pan.quark.cn/s/2a1fcfdf7f20,,,,
,最终幻想起源：天堂的陌生人 游戏大小 85GB 游戏版本 v1.32,pc,game,https://pan.quark.cn/s/d642c616a4b6,,,,
,星光咖啡馆与死神之蝶 游戏大小 8.7GB 游戏版本 v1.31,pc,game,https://pan.quark.cn/s/63fa21ec9c06,,,,
,无主之地3 导演剪辑版 游戏大小 136GB 游戏版本 v20210805,pc,game,https://pan.quark.cn/s/a25e10d962e9,,,,
,控制：终极合辑／Control 游戏大小 23GB,pc,game,https://pan.quark.cn/s/ba3ce9444457,,,,
,拣爱 游戏大小 180MB 游戏版本 Build.10471501,pc,game,https://pan.quark.cn/s/8fd247d4ad40,,,,
,战争机器5 游戏大小 105GB 游戏版本 v1.1.97.0,pc,game,https://pan.quark.cn/s/9419a2fb8cc5,,,,
,恶灵附身2 游戏大小：34.3GB 游戏版本：v1.05,pc,game,https://pan.quark.cn/s/3f3fa888c2ed,,,,
,废墟图书馆 游戏版本：v1.1.0.6a13  游戏大小：3.3GB,pc,game,https://pan.quark.cn/s/27ad70c5544b,,,,
,幽灵行者 游戏版本：v42507 游戏大小：17.8GB,pc,game,https://pan.quark.cn/s/424abb315dab,,,,
,幽浮2／XCOM2 游戏大小：70GB,pc,game,https://pan.quark.cn/s/3a8905396337,,,,
,寒霜朋克／冰汽时代 游戏版本：v1.6.2 游戏大小：10GB,pc,game,https://pan.quark.cn/s/10a554037469,,,,
,夺命邮差2／喋血街头2 版本：v5100 大小：3.4GB,pc,game,https://pan.quark.cn/s/e39cd0d99283,,,,
,天国：拯救 版本：v1.9.6.404.504 大小：59GB,pc,game,https://pan.quark.cn/s/37617a0841bf,,,,
,地铁：离去 版本：v3.0.8.39 大小：102.8GB,pc,game,https://pan.quark.cn/s/f13097950446,,,,
,四海兄弟3：最终版 版本：v1.0.1 大小：53.4GB,pc,game,https://pan.quark.cn/s/b5dd1b52a88d,,,,
,合金装备崛起：复仇 大小：26GB,pc,game,https://pan.quark.cn/s/b24c4ad4a3f3,,,,
,古剑奇谭3 版本：v.2.0.890 大小：34.4GB,pc,game,https://pan.quark.cn/s/bb6a9298d6da,,,,
,原点计划 版本：v1.0.11c 大小：120MB,pc,game,https://pan.quark.cn/s/6899f381baf1,,,,
,原子之心 37GB,pc,game,https://pan.quark.cn/s/6260b36eda24,,,,
,光环：无限 版本：v6.10020.17952.0 大小：32.8GB,pc,game,https://pan.quark.cn/s/ea797d26625b,,,,
,光环：士官长合集 v1.3232 105GB,pc,game,https://pan.quark.cn/s/86aa71ba3404,,,,
,僵尸毁灭工程 v40.9 1.1GB,pc,game,https://pan.quark.cn/s/657216426285,,,,
,侏罗纪世界：进化2 v1.3.1.36069 12.1GB,pc,game,https://pan.quark.cn/s/d257494c7239,,,,
,使命召唤4：现代战争 v1.7.568 6.5GB,pc,game,https://pan.quark.cn/s/722cb2bf0e8c,,,,
,仙剑奇侠传7 v2.0.1 43.4GB,pc,game,https://pan.quark.cn/s/30d9b84303e9,,,,
,了不起的修仙模拟器 游戏大小 1.3GB 游戏版本 v1.24,pc,game,https://pan.quark.cn/s/f58550e327b1,,,,
,中国式家长 游戏大小 400MB 游戏版本 v2.0.0.3,pc,game,https://pan.quark.cn/s/77b0cb2ccc1a,,,,
,丧尸围城4 游戏大小 61.7GB,pc,game,https://pan.quark.cn/s/7576861775a2,,,,
,不双修就去世 游戏大小 1.9GB 游戏版本 v1216,pc,game,https://pan.quark.cn/s/66ec3311a74f,,,,
,三国群英传7 游戏大小 1.5GB 游戏版本 v1.2.2.0,pc,game,https://pan.quark.cn/s/19e52f861abd,,,,
,三国志14.威力加强版 游戏大小 18GB 游戏版本 v1.0.10,pc,game,https://pan.quark.cn/s/962c8d8207b7,,,,
,三位一体4.梦魇王子 游戏大小 16.3GB 游戏版本 v23.07.03,pc,game,https://pan.quark.cn/s/fd9b5a39d449,,,,
,FIFA 19 官中 游戏大小 48.6GB,pc,game,https://pan.quark.cn/s/adb03c46203a,,,,
,安卓手游-霸王忍法帖V1.2.0,安卓,game,https://pan.quark.cn/s/8ed2441f0e9e,,,,
,安卓手游-传奇TD 史诗塔防御V1.2.5,安卓,game,https://pan.quark.cn/s/3d9a7580e16b,,,,
,安卓手游-灌篮高手像素版v1.09.52,安卓,game,https://pan.quark.cn/s/71b0ce3c37d0,,,,
,安卓手游-口袋盗贼：终极版V1.37.4 （MOD菜单）中文版,安卓,game,https://pan.quark.cn/s/5db5c0239616,,,,
,安卓手游-灵魂猎手V1.1.2,安卓,game,https://pan.quark.cn/s/905aa73c2956,,,,
,安卓手游-雷曼嘉年华v1.4.2,安卓,game,https://pan.quark.cn/s/1757c72e61f3,,,,
,安卓手游-魔能：方碑之巫(巫师也平板)V1.4.3,安卓,game,https://pan.quark.cn/s/a5ca9b4f4be8,,,,
,安卓手游-维克罗V1.2.7,安卓,game,https://pan.quark.cn/s/9c79d0e9c41a,,,,
,安卓手游-像素世界杯足球赛v1b306,安卓,game,https://pan.quark.cn/s/13fabb820781,,,,
,安卓手游-越野大师4x4模拟V2.22,安卓,game,https://pan.quark.cn/s/e358693f3502,,,,
,安卓手游-炸弹猫V1.2.3,安卓,game,https://pan.quark.cn/s/3023ddd93783,,,,
,安卓手游-章鱼博士 开放世界V8.0.0,安卓,game,https://pan.quark.cn/s/507fe6dd2c95,,,,
,steam移植手游-1998收费员的故事V1.0.5m,安卓,game,https://pan.quark.cn/s/35c15ea7d96f,,,,
,steam移植手游-奥尼罗v1.3.8,安卓,game,https://pan.quark.cn/s/e985b0e6f860,,,,
,steam移植手游-不要喂猴子V1.0.77,安卓,game,https://pan.quark.cn/s/5af059dc84ae,,,,
,steam移植手游-茶杯头V1.0.3+DLC,安卓,game,https://pan.quark.cn/s/b9c02bdae9f6,,,,
,steam移植手游-沉船遗礼v1.1.25,安卓,game,https://pan.quark.cn/s/ee702393f17f,,,,
,steam移植手游-超级食肉男孩v6755.1849.1962.1020,安卓,game,https://pan.quark.cn/s/952004dd2c58,,,,
,steam移植手游-恶魔城月下夜想曲V1.0.6,安卓,game,https://pan.quark.cn/s/a83cd63a330c,,,,
,steam移植手游-疯狂之墙2V1.3,安卓,game,https://pan.quark.cn/s/44686e08db46,,,,
,steam移植手游-高殿战记V1.0.1,安卓,game,https://pan.quark.cn/s/8dd84a576b7c,,,,
,steam移植手游-孤帆远航V1.53,安卓,game,https://pan.quark.cn/s/6a2e7f6d43d9,,,,
,steam移植手游-格里克阿祖尔的回忆V1.2.10,安卓,game,https://pan.quark.cn/s/8834014de697,,,,
,steam移植手游-共鸣之心v2.03.30,安卓,game,https://pan.quark.cn/s/370d1b0cc630,,,,
,steam移植手游-钢铁六角V8.0.7,安卓,game,https://pan.quark.cn/s/8bbb573df3c6,,,,
,steam移植手游-劫后公司V1.7.4,安卓,game,https://pan.quark.cn/s/86bbf0802579,,,,
,steam移植手游-九夜刺狼V2.0,安卓,game,https://pan.quark.cn/s/3ee87831f8a0,,,,
,steam移植手游-极渊V2.62,安卓,game,https://pan.quark.cn/s/34fbe31625cd,,,,
,steam移植手游-克苏鲁异闻录V1.46,安卓,game,https://pan.quark.cn/s/64323cd9c44a,,,,
,steam移植手游-了不起的修仙模拟器V1.2.0,安卓,game,https://pan.quark.cn/s/5f7746d968df,,,,
,steam移植手游-老人的旅程(回忆之旅)V1.22,安卓,game,https://pan.quark.cn/s/1f720e5e83f7,,,,
,steam移植手游-迈阿密热线V1.0.160,安卓,game,https://pan.quark.cn/s/3116e32b2b52,,,,
,steam移植手游-猫咪卡牌PawkerV1.0.5,安卓,game,https://pan.quark.cn/s/6c5ccd5ded2b,,,,
,steam移植手游-喵斯快跑v5.9.0,安卓,game,https://pan.quark.cn/s/3978bbce6973,,,,
,steam移植手游-是的陛下(遵命陛下)v1.0.991,安卓,game,https://pan.quark.cn/s/bb815d3c0aea,,,,
,steam移植手游-史莱姆3K反抗暴君1.2.5,安卓,game,https://pan.quark.cn/s/1e645b34096f,,,,
,steam移植手游-神骰传说V9.0,安卓,game,https://pan.quark.cn/s/facdac96c94c,,,,
,steam移植手游-土豆兄弟V1.3.335,安卓,game,https://pan.quark.cn/s/c47a12e8de45,,,,
,steam移植手游-托兹哈之夜炼金术士团v1.0.2.2,安卓,game,https://pan.quark.cn/s/8b517cb2a257,,,,
,steam移植手游-兔子跳跃V1.0.1,安卓,game,https://pan.quark.cn/s/07d8998c398d,,,,
,steam移植手游-王国两位君主V2.3.0,安卓,game,https://pan.quark.cn/s/b9c8fbb26aa6,,,,
,steam移植手游-我是猴子v1.0.2,安卓,game,https://pan.quark.cn/s/88b0ca0677e8,,,,
,steam移植手游-WWE2K25V0.946.5,安卓,game,https://pan.quark.cn/s/70dad7cd0d75,,,,
,steam移植手游-无主之地传说v1.74,安卓,game,https://pan.quark.cn/s/1988d36f84fd,,,,
,steam移植手游-雪居之地v1.2.4,安卓,game,https://pan.quark.cn/s/9aad3d6f59c7,,,,
,steam移植手游-吸血鬼幸存者V1.14.105,安卓,game,https://pan.quark.cn/s/cdf0f3f70218,,,,
,steam移植手游-原界之罪（格里姆瓦勒)V1.2.11,安卓,game,https://pan.quark.cn/s/6358446f273f,,,,
,steam移植手游-一路V1.0.41,安卓,game,https://pan.quark.cn/s/bb241887f76d,,,,
,steam移植手游-炸弹鸡V44,安卓,game,https://pan.quark.cn/s/3ad1aa3b3591,,,,
,steam移植手游-绽放传说2V3.0,安卓,game,https://pan.quark.cn/s/8778f6198f05,,,,
,steam移植手游-终极对决V1.6.5,安卓,game,https://pan.quark.cn/s/90f71f143fd5,,,,
,steam移植手游-足球经理2026v26.0.0,安卓,game,https://pan.quark.cn/s/7452009b79b2,,,,
,奥尼罗手机版,安卓,game,https://pan.quark.cn/s/3c208a25daf6,,,,
,巫师之昆特牌王权的陨落,安卓,game,https://pan.quark.cn/s/ac11affbed39,,,,
,《饥荒：海难》中文手机版,安卓,game,https://pan.quark.cn/s/a38b2068dac4,,,,
,《塔防统治》中文手机版,安卓,game,https://pan.quark.cn/s/22a990d39aff,,,,
,【独家优化】《北境之地Northgard》中文手机版,安卓,game,https://pan.quark.cn/s/8882cb975b51,,,,
,【独家优化】《波斯王子：失落的王冠》中文手机版,安卓,game,https://pan.quark.cn/s/47dbb4bf1fa3,,,,
,【独家优化】《钢铁战队》中文手机版,安卓,game,https://pan.quark.cn/s/15d9812e03dd,,,,
,【独家优化】《吸血鬼幸存者》中文手机MOD版（金币不消耗）,安卓,game,https://pan.quark.cn/s/d158336f507d,,,,
,【飞星独家优化】《光明记忆无限》中文手机版,安卓,game,https://pan.quark.cn/s/ada0e348c832,,,,
,【飞星独家优化】《罪恶都市-终极高清手机版》中文,安卓,game,https://pan.quark.cn/s/3f541c3451fc,,,,
,[安卓]木筏求生 v328 [完整版] -飞星（官中）,安卓,game,https://pan.quark.cn/s/6c2e11382066,,,,
,愤怒的小鸟嘉年华版_无限内购【断网进】,安卓,game,https://pan.quark.cn/s/3066d9f2535a,,,,
,安卓手游-狂野飙车9V1.2.1中文版,安卓,game,https://pan.quark.cn/s/9c0dd7cfc013,,,,
,安卓手游-阿尔莫拉岛V1.2.21,安卓,game,https://pan.quark.cn/s/b99ddcd1cf2e,,,,
,安卓手游-暗影之子v0.5.17,安卓,game,https://pan.quark.cn/s/56bf59eac06a,,,,
,安卓手游-超进化精灵2v1.5.6,安卓,game,https://pan.quark.cn/s/397ef7ce2f76,,,,
,安卓手游-传奇TD 史诗塔防御V1.2.5,安卓,game,https://pan.quark.cn/s/c817c548a3f3,,,,
,安卓手游-打倒白雪公主!乌拉!v1.5.108,安卓,game,https://pan.quark.cn/s/12a4a1706347,,,,
,安卓手游-堕落者 死而复生V0.62.0,安卓,game,https://pan.quark.cn/s/2bc1d8d5c82a,,,,
,安卓手游-地牢制造者菜单版,安卓,game,https://pan.quark.cn/s/18e307a380ed,,,,
,安卓手游-二战英雄V1.09,安卓,game,https://pan.quark.cn/s/86cf1dc15045,,,,
,安卓手游-黑暗崛起汉化版,安卓,game,https://pan.quark.cn/s/e79508fdd230,,,,
,安卓手游-黑神话像素版0.9,安卓,game,https://pan.quark.cn/s/66fdd349b995,,,,
,安卓手游-坚不可摧 生存V0.21,安卓,game,https://pan.quark.cn/s/a06d49af0fac,,,,
,安卓手游-饥饿鲨：进化v13.5.4,安卓,game,https://pan.quark.cn/s/6566179e9e25,,,,
,安卓手游-迷你空管高级版v1.0.191,安卓,game,https://pan.quark.cn/s/94e37f9f5183,,,,
,安卓手游-欧洲前线V1.0.4,安卓,game,https://pan.quark.cn/s/7e668bee1a1c,,,,
,安卓手游-曲奇必死V2.0.99,安卓,game,https://pan.quark.cn/s/a71409fb2961,,,,
,安卓手游-生化险境 生存兵种V1.2.2,安卓,game,https://pan.quark.cn/s/35b2dc1f4c9c,,,,
,安卓手游-死亡威胁僵尸战争V4.2.8,安卓,game,https://pan.quark.cn/s/aaacd35d51f7,,,,
,安卓手游-兔子跳跃v1.0.1,安卓,game,https://pan.quark.cn/s/9e7ccd215a2d,,,,
,安卓手游-永恒之金v1.43.52,安卓,game,https://pan.quark.cn/s/4559d9b033ad,,,,
,安卓手游-越野大师4x4模拟V2.22,安卓,game,https://pan.quark.cn/s/7acef494b58e,,,,
,安卓手游-憎恨之心 亡者归来V1.0,安卓,game,https://pan.quark.cn/s/6304309008e8,,,,
,大战争：战争之路,安卓,game,https://pan.quark.cn/s/92e3dcbdcf09,,,,
,合成花园,安卓,game,https://pan.quark.cn/s/dab1bf821175,,,,
,炮塔防御之王,安卓,game,https://pan.quark.cn/s/f99ba295eef1,,,,
,四海枭雄·战舰风暴,安卓,game,https://pan.quark.cn/s/302306500034,,,,
,steam移植手游-班迪：孤狼V2.0.0,安卓,game,https://pan.quark.cn/s/b5825e2340d0,,,,
,steam移植手游-波斯王子失落的王冠V1.1.7,安卓,game,https://pan.quark.cn/s/a9174494dc84,,,,
,steam移植手游-尘埃霓虹v1.3.3,安卓,game,https://pan.quark.cn/s/514b9958f3ae,,,,
,steam移植手游-第九黎明v1.193,安卓,game,https://pan.quark.cn/s/1e9347b97635,,,,
,steam移植手游-岛民 新天地V1.0,安卓,game,https://pan.quark.cn/s/2a222d4722a3,,,,
,steam移植手游-F1漂移赛车V1.0.1,安卓,game,https://pan.quark.cn/s/de5d409363c1,,,,
,steam移植手游-方舟终极版v1.0 b27,安卓,game,https://pan.quark.cn/s/3a03c9c59c29,,,,
,steam移植手游-光明记忆无限V1.31,安卓,game,https://pan.quark.cn/s/3910c9aac726,,,,
,steam移植手游-GTA三部曲重制版(11.13更新),安卓,game,https://pan.quark.cn/s/aed6db383f63,,,,
,steam移植手游-海洋守护者 穹顶生存V0.6.10,安卓,game,https://pan.quark.cn/s/fb61ed14d232,,,,
,steam移植手游-极乐迪斯科v491_CL12356-[29334944],安卓,game,https://pan.quark.cn/s/3c51ab592513,,,,
,steam移植手游-极品飞车14V2.0.28,安卓,game,https://pan.quark.cn/s/efd089905773,,,,
,steam移植手游-骷髅复仇者V1.0.7.4,安卓,game,https://pan.quark.cn/s/8341d72dd4cd,,,,
,steam移植手游-苦痛殿堂v1.0.1079,安卓,game,https://pan.quark.cn/s/04ec6d5677c9,,,,
,steam移植手游-蜡笔小新我与博士的暑假v1.0.2,安卓,game,https://pan.quark.cn/s/3b23808f6bd0,,,,
,steam移植手游-拉杆英雄V1.2.1,安卓,game,https://pan.quark.cn/s/cbb2bbc7ec65,,,,
,steam移植手游-六面神谕v1.2.785,安卓,game,https://pan.quark.cn/s/bb4c5fc72020,,,,
,steam移植手游-猫咪斗恶龙v1.2.15,安卓,game,https://pan.quark.cn/s/6caa41e17a33,,,,
,steam移植手游-霓虹铬V1.1.3.009,安卓,game,https://pan.quark.cn/s/d13866278394,,,,
,steam移植手游-拳击俱乐部V1.37,安卓,game,https://pan.quark.cn/s/871c70d66e98,,,,
,steam移植手游-全球飞行模拟器v01.05.09.04,安卓,game,https://pan.quark.cn/s/1d71a9c8d07a,,,,
,steam移植手游-骑士学院V1.0.1,安卓,game,https://pan.quark.cn/s/499ca4a3a240,,,,
,steam移植手游-史莱姆3K反抗暴君1.2.5,安卓,game,https://pan.quark.cn/s/9716c8a8f8c6,,,,
,steam移植手游-沙丘荒原V2.4,安卓,game,https://pan.quark.cn/s/b56bfaefdc49,,,,
,steam移植手游-逃出百慕大V1.7.9,安卓,game,https://pan.quark.cn/s/a714b69dd409,,,,
,steam移植手游-挺进地牢v1.0.640,安卓,game,https://pan.quark.cn/s/75ad45036770,,,,
,steam移植手游-塔楼统治v1.2005,安卓,game,https://pan.quark.cn/s/d6c25b753c14,,,,
,steam移植手游-特斯拉部队v1.13.1,安卓,game,https://pan.quark.cn/s/ac742b66b3e8,,,,
,steam移植手游-特斯拉vs洛夫克拉夫特v1.8.1.1,安卓,game,https://pan.quark.cn/s/23234c270039,,,,
,steam移植手游-网吧老板模拟器V1.91,安卓,game,https://pan.quark.cn/s/871972c8eb58,,,,
,steam移植手游-围攻Besiegev1.0.2,安卓,game,https://pan.quark.cn/s/d14054b60cd8,,,,
,steam移植手游-现代世界3模拟总统v1.0.14,安卓,game,https://pan.quark.cn/s/b892717db087,,,,
,steam移植手游-心之蜃v1.0.1,安卓,game,https://pan.quark.cn/s/16d2dc00ee06,,,,
,steam移植手游-勇闯死人谷2（MOD菜单）V1.81.3,安卓,game,https://pan.quark.cn/s/dc30113cd306,,,,
,steam移植手游-勇敢大陆v1.6.5,安卓,game,https://pan.quark.cn/s/6aeb150333a8,,,,
,steam移植手游-月光石岛v2365,安卓,game,https://pan.quark.cn/s/0e500721a5ce,,,,
,steam移植手游-异形隔离中文版,安卓,game,https://pan.quark.cn/s/371b58ac69c5,,,,
,steam移植手游-幽影之线v1.2,安卓,game,https://pan.quark.cn/s/8227afa271b5,,,,
,steam移植手游-绽放传说2V3.0,安卓,game,https://pan.quark.cn/s/36056c6f036e,,,,
,steam移植手游-追随真相v1.1.42,安卓,game,https://pan.quark.cn/s/ed3b10c857c1,,,,
,王国：两位君主,安卓,game,https://pan.quark.cn/s/72a13dcc4f6c,,,,
,战神夜袭,安卓,game,https://pan.quark.cn/s/25ce11b8722e,,,,
,哆啦A梦的铜锣烧店物语v1.0.7（解锁付费完整版）,安卓,game,https://pan.quark.cn/s/5c43a715d586,,,,
,滑雪板派对v1.4.0.RC（大量货币高级版）,安卓,game,https://pan.quark.cn/s/6266840bb3a3,,,,
,美国射手（汉化＋内置mod）,安卓,game,https://pan.quark.cn/s/13a472f829b9,,,,
,"steam移植手游-阿西,美女室友竟然v1.1.0",安卓,game,https://pan.quark.cn/s/4929c18d9554,,,,
,steam移植手游-荒野大镖客救赎v1.50.60293175,安卓,game,https://pan.quark.cn/s/dd619233c26c,,,,
,樱花校园模拟器无广版(1),安卓,game,https://pan.quark.cn/s/3b8473cc8c48,,,,
,#BLUD,SWITCH,game,https://pan.quark.cn/s/8a17ac8a115b,,,,
,3D机器人先生,SWITCH,game,https://pan.quark.cn/s/77f359cf96ea,,,,
,3D找茬,SWITCH,game,https://pan.quark.cn/s/ff09755a9554,,,,
,3D找茬2,SWITCH,game,https://pan.quark.cn/s/dd85faaf759b,,,,
,3D找茬：豪华版,SWITCH,game,https://pan.quark.cn/s/7fe5be2a7303,,,,
,3号线Plus,SWITCH,game,https://pan.quark.cn/s/574895231ae1,,,,
,4号站台,SWITCH,game,https://pan.quark.cn/s/3a43ffbdf668,,,,
,六月衷曲,SWITCH,game,https://pan.quark.cn/s/0299293ee346,,,,
,7号站出口,SWITCH,game,https://pan.quark.cn/s/6521bd461f38,,,,
,7天与你结束,SWITCH,game,https://pan.quark.cn/s/89ec2590d479,,,,
,8号站台,SWITCH,game,https://pan.quark.cn/s/a77ab0005b9b,,,,
,8位农场,SWITCH,game,https://pan.quark.cn/s/3798f9c567cb,,,,
,九年阴影,SWITCH,game,https://pan.quark.cn/s/b86a4839ae68,,,,
,九日,SWITCH,game,https://pan.quark.cn/s/2ce857b84224,,,,
,十年不晚,SWITCH,game,https://pan.quark.cn/s/b5b34d65a1e0,,,,
,30XX,SWITCH,game,https://pan.quark.cn/s/7af814f4a8fe,,,,
,39天到火星,SWITCH,game,https://pan.quark.cn/s/439407175bb8,,,,
,60秒差距,SWITCH,game,https://pan.quark.cn/s/8c3c125b3c70,,,,
,60秒！重制版 60 Seconds! Reatomized,SWITCH,game,https://pan.quark.cn/s/ae628a4b1bea,,,,
,70亿人类,SWITCH,game,https://pan.quark.cn/s/a8492cd62e78,,,,
,百年王国,SWITCH,game,https://pan.quark.cn/s/e41f567f5b4d,,,,
,百日 酿造物语 Hundred Days,SWITCH,game,https://pan.quark.cn/s/1f3cbf0935d1,,,,
,百日战纪：最终防卫学园,SWITCH,game,https://pan.quark.cn/s/cf78f06853c1,,,,
,911食人族,SWITCH,game,https://pan.quark.cn/s/cd8662392694,,,,
,千篇一律：绝杀版,SWITCH,game,https://pan.quark.cn/s/cb0477e39465,,,,
,1000x抵抗 1000xRESIST,SWITCH,game,https://pan.quark.cn/s/53ed40ea7c24,,,,
,111,SWITCH,game,https://pan.quark.cn/s/9fb987a19755,,,,
,3000次决斗,SWITCH,game,https://pan.quark.cn/s/28796f0e4160,,,,
,[0012]命运之手 2,SWITCH,game,https://pan.quark.cn/s/85cf8c5a8f7a,,,,
,[0045]传奇11人,SWITCH,game,https://pan.quark.cn/s/605da599c9a1,,,,
,[0065]晚班,SWITCH,game,https://pan.quark.cn/s/1a514aaf4475,,,,
,[0079]你好邻居,SWITCH,game,https://pan.quark.cn/s/2167ad87360c,,,,
,[0093]挺进地牢,SWITCH,game,https://pan.quark.cn/s/4f9d275ea5e4,,,,
,[100扇门 密室逃脱].100ドアゲーム – 脱出ゲーム,SWITCH,game,https://pan.quark.cn/s/7066dfaf6cba,,,,
,[0151]RXN雷神,SWITCH,game,https://pan.quark.cn/s/70c5e4ffce4a,,,,
,[0237]方舟方块,SWITCH,game,https://pan.quark.cn/s/9827828fcf19,,,,
,[0257]深渊矿坑,SWITCH,game,https://pan.quark.cn/s/4c93a3b7fdea,,,,
,[0263]酒吧邂逅,SWITCH,game,https://pan.quark.cn/s/fde4675cbf13,,,,
,[0313]迷失猫咪的旅程,SWITCH,game,https://pan.quark.cn/s/262f2c9a48f6,,,,
,[0328]日落时分,SWITCH,game,https://pan.quark.cn/s/30291ef67e3d,,,,
,[0392]DLAMmcwy,SWITCH,game,https://pan.quark.cn/s/81c6ea400c27,,,,
,[0420]噬神者3,SWITCH,game,https://pan.quark.cn/s/54cabb0b2eb3,,,,
,[0426]梦幻模拟战1+2,SWITCH,game,https://pan.quark.cn/s/113961587d4f,,,,
,[0442]缠绕之塔中文,SWITCH,game,https://pan.quark.cn/s/df0295d708cd,,,,
,[0443]使命猎人,SWITCH,game,https://pan.quark.cn/s/d9ebb4629ee3,,,,
,[0457]破门而入：行动小队,SWITCH,game,https://pan.quark.cn/s/b878df27547c,,,,
,[0461]漫威3：暗黑教团,SWITCH,game,https://pan.quark.cn/s/85bbf0349ffb,,,,
,[0496]SD高达G世纪创世,SWITCH,game,https://pan.quark.cn/s/59f67be066db,,,,
,[0551]柔软战士,SWITCH,game,https://pan.quark.cn/s/42df7782069f,,,,
,[0577]分手装修,SWITCH,game,https://pan.quark.cn/s/2803c726703c,,,,
,[0578]妖怪手表4++,SWITCH,game,https://pan.quark.cn/s/378e9e726ca7,,,,
,[0587]沙加3,SWITCH,game,https://pan.quark.cn/s/8e9928d0745a,,,,
,[0648]HeiAnzhihun 重置版,SWITCH,game,https://pan.quark.cn/s/8626060ad257,,,,
,[0693]魔神少女音乐外传,SWITCH,game,https://pan.quark.cn/s/7bc34bf89b9b,,,,
,[0694]莫塔之子,SWITCH,game,https://pan.quark.cn/s/f722b6e0df7f,,,,
,[0695]定时 Retimed,SWITCH,game,https://pan.quark.cn/s/69a0163d1f78,,,,
,[0696]魔犬大骚乱,SWITCH,game,https://pan.quark.cn/s/d1452e32e4c0,,,,
,[0704]妙探寻凶 中文,SWITCH,game,https://pan.quark.cn/s/7b4cdbd00b8b,,,,
,[0714]女儿成长日记,SWITCH,game,https://pan.quark.cn/s/1c17730cc18e,,,,
,[0858]大雄的新恐龙,SWITCH,game,https://pan.quark.cn/s/37699c16892e,,,,
,[0861]苍翼默示录：神观之梦,SWITCH,game,https://pan.quark.cn/s/300bf3e5f328,,,,
,[0864]桑塔半精灵英雄,SWITCH,game,https://pan.quark.cn/s/f2214c2c9907,,,,
,[0878]蜡笔小新,SWITCH,game,https://pan.quark.cn/s/9975fb2d491d,,,,
,[0882]校园默示录,SWITCH,game,https://pan.quark.cn/s/d73c875d8412,,,,
,[0923]超级冲锋,SWITCH,game,https://pan.quark.cn/s/faedb3177c7b,,,,
,[0930]公理边缘,SWITCH,game,https://pan.quark.cn/s/dca51fdff3af,,,,
,[0939]铁甲飞龙 重置版,SWITCH,game,https://pan.quark.cn/s/7a919a172dd2,,,,
,[0941]星球大战,SWITCH,game,https://pan.quark.cn/s/05d395e0791c,,,,
,[0945]古惑狼三部曲,SWITCH,game,https://pan.quark.cn/s/a412f1a190a9,,,,
,[0956]落难航船,SWITCH,game,https://pan.quark.cn/s/6651d69c7652,,,,
,[0969]奇妙探险队,SWITCH,game,https://pan.quark.cn/s/12a98504ede9,,,,
,[0985]猿人逃出,SWITCH,game,https://pan.quark.cn/s/8bcc2b39abe5,,,,
,[1004]折纸相会,SWITCH,game,https://pan.quark.cn/s/31c2a103b678,,,,
,[1070]网球世界巡回赛,SWITCH,game,https://pan.quark.cn/s/bde3cca8bd0c,,,,
,[1080]蒸汽世界冒险,SWITCH,game,https://pan.quark.cn/s/2c4f07bb26eb,,,,
,[1129]闪ee乱ss神aa乐,SWITCH,game,https://pan.quark.cn/s/66b328c354f7,,,,
,[1129]闪ee乱ss神aa乐 ,SWITCH,game,https://pan.quark.cn/s/588cd3c570e0,,,,
,[1143]生化奇兵 合集,SWITCH,game,https://pan.quark.cn/s/936e6af0ca04,,,,
,[1150]冲破束缚,SWITCH,game,https://pan.quark.cn/s/5113b9bf7a76,,,,
,[1172]奥林匹亚晚宴,SWITCH,game,https://pan.quark.cn/s/5088c4a16f1a,,,,
,[1176]跳绳体感,SWITCH,game,https://pan.quark.cn/s/44e1d8ef04d3,,,,
,[1210]Soulslayer,SWITCH,game,https://pan.quark.cn/s/e48e197dc998,,,,
,[1234]运动派对,SWITCH,game,https://pan.quark.cn/s/56924c3c0556,,,,
,[1240]迈阿密热线,SWITCH,game,https://pan.quark.cn/s/f7d7d04f0a5d,,,,
,[1320]战斗厨师旅团,SWITCH,game,https://pan.quark.cn/s/d56e45df0640,,,,
,[1322]在Mara的夏天,SWITCH,game,https://pan.quark.cn/s/6163f29a265a,,,,
,[1343]深埋之星,SWITCH,game,https://pan.quark.cn/s/377820e8870a,,,,
,[1370]机械迷城,SWITCH,game,https://pan.quark.cn/s/fd33202025c1,,,,
,[1371]丧失前线,SWITCH,game,https://pan.quark.cn/s/dc6f49cf340c,,,,
,[1379]战场女武神1,SWITCH,game,https://pan.quark.cn/s/92d6a30ac586,,,,
,[1385]刃之异邦人,SWITCH,game,https://pan.quark.cn/s/20283e9a694b,,,,
,[1391]妖怪学院Y ,SWITCH,game,https://pan.quark.cn/s/e6a5aa9f0bca,,,,
,[1449]终极钓鱼模拟,SWITCH,game,https://pan.quark.cn/s/8e7af3b0d9ea,,,,
,[1460]骑士与自行车,SWITCH,game,https://pan.quark.cn/s/9a74bc638975,,,,
,[1469]最后的篝火,SWITCH,game,https://pan.quark.cn/s/8cd070d99425,,,,
,[1489]死亡日,SWITCH,game,https://pan.quark.cn/s/223624289dff,,,,
,[1489]死亡日1,SWITCH,game,https://pan.quark.cn/s/68a408a2cdc4,,,,
,[1497]珍妮的线索,SWITCH,game,https://pan.quark.cn/s/aa89a5686f81,,,,
,[1511]A11T22O34M,SWITCH,game,https://pan.quark.cn/s/dd5baf0cf474,,,,
,[1537]重装机兵,SWITCH,game,https://pan.quark.cn/s/c0178f5becf5,,,,
,[1576]咬紧牙关,SWITCH,game,https://pan.quark.cn/s/5c6c2d907338,,,,
,[1583]狗的使命,SWITCH,game,https://pan.quark.cn/s/577bf0684b5c,,,,
,[1597]下行,SWITCH,game,https://pan.quark.cn/s/7f0000b17f12,,,,
,[1634]不死鸟传说,SWITCH,game,https://pan.quark.cn/s/ce9aa02dd454,,,,
,[1647]泳者派对,SWITCH,game,https://pan.quark.cn/s/1754b94f9e81,,,,
,[1667]Fifa21,SWITCH,game,https://pan.quark.cn/s/88665d5e2539,,,,
,[1670]岛屿生存者,SWITCH,game,https://pan.quark.cn/s/1bdb5250d538,,,,
,[1702]修道院,SWITCH,game,https://pan.quark.cn/s/105cd716f8a9,,,,
,[1711]云端朋克,SWITCH,game,https://pan.quark.cn/s/b35f56d82776,,,,
,[1735]星星回家,SWITCH,game,https://pan.quark.cn/s/ce726c57d7d4,,,,
,[1797]惊奇剑士,SWITCH,game,https://pan.quark.cn/s/f2ba6436c806,,,,
,[1802]侏罗纪世界进化,SWITCH,game,https://pan.quark.cn/s/21f626331c37,,,,
,[1807]爆丸,SWITCH,game,https://pan.quark.cn/s/fc4d49375776,,,,
,[1811]神ee狱ff塔 终章,SWITCH,game,https://pan.quark.cn/s/21ce0e96b9e8,,,,
,[1934]QV,SWITCH,game,https://pan.quark.cn/s/3c060c79595f,,,,
,[1947]罪恶EMP,SWITCH,game,https://pan.quark.cn/s/346c2372d4b2,,,,
,[1967]盟军敢死队2,SWITCH,game,https://pan.quark.cn/s/8ac77abe6044,,,,
,[2018]家庭训练机,SWITCH,game,https://pan.quark.cn/s/919f50e6596b,,,,
,[2025]双截龙Neon,SWITCH,game,https://pan.quark.cn/s/ba96b34e35d1,,,,
,[2028]践踏2,SWITCH,game,https://pan.quark.cn/s/ee0c918e4ffa,,,,
,[2086]未诉之事,SWITCH,game,https://pan.quark.cn/s/12aa497b25b0,,,,
,[2088]永恒之门,SWITCH,game,https://pan.quark.cn/s/689d055d3fd9,,,,
,[2090]小小梦魇2,SWITCH,game,https://pan.quark.cn/s/ee5880a01b1d,,,,
,[2103]俏皮脸,SWITCH,game,https://pan.quark.cn/s/7a4a0caf63e5,,,,
,[2109]搭档任务BOND,SWITCH,game,https://pan.quark.cn/s/2060f0800333,,,,
,[2129]童话森林,SWITCH,game,https://pan.quark.cn/s/e98ab7061ee4,,,,
,[2152]蓝焰,SWITCH,game,https://pan.quark.cn/s/050705006f65,,,,
,[2166]欧里嘉,SWITCH,game,https://pan.quark.cn/s/2bde7b665dca,,,,
,[2198]永远的万圣节,SWITCH,game,https://pan.quark.cn/s/0d92c4c643f9,,,,
,[2205]镇痛2,SWITCH,game,https://pan.quark.cn/s/2bde7b665dca,,,,
,[2214]HL出租车,SWITCH,game,https://pan.quark.cn/s/f9724ccafc12,,,,
,[2220]铸时匠,SWITCH,game,https://pan.quark.cn/s/62123a9faf6c,,,,
,[2221]蒸汽监狱,SWITCH,game,https://pan.quark.cn/s/31c9c53fb06e,,,,
,[2227]地狱时刻,SWITCH,game,https://pan.quark.cn/s/e2d748496082,,,,
,[2238]夏日追逐者,SWITCH,game,https://pan.quark.cn/s/a0a9a86293ab,,,,
,[2241]怪物卡车2,SWITCH,game,https://pan.quark.cn/s/362d830448e1,,,,
,[2244]洛夫洛特爵士,SWITCH,game,https://pan.quark.cn/s/7ef5b8e1cd3b,,,,
,[2260]古惑狼4,SWITCH,game,https://pan.quark.cn/s/91f20b39055c,,,,
,[2261]氰化欢乐秀,SWITCH,game,https://pan.quark.cn/s/2d7c8089422d,,,,
,[2262]世界拉力锦标赛9,SWITCH,game,https://pan.quark.cn/s/c3221bbdecf7,,,,
,[2265]强大的战斗联盟,SWITCH,game,https://pan.quark.cn/s/2c141d10643b,,,,
,[2269]魔剑之王,SWITCH,game,https://pan.quark.cn/s/8a4befc1ac8a,,,,
,[2270]山手线,SWITCH,game,https://pan.quark.cn/s/84aa6aa2648b,,,,
,[2273]回溯：死亡回忆,SWITCH,game,https://pan.quark.cn/s/bf33817a7682,,,,
,[2276]干性溺水,SWITCH,game,https://pan.quark.cn/s/2f7c58930784,,,,
,[2284]管道之间,SWITCH,game,https://pan.quark.cn/s/e62d1765f684,,,,
,[2285]刀型,SWITCH,game,https://pan.quark.cn/s/903e5eb7e2dc,,,,
,[2286]兽角骑士,SWITCH,game,https://pan.quark.cn/s/4bf04533a30b,,,,
,[2290]无主之地,SWITCH,game,https://pan.quark.cn/s/017faa132623,,,,
,[2290]无主之地1,SWITCH,game,https://pan.quark.cn/s/b5703f39f5a1,,,,
,[2292]摇曳露营,SWITCH,game,https://pan.quark.cn/s/aff1be47f57c,,,,
,[2293]暗黑恶魔,SWITCH,game,https://pan.quark.cn/s/0ec83b8562e7,,,,
,[2294]致M游M,SWITCH,game,https://pan.quark.cn/s/ffd50656725d,,,,
,[2296]帕科大篷车,SWITCH,game,https://pan.quark.cn/s/5bdf6facad8f,,,,
,[2298]风和狂野面具,SWITCH,game,https://pan.quark.cn/s/1b6c0079093b,,,,
,[2301]五等分的花嫁,SWITCH,game,https://pan.quark.cn/s/de7231e6333b,,,,
,[2302]黑暗传说,SWITCH,game,https://pan.quark.cn/s/4659c915302c,,,,
,[2303]巴兰的异想,SWITCH,game,https://pan.quark.cn/s/0c3fdd557f96,,,,
,[2304]黑洞,SWITCH,game,https://pan.quark.cn/s/3b6ac1bf05c4,,,,
,[2313]往日阴云,SWITCH,game,https://pan.quark.cn/s/6d341c7a119a,,,,
,[2321]莎拉的梦中冒险,SWITCH,game,https://pan.quark.cn/s/c55f8c799907,,,,
,[2326]黑暗驳论,SWITCH,game,https://pan.quark.cn/s/ce94b5e8db49,,,,
,[2327]成田男孩,SWITCH,game,https://pan.quark.cn/s/02dabbb0e328,,,,
,[2329]深渊之下,SWITCH,game,https://pan.quark.cn/s/bcc4263416a9,,,,
,[2334]SW终局,SWITCH,game,https://pan.quark.cn/s/a208353c58c2,,,,
,[2335]黑水,SWITCH,game,https://pan.quark.cn/s/93e43885895c,,,,
,[2336]呼吸边缘,SWITCH,game,https://pan.quark.cn/s/9749e9af529a,,,,
,[2341]吃豆人99,SWITCH,game,https://pan.quark.cn/s/fc391b458873,,,,
,[2343]YS欢乐趴,SWITCH,game,https://pan.quark.cn/s/7bd691f46a73,,,,
,[2349]角落小夥伴,SWITCH,game,https://pan.quark.cn/s/8f02c17fb510,,,,
,[2352]骑士小队2,SWITCH,game,https://pan.quark.cn/s/edabd7e085f5,,,,
,[2353]呢喃玩偶,SWITCH,game,https://pan.quark.cn/s/904d7a43e92e,,,,
,[2354]浪漫沙加,SWITCH,game,https://pan.quark.cn/s/754e6aa2bf27,,,,
,[2356]瑞利达,SWITCH,game,https://pan.quark.cn/s/cb2b71c1b1ef,,,,
,[2365]迈哲木：歌剧魅影,SWITCH,game,https://pan.quark.cn/s/e874660fe4df,,,,
,[2367]海上SQS,SWITCH,game,https://pan.quark.cn/s/038ea10efff7,,,,
,[2368]开心有趣动物乐园,SWITCH,game,https://pan.quark.cn/s/29ad4f02fbc5,,,,
,[2369]街头力量足球,SWITCH,game,https://pan.quark.cn/s/ffbbbc396010,,,,
,[2374]公主联盟,SWITCH,game,https://pan.quark.cn/s/cbf0fa3e078f,,,,
,[2382]这里没有游戏,SWITCH,game,https://pan.quark.cn/s/632374c22b4f,,,,
,[2384]永远消失的幻想乡,SWITCH,game,https://pan.quark.cn/s/2c7006aafcf0,,,,
,[2385]律法之地,SWITCH,game,https://pan.quark.cn/s/8685688f78d0,,,,
,[2386]坚果,SWITCH,game,https://pan.quark.cn/s/8ff3ff7a251f,,,,
,[2393]战斧,SWITCH,game,https://pan.quark.cn/s/5793f45c5f82,,,,
,[2394]掠夺之剑,SWITCH,game,https://pan.quark.cn/s/e182b23b6559,,,,
,[2384]永远消失的幻想乡,SWITCH,game,https://pan.quark.cn/s/5db059541904,,,,
,[2385]律法之地,SWITCH,game,https://pan.quark.cn/s/d901889a0ec9,,,,
,[2386]坚果,SWITCH,game,https://pan.quark.cn/s/78b6289bd3fd,,,,
,[2393]战斧,SWITCH,game,https://pan.quark.cn/s/8bb4cbc91c98,,,,
,[2394]掠夺之剑,SWITCH,game,https://pan.quark.cn/s/eaaf6e7841f9,,,,
,[2395]神秘之地,SWITCH,game,https://pan.quark.cn/s/9987830f32dc,,,,
,[2398]宝K梦拍照,SWITCH,game,https://pan.quark.cn/s/73cecb53847c,,,,
,[2404]东方凭依华,SWITCH,game,https://pan.quark.cn/s/4707bf6b5dd6,,,,
,[2407]漫长等待,SWITCH,game,https://pan.quark.cn/s/3bdd96171ae5,,,,
,[2407]漫长等待,SWITCH,game,https://pan.quark.cn/s/62b4318a8138,,,,
,[2417]伊罗英雄,SWITCH,game,https://pan.quark.cn/s/ba4223940b50,,,,
,[2420]妖怪史诗,SWITCH,game,https://pan.quark.cn/s/43deac070b6b,,,,
,[2421]猫猫海兵团,SWITCH,game,https://pan.quark.cn/s/0324632ee01c,,,,
,[2424]黑白墓地,SWITCH,game,https://pan.quark.cn/s/fd292dbc262a,,,,
,[2425]没技术别开车,SWITCH,game,https://pan.quark.cn/s/fd9b71c8f538,,,,
,[2427]幸运QS,SWITCH,game,https://pan.quark.cn/s/d89581aafae6,,,,
,[2428]复古机械城,SWITCH,game,https://pan.quark.cn/s/a44a923523d1,,,,
,[2429]深海迷航,SWITCH,game,https://pan.quark.cn/s/2155da9b6557,,,,
,[2433]测试逃生,SWITCH,game,https://pan.quark.cn/s/204c3a7b3f48,,,,
,[2435]塔里亚传说,SWITCH,game,https://pan.quark.cn/s/0d72a4361771,,,,
,[2438]高卢ZZ,SWITCH,game,https://pan.quark.cn/s/eaaea6638b33,,,,
,[2439]地城谜踪,SWITCH,game,https://pan.quark.cn/s/1e625832dcc6,,,,
,[2444]太空战士,SWITCH,game,https://pan.quark.cn/s/2e419fd92199,,,,
,[2446]QYYWY,SWITCH,game,https://pan.quark.cn/s/7c3d4ecf6923,,,,
,[2450]流浪者,SWITCH,game,https://pan.quark.cn/s/a4c1d034b5aa,,,,
,[2451]安琪莉可,SWITCH,game,https://pan.quark.cn/s/fbbe03f6a05f,,,,
,[2454]层层恐惧2,SWITCH,game,https://pan.quark.cn/s/29741e3b7b34,,,,
,[2455]博德之门 黑暗联盟,SWITCH,game,https://pan.quark.cn/s/1eb981a8ccf0,,,,
,[2456]计算器,SWITCH,game,https://pan.quark.cn/s/fc3ad9a3e23b,,,,
,[2457]食人鲨,SWITCH,game,https://pan.quark.cn/s/3b8417cf8674,,,,
,[2465]幸存者黎明,SWITCH,game,https://pan.quark.cn/s/66fe4422e123,,,,
,[2470]八截龙,SWITCH,game,https://pan.quark.cn/s/bebe7fcd83a2,,,,
,[2471]协同效应,SWITCH,game,https://pan.quark.cn/s/84005194ff19,,,,
,[2474]海商王,SWITCH,game,https://pan.quark.cn/s/a80d97be7d4c,,,,
,[2476]饶舌挖掘,SWITCH,game,https://pan.quark.cn/s/024f82230cbe,,,,
,[2478]重力,SWITCH,game,https://pan.quark.cn/s/6da2be8fc307,,,,
,[2479]全金属狂怒,SWITCH,game,https://pan.quark.cn/s/c841c2f80dd3,,,,
,[2486]钢翼少女,SWITCH,game,https://pan.quark.cn/s/65a45102d9aa,,,,
,[2492]DC超级英雄女孩,SWITCH,game,https://pan.quark.cn/s/3c758b01cd1e,,,,
,[2495]搭便车,SWITCH,game,https://pan.quark.cn/s/ab80a1eb964d,,,,
,[2497]欺Z之地,SWITCH,game,https://pan.quark.cn/s/643513cf6ce1,,,,
,[2499]矮人之旅,SWITCH,game,https://pan.quark.cn/s/1896238deae2,,,,
,[2501]HVE,SWITCH,game,https://pan.quark.cn/s/5ac7fc7a38ec,,,,
,[2507]逆行竞技场,SWITCH,game,https://pan.quark.cn/s/1b3c4bd377c9,,,,
,[2512]复原,SWITCH,game,https://pan.quark.cn/s/ac5edb58b356,,,,
,[2514]世界经济BK,SWITCH,game,https://pan.quark.cn/s/6b7b992a57ef,,,,
,[2516]岛屿时光,SWITCH,game,https://pan.quark.cn/s/98b38fbb0187,,,,
,[2518]食谎者,SWITCH,game,https://pan.quark.cn/s/4335d4d4b1a8,,,,
,[2520]笔记本,SWITCH,game,https://pan.quark.cn/s/0f0a40610169,,,,
,[2521]阿尔巴,SWITCH,game,https://pan.quark.cn/s/7ca71f476f09,,,,
,[2523]宝利罗,SWITCH,game,https://pan.quark.cn/s/561f9ca03c7e,,,,
,[2524]雪P,SWITCH,game,https://pan.quark.cn/s/0446c2571f45,,,,
,[2527]幕末恋华新选组,SWITCH,game,https://pan.quark.cn/s/db838a2a98a8,,,,
,[2528]灌篮领主,SWITCH,game,https://pan.quark.cn/s/32563b7ad165,,,,
,[2533]炼金术士,SWITCH,game,https://pan.quark.cn/s/116b751ac77e,,,,
,[2535]SWK大战,SWITCH,game,https://pan.quark.cn/s/cbaca58f93b3,,,,
,[2537]斯通富莱,SWITCH,game,https://pan.quark.cn/s/864c9917f570,,,,
,[2543]部落传承,SWITCH,game,https://pan.quark.cn/s/7c65e875e1b4,,,,
,[2543]部落传承 (1),SWITCH,game,https://pan.quark.cn/s/c81d4b2df404,,,,
,[2543]部落传承1,SWITCH,game,https://pan.quark.cn/s/ee20b64b87ec,,,,
,[2548]天使帝国,SWITCH,game,https://pan.quark.cn/s/f153ce4ec5cb,,,,
,[2552]百战天虫,SWITCH,game,https://pan.quark.cn/s/ce018c4d467d,,,,
,[2553]超级QS,SWITCH,game,https://pan.quark.cn/s/b0eb88a2471a,,,,
,[2556]托尼霍克滑板,SWITCH,game,https://pan.quark.cn/s/0fc94e3253cf,,,,
,[2564]结伴,SWITCH,game,https://pan.quark.cn/s/c2429f979e12,,,,
,[2569]偶像,SWITCH,game,https://pan.quark.cn/s/8fc2f2f37810,,,,
,[2571]Onirike,SWITCH,game,https://pan.quark.cn/s/083ad637a714,,,,
,[2575]足球戏剧,SWITCH,game,https://pan.quark.cn/s/a40d3a904db4,,,,
,[2579]无彩世界,SWITCH,game,https://pan.quark.cn/s/b945c7d166ed,,,,
,[2581]淤泥生活,SWITCH,game,https://pan.quark.cn/s/5117163ee615,,,,
,[2584]黑暗幻想,SWITCH,game,https://pan.quark.cn/s/8d0ea46f22a1,,,,
,[2585]密探,SWITCH,game,https://pan.quark.cn/s/083e4f7a8051,,,,
,[2588]边界之外,SWITCH,game,https://pan.quark.cn/s/ed4e9201e125,,,,
,[2590]摩根奇遇记之诅咒小镇,SWITCH,game,https://pan.quark.cn/s/270842480c8f,,,,
,[2597]游戏机被妈妈藏起来了2,SWITCH,game,https://pan.quark.cn/s/d9633e5b1776,,,,
,[2598]百曲,SWITCH,game,https://pan.quark.cn/s/ab3349f57637,,,,
,[2601]虚幻人生,SWITCH,game,https://pan.quark.cn/s/72509c259ff8,,,,
,[2605]迷宫大侦探,SWITCH,game,https://pan.quark.cn/s/22f0c9995fdc,,,,
,[2617]火车站改造,SWITCH,game,https://pan.quark.cn/s/178b8a2d770e,,,,
,[2620]业力化身,SWITCH,game,https://pan.quark.cn/s/5b9ba5bd69a1,,,,
,[2621]SW之冠,SWITCH,game,https://pan.quark.cn/s/a6d43c305b3a,,,,
,[2625]凝聚之水,SWITCH,game,https://pan.quark.cn/s/8862ee75bc3d,,,,
,[2629]最后一站,SWITCH,game,https://pan.quark.cn/s/4204e129c4f7,,,,
,[2634]街头篮球,SWITCH,game,https://pan.quark.cn/s/4c6b15a319cf,,,,
,[2635]超惑星合集,SWITCH,game,https://pan.quark.cn/s/e2c26c4522d0,,,,
,[2636]舞蹈梦想家,SWITCH,game,https://pan.quark.cn/s/dacc4ec172cb,,,,
,[2637]XR小镇,SWITCH,game,https://pan.quark.cn/s/d0c20cbca9c8,,,,
,[2643]苹果KS,SWITCH,game,https://pan.quark.cn/s/2b0a9afe82bd,,,,
,[2647]龙星,SWITCH,game,https://pan.quark.cn/s/651461414f1b,,,,
,[2648]钓鱼斗士,SWITCH,game,https://pan.quark.cn/s/bb5582723337,,,,
,[2649]游离于世界之海,SWITCH,game,https://pan.quark.cn/s/dbef987b505b,,,,
,[2651]BJMN,SWITCH,game,https://pan.quark.cn/s/5caeff58f5df,,,,
,[2653]空Z猎鹰,SWITCH,game,https://pan.quark.cn/s/9822f792d0e2,,,,
,[2656]Rive,SWITCH,game,https://pan.quark.cn/s/edb8a1574f69,,,,
,[2659]小丑啊哟,SWITCH,game,https://pan.quark.cn/s/0f9d28b6a937,,,,
,[2661]像素骷髅,SWITCH,game,https://pan.quark.cn/s/f60cc5f69807,,,,
,[2667]花园,SWITCH,game,https://pan.quark.cn/s/b6e8d2bcd682,,,,
,[2669]纪念,SWITCH,game,https://pan.quark.cn/s/1807cf69362d,,,,
,[2671]凯旋堡,SWITCH,game,https://pan.quark.cn/s/368a08174bd0,,,,
,[2674]止赎,SWITCH,game,https://pan.quark.cn/s/4eda7d911783,,,,
,[2679]超级远足,SWITCH,game,https://pan.quark.cn/s/eba84afe4e94,,,,
,[2682]杰西卡,SWITCH,game,https://pan.quark.cn/s/1618486ae02e,,,,
,[2688]爱怒流,SWITCH,game,https://pan.quark.cn/s/6f23dad6644d,,,,
,[2689]电磁机器人,SWITCH,game,https://pan.quark.cn/s/dbc9d436d89c,,,,
,[2690]苏立泰尔,SWITCH,game,https://pan.quark.cn/s/3befa67ef2a2,,,,
,[2691]卡牌浩劫,SWITCH,game,https://pan.quark.cn/s/ead528c5668a,,,,
,[2692]弹力小兔,SWITCH,game,https://pan.quark.cn/s/ff7d252c1a40,,,,
,[2693]灵魂爱瑞特,SWITCH,game,https://pan.quark.cn/s/cd35c76e80b8,,,,
,[2697]疯狂驾驶3,SWITCH,game,https://pan.quark.cn/s/90dad8664659,,,,
,[2700]瓦力欧制造,SWITCH,game,https://pan.quark.cn/s/fba1fd0d2f51,,,,
,[2701]袋狸妈妈大冒险,SWITCH,game,https://pan.quark.cn/s/3800aa44fc22,,,,
,[2704]与坡和芒罗共度的暗夜,SWITCH,game,https://pan.quark.cn/s/af480f36aae7,,,,
,[2705]迷失猫咪,SWITCH,game,https://pan.quark.cn/s/c1799be934e7,,,,
,[2707]闪耀偶像合集,SWITCH,game,https://pan.quark.cn/s/e24a24b12d24,,,,
,[2716]泡沫冬景,SWITCH,game,https://pan.quark.cn/s/9bda85a3372d,,,,
,[2719]我的孩子,SWITCH,game,https://pan.quark.cn/s/a772738e7911,,,,
,[2725]洇客,SWITCH,game,https://pan.quark.cn/s/f689813d7ccb,,,,
,[2734]Buddy父母,SWITCH,game,https://pan.quark.cn/s/ee436bf5d996,,,,
,[2737]植兽物语,SWITCH,game,https://pan.quark.cn/s/bd5dce0a4a88,,,,
,[2740]White Girl,SWITCH,game,https://pan.quark.cn/s/2e77643f61f9,,,,
,[2741]拉夫娃和独眼巨人,SWITCH,game,https://pan.quark.cn/s/98dc66f8966c,,,,
,[2742]阿普索夫,SWITCH,game,https://pan.quark.cn/s/2f8d92695bdc,,,,
,[2743]查迪什的奇幻之旅,SWITCH,game,https://pan.quark.cn/s/c1ebff5b94ea,,,,
,[2756]Alveole,SWITCH,game,https://pan.quark.cn/s/b2c4bfcd7d13,,,,
,[2761]放置发明家,SWITCH,game,https://pan.quark.cn/s/01176d99a3cd,,,,
,[2770]RICO,SWITCH,game,https://pan.quark.cn/s/5cab3d47a1be,,,,
,[2780]星际乐土,SWITCH,game,https://pan.quark.cn/s/19481a38e946,,,,
,[2784]TOME,SWITCH,game,https://pan.quark.cn/s/bd9748ae5a42,,,,
,[2795]战斗幻想传奇,SWITCH,game,https://pan.quark.cn/s/55da27278d04,,,,
,[2798]平面效应,SWITCH,game,https://pan.quark.cn/s/524833083465,,,,
,[2802]HSHYBJ6,SWITCH,game,https://pan.quark.cn/s/82dbb97f1556,,,,
,[2803]Haustoria,SWITCH,game,https://pan.quark.cn/s/c5eb32d0c3f7,,,,
,[2806]第6妖守,SWITCH,game,https://pan.quark.cn/s/e4e4163d1eda,,,,
,[2810]连接坦克,SWITCH,game,https://pan.quark.cn/s/2c80d6518222,,,,
,[2811]高尔夫俱乐部,SWITCH,game,https://pan.quark.cn/s/7c09042c0ccb,,,,
,[2813]暗黑血统3,SWITCH,game,https://pan.quark.cn/s/b576d9965c02,,,,
,[2827]莲花迷宫R,SWITCH,game,https://pan.quark.cn/s/0aa9f0839415,,,,
,[2828]大蜈蚣,SWITCH,game,https://pan.quark.cn/s/665b3e6b6311,,,,
,[2831]生存 Z,SWITCH,game,https://pan.quark.cn/s/1f1774345f27,,,,
,[2832]泰坦追逐者,SWITCH,game,https://pan.quark.cn/s/5161de05f5dc,,,,
,[2834]虚空JM,SWITCH,game,https://pan.quark.cn/s/f2f1d8b10861,,,,
,[2835]空中冲突,SWITCH,game,https://pan.quark.cn/s/57ead54ec664,,,,
,[2844]斧女侠小婕,SWITCH,game,https://pan.quark.cn/s/da061d019761,,,,
,[2850]潘莫菲亚传奇,SWITCH,game,https://pan.quark.cn/s/51d6ca3c93cd,,,,
,[2851]SW终局2,SWITCH,game,https://pan.quark.cn/s/b269748cd30c,,,,
,[2853]AAA时钟,SWITCH,game,https://pan.quark.cn/s/3ccb5ae3ff05,,,,
,[2868]艾维雅之泪,SWITCH,game,https://pan.quark.cn/s/d76cec8a15fe,,,,
,[2873]逃离僵尸,SWITCH,game,https://pan.quark.cn/s/d72ed5dd6166,,,,
,[2875]无动于衷,SWITCH,game,https://pan.quark.cn/s/e9374348f2fc,,,,
,[2883]瓶瓶罐罐,SWITCH,game,https://pan.quark.cn/s/cf798531bc4f,,,,
,[2884]Sheepo,SWITCH,game,https://pan.quark.cn/s/6d4d7335d545,,,,
,[2891]幸存者黎明,SWITCH,game,https://pan.quark.cn/s/6cda7349e95d,,,,
,[2895]神明在上,SWITCH,game,https://pan.quark.cn/s/1c3b8caaab44,,,,
,[2904]清醒周期梦,SWITCH,game,https://pan.quark.cn/s/96c4bfe71a70,,,,
,[2906]瑞秋福斯特,SWITCH,game,https://pan.quark.cn/s/c3090a60b530,,,,
,[2908]SEDOMAIRI,SWITCH,game,https://pan.quark.cn/s/c212e7af7966,,,,
,[2917]玩具屋,SWITCH,game,https://pan.quark.cn/s/99e1a27f868f,,,,
,[2928]天蚕变,SWITCH,game,https://pan.quark.cn/s/37ebe3824fa5,,,,
,[2933]旋风战车队,SWITCH,game,https://pan.quark.cn/s/4a3a5bd80334,,,,
,[2945]快乐游戏,SWITCH,game,https://pan.quark.cn/s/63f5d6102284,,,,
,[2946]逐光之旅,SWITCH,game,https://pan.quark.cn/s/10b615db854e,,,,
,[2948]890B,SWITCH,game,https://pan.quark.cn/s/809b5286507a,,,,
,[2981]莱恩合集,SWITCH,game,https://pan.quark.cn/s/34d315241201,,,,
,[2983]机场模拟,SWITCH,game,https://pan.quark.cn/s/98e1cbc3fd73,,,,
,[2984]意料之外,SWITCH,game,https://pan.quark.cn/s/3113876b26b9,,,,
,[2992]崩坏之,SWITCH,game,https://pan.quark.cn/s/309cf67d13be,,,,
,[3001]夜灯,SWITCH,game,https://pan.quark.cn/s/976b7aadecc8,,,,
,[3144]星球大战,SWITCH,game,https://pan.quark.cn/s/ce5a7dd1bb3f,,,,
,[3247]我们的ZZ从现在开始,SWITCH,game,https://pan.quark.cn/s/e45060bcdc58,,,,
,[3249]打砖块,SWITCH,game,https://pan.quark.cn/s/e1997e9521a1,,,,
,[3339]COSPLAY LOVE,SWITCH,game,https://pan.quark.cn/s/099299da0096,,,,
,[3377]饥荒联机版,SWITCH,game,https://pan.quark.cn/s/eb5fffea7575,,,,
,[3411]卢默特,SWITCH,game,https://pan.quark.cn/s/288096ed7b76,,,,
,[3457]镭射战机,SWITCH,game,https://pan.quark.cn/s/13af704f7054,,,,
,[3533]超级玩具车越野版,SWITCH,game,https://pan.quark.cn/s/c0525ef08f4d,,,,
,[3635]钱如雨下,SWITCH,game,https://pan.quark.cn/s/13630be6bf9b,,,,
,[3847]闪亮银枪,SWITCH,game,https://pan.quark.cn/s/aecda9e3df83,,,,
,[4202]游戏王RushDuel,SWITCH,game,https://pan.quark.cn/s/ed1b683c1c8d,,,,
,[4430]梅格,SWITCH,game,https://pan.quark.cn/s/73c4a4b928a8,,,,
,[4692]ZM十二人,SWITCH,game,https://pan.quark.cn/s/871d72e7c512,,,,
,[4769]幽林怪谈,SWITCH,game,https://pan.quark.cn/s/9365cb5cb854,,,,
,[4824]皮克敏41,SWITCH,game,https://pan.quark.cn/s/e1a57fc13e16,,,,
,[4870]AEW战斗永远,SWITCH,game,https://pan.quark.cn/s/9baad6fb2078,,,,
,[4961]巨击大乱斗,SWITCH,game,https://pan.quark.cn/s/8e93c069da7c,,,,
,[4981]不同的冬天,SWITCH,game,https://pan.quark.cn/s/63a4e7619138,,,,
,[5235]忍或死,SWITCH,game,https://pan.quark.cn/s/296bf8049c5f,,,,
,[5303]女神异闻录5 战略,SWITCH,game,https://pan.quark.cn/s/66d6efffe07d,,,,
,[5841]兔兔秘密花园,SWITCH,game,https://pan.quark.cn/s/1472983b8f26,,,,
,[5949]高分异常秘密,SWITCH,game,https://pan.quark.cn/s/1e4ef41fcb7f,,,,
,[6173]赛马娘 热血喧闹大感谢祭 公众号：switch游戏联盟,SWITCH,game,https://pan.quark.cn/s/f08f7d1b1830,,,,
,[6189]仙剑奇侠传1,SWITCH,game,https://pan.quark.cn/s/54713bfa065d,,,,
,[6330]互帮乐助,SWITCH,game,https://pan.quark.cn/s/042a0171cd96,,,,
,[6442]健身拳击3,SWITCH,game,https://pan.quark.cn/s/fdcd0812e3ff,,,,
,[6755]妄想凶疗院,SWITCH,game,https://pan.quark.cn/s/3393a04ec40b,,,,
,[6770]普利亚,SWITCH,game,https://pan.quark.cn/s/02a2230d86ce,,,,
,[7004]宇宙巡航舰 起源 公众号：switch游戏联盟,SWITCH,game,https://pan.quark.cn/s/cf5d4f210906,,,,
,[7023]少女布丁旅情,SWITCH,game,https://pan.quark.cn/s/e1a1fb9ef9ec,,,,
,[7038]美女请别影响我学习,SWITCH,game,https://pan.quark.cn/s/48da212a72c5,,,,
,[7056]斗阵骑士,SWITCH,game,https://pan.quark.cn/s/a7e4a23481c2,,,,
,[7081]全民高尔夫1,SWITCH,game,https://pan.quark.cn/s/bd158ab461fc,,,,
,[7114]龙山英雄,SWITCH,game,https://pan.quark.cn/s/6b0af4db5313,,,,
,[7120]吃豆人 吃遍世界2,SWITCH,game,https://pan.quark.cn/s/511f65cd6480,,,,
,[7146]绝对魔权,SWITCH,game,https://pan.quark.cn/s/eaa2a5dc2354,,,,
,[7171]木材数独,SWITCH,game,https://pan.quark.cn/s/fcdf6f33ecd0,,,,
,[7172]果冻形态,SWITCH,game,https://pan.quark.cn/s/0f21c76eb976,,,,
,[7178]不公平狂暴 骑士陨落,SWITCH,game,https://pan.quark.cn/s/edd7fae106c7,,,,
,[7208]无尽传说,SWITCH,game,https://pan.quark.cn/s/ef3232dac8ec,,,,
,[7240]赛博喵战士,SWITCH,game,https://pan.quark.cn/s/bff6288d8260,,,,
,[7277]V的愤怒,SWITCH,game,https://pan.quark.cn/s/9cf1da88dfba,,,,
,[7289]LoveR Kiss 无尽回忆,SWITCH,game,https://pan.quark.cn/s/5d66199689a2,,,,
,[合战忍者村].Ninja Village,SWITCH,game,https://pan.quark.cn/s/41c8e1d190f7,,,,
,[开罗游戏]大江户物语 Oh!Edo Towns,SWITCH,game,https://pan.quark.cn/s/b7ada735032f,,,,
,[灵魂契约 冥界物语].Soulbind Tales Of The Underworld,SWITCH,game,https://pan.quark.cn/s/5a548215b78c,,,,
,[名利游戏].Vanity Fair The Pursuit,SWITCH,game,https://pan.quark.cn/s/d81cb0c12d94,,,,
,[歧路旅人0].OCTOPATH TRAVELER 0,SWITCH,game,https://pan.quark.cn/s/72b3b4c012fa,,,,
,[深灰色].Eigengrau,SWITCH,game,https://pan.quark.cn/s/b6d57337a0f3,,,,
,AAA专业时钟2023,SWITCH,game,https://pan.quark.cn/s/7f972dd59e48,,,,
,埃比尼泽与无形世界,SWITCH,game,https://pan.quark.cn/s/fb99ef146bc4,,,,
,ACA NEOGEO精选集vol.1+vol.2,SWITCH,game,https://pan.quark.cn/s/965ffb8fe4dc,,,,
,爱的传递和爱的登入,SWITCH,game,https://pan.quark.cn/s/6230bbf08331,,,,
,艾迪芬奇的记忆,SWITCH,game,https://pan.quark.cn/s/2c622db8fd9a,,,,
,暗斗迷宫,SWITCH,game,https://pan.quark.cn/s/e9780335a881,,,,
,A的吸盘,SWITCH,game,https://pan.quark.cn/s/c63e4880f334,,,,
,埃尔登 遗忘之旅,SWITCH,game,https://pan.quark.cn/s/b0e4289ce0f5,,,,
,阿尔瓦合集,SWITCH,game,https://pan.quark.cn/s/4496a6bdf187,,,,
,AEW：战斗永远,SWITCH,game,https://pan.quark.cn/s/95b2836be2d9,,,,
,安抚,SWITCH,game,https://pan.quark.cn/s/d5417fe29e8d,,,,
,哀歌,SWITCH,game,https://pan.quark.cn/s/abd1d156861e,,,,
,奥咕和秘密森林 Ogu and the Secret Forest,SWITCH,game,https://pan.quark.cn/s/3494ca19dc9b,,,,
,黯海,SWITCH,game,https://pan.quark.cn/s/8733766420f9,,,,
,暗黑地牢,SWITCH,game,https://pan.quark.cn/s/0886b1c2f08f,,,,
,暗黑地牢2 Darkest Dungeon II,SWITCH,game,https://pan.quark.cn/s/42bbe1cfc648,,,,
,懊悔谷 Rue Valley,SWITCH,game,https://pan.quark.cn/s/440231507b36,,,,
,暗黑破坏神2 狱火重生 Diablo II Resurrected,SWITCH,game,https://pan.quark.cn/s/c393756d349e,,,,
,暗黑破坏神3：永恒典藏版,SWITCH,game,https://pan.quark.cn/s/92b81542ad06,,,,
,暗黑史诗：重制版,SWITCH,game,https://pan.quark.cn/s/16a62bdabec2,,,,
,暗黑探险4 Dark Quest,SWITCH,game,https://pan.quark.cn/s/00edb6ed1727,,,,
,暗黑血统：创世纪,SWITCH,game,https://pan.quark.cn/s/3979da4091be,,,,
,AI：梦境档案,SWITCH,game,https://pan.quark.cn/s/65f6e3de33f6,,,,
,AI：梦境档案 涅槃开始,SWITCH,game,https://pan.quark.cn/s/43ff0bc26535,,,,
,阿加莎 克里斯蒂 尼罗河上的惨案 Agatha Christie - Death on the Nile,SWITCH,game,https://pan.quark.cn/s/4e2d9e62cfc7,,,,
,阿加莎克里斯蒂 赫尔克里波洛 最初的案件 Agatha Christie - Hercule Poirot The First Cases,SWITCH,game,https://pan.quark.cn/s/b6c0c43e5973,,,,
,暗界探员,SWITCH,game,https://pan.quark.cn/s/f32d6ed7007b,,,,
,埃及艳后方块宝石,SWITCH,game,https://pan.quark.cn/s/2e619e5f8883,,,,
,阿卡,SWITCH,game,https://pan.quark.cn/s/cb488cb09154,,,,
,阿喀琉斯 幸存者 Achilles Survivor,SWITCH,game,https://pan.quark.cn/s/adc38fc28069,,,,
,阿喀琉斯：传说未竟之谜,SWITCH,game,https://pan.quark.cn/s/ca4968321ee1,,,,
,阿卡诺 永恒之战,SWITCH,game,https://pan.quark.cn/s/79b98f77f017,,,,
,鮟鱇鱼,SWITCH,game,https://pan.quark.cn/s/2bcd2fb9e0a1,,,,
,埃拉 序曲,SWITCH,game,https://pan.quark.cn/s/d9434b82967c,,,,
,奥力奥力世界,SWITCH,game,https://pan.quark.cn/s/16f9f3d9d452,,,,
,A列车：开始吧 观光开发计划 A-Train All Aboard! Tourism,SWITCH,game,https://pan.quark.cn/s/e0b87d6fe23b,,,,
,艾力达 边远地区的觉醒,SWITCH,game,https://pan.quark.cn/s/490f228906a1,,,,
,埃兰德大陆 生物暗影 ELDRADOR? CREATURES SHADOWFALL,SWITCH,game,https://pan.quark.cn/s/b12afbf7d9e2,,,,
,阿历克斯小子奇幻世界大冒险,SWITCH,game,https://pan.quark.cn/s/037e187b488d,,,,
,埃里克爷爷 不可思议手镯,SWITCH,game,https://pan.quark.cn/s/b5c1862828e9,,,,
,爱丽丝的扭曲仙境,SWITCH,game,https://pan.quark.cn/s/6f443562bc82,,,,
,奥雷萨之下,SWITCH,game,https://pan.quark.cn/s/e66e37387f69,,,,
,阿丽莎：双子女神的湮灭,SWITCH,game,https://pan.quark.cn/s/72df8b368046,,,,
,ALTF4,SWITCH,game,https://pan.quark.cn/s/251cadea81ac,,,,
,艾伦塔罗斯奇历,SWITCH,game,https://pan.quark.cn/s/01a85f223fd3,,,,
,艾莉亚纪元战记,SWITCH,game,https://pan.quark.cn/s/11c2e2cefe81,,,,
,艾罗之心,SWITCH,game,https://pan.quark.cn/s/bb3363da79ea,,,,
,艾玛和泰迪熊：影子历险记,SWITCH,game,https://pan.quark.cn/s/5fd6881eb22e,,,,
,阿玛拉王国：惩罚,SWITCH,game,https://pan.quark.cn/s/eeb939619107,,,,
,爱冒险的阿曼达,SWITCH,game,https://pan.quark.cn/s/56c9c92586ea,,,,
,安妮 最后的希望 ANNIE Last Hope,SWITCH,game,https://pan.quark.cn/s/a1ca687b7489,,,,
,阿努查德,SWITCH,game,https://pan.quark.cn/s/dd7a37ddafeb,,,,
,安娜的僵尸奥德赛,SWITCH,game,https://pan.quark.cn/s/126b52386a21,,,,
,安娜历险记,SWITCH,game,https://pan.quark.cn/s/1a97f13dcfc9,,,,
,埃普丽尔的日记,SWITCH,game,https://pan.quark.cn/s/0842adbf826a,,,,
,爱琴海的宝藏,SWITCH,game,https://pan.quark.cn/s/c8aa6977fed6,,,,
,安全漏洞,SWITCH,game,https://pan.quark.cn/s/5c0a923d4d3e,,,,
,傲气雄鹰：重载,SWITCH,game,https://pan.quark.cn/s/5f5e2c858571,,,,
,奥日2：精灵与萤火意志,SWITCH,game,https://pan.quark.cn/s/3aade8a1db60,,,,
,Archvale,SWITCH,game,https://pan.quark.cn/s/e4517b271d31,,,,
,矮人探险公司,SWITCH,game,https://pan.quark.cn/s/eb70232315b0,,,,
,阿瑞亚之旅,SWITCH,game,https://pan.quark.cn/s/2ea80d692294,,,,
,阿斯达伦：地球之泪,SWITCH,game,https://pan.quark.cn/s/2f054b000d0c,,,,
,奥术谷,SWITCH,game,https://pan.quark.cn/s/08b064546370,,,,
,爱上火车,SWITCH,game,https://pan.quark.cn/s/12b46509a407,,,,
,ASMR 切割,SWITCH,game,https://pan.quark.cn/s/8809718ceaaa,,,,
,阿斯特堡王国,SWITCH,game,https://pan.quark.cn/s/549632aa8fe1,,,,
,阿斯特：巨碑之刃,SWITCH,game,https://pan.quark.cn/s/09d276a8fd9c,,,,
,奥特罗斯,SWITCH,game,https://pan.quark.cn/s/5849383d0fc4,,,,
,奥特曼怪兽农场,SWITCH,game,https://pan.quark.cn/s/93ffeb2463a3,,,,
,阿泰诺之刃2 AeternoBlade2,SWITCH,game,https://pan.quark.cn/s/bbaa6eb1e7f5,,,,
,Ato,SWITCH,game,https://pan.quark.cn/s/c765e46cf112,,,,
,哀恸之日,SWITCH,game,https://pan.quark.cn/s/e5fe1eecc81a,,,,
,奥瓦的遗产,SWITCH,game,https://pan.quark.cn/s/ff476f334ee9,,,,
,阿维亚股份有限公司,SWITCH,game,https://pan.quark.cn/s/af388564dab4,,,,
,爱心小熊：救援行动,SWITCH,game,https://pan.quark.cn/s/c64b56f25a41,,,,
,暗影火炬城,SWITCH,game,https://pan.quark.cn/s/5af4ba8c379d,,,,
,暗影狂奔三部曲合集,SWITCH,game,https://pan.quark.cn/s/16a191c941c9,,,,
,暗夜长梦,SWITCH,game,https://pan.quark.cn/s/b832ada2a714,,,,
,暗之眷属,SWITCH,game,https://pan.quark.cn/s/a558fcf13c2a,,,,
,澳洲梦想镇 Dinkum,SWITCH,game,https://pan.quark.cn/s/cf3305e4a071,,,,
,爱之吻,SWITCH,game,https://pan.quark.cn/s/b57f970fcfd4,,,,
,爱之钥3,SWITCH,game,https://pan.quark.cn/s/21ec84475849,,,,
,爱，死亡和小猪 Spindle,SWITCH,game,https://pan.quark.cn/s/137b468ebfb2,,,,
,B-项目：流星幻想曲,SWITCH,game,https://pan.quark.cn/s/f2bd20c56973,,,,
,不安的灵魂,SWITCH,game,https://pan.quark.cn/s/c91802e226e5,,,,
,彼岸花,SWITCH,game,https://pan.quark.cn/s/0f75b267936f,,,,
,BallZ 豪华版,SWITCH,game,https://pan.quark.cn/s/10625027e542,,,,
,彼岸晴空,SWITCH,game,https://pan.quark.cn/s/387271476bb9,,,,
,彼岸星,SWITCH,game,https://pan.quark.cn/s/798487b32d4b,,,,
,百变大脑亨利 Henry Halfhead,SWITCH,game,https://pan.quark.cn/s/76fc111e5f65,,,,
,哔啵岛物语,SWITCH,game,https://pan.quark.cn/s/b6acdfbb3dbc,,,,
,巴别号漫游指南,SWITCH,game,https://pan.quark.cn/s/f52c0e35a454,,,,
,芭比梦幻屋历险记,SWITCH,game,https://pan.quark.cn/s/bbfdad5206ae,,,,
,哔哔砰砰大作战,SWITCH,game,https://pan.quark.cn/s/076e233ebff9,,,,
,邦巴斯,SWITCH,game,https://pan.quark.cn/s/dd8db65b1f5f,,,,
,爸爸是你,SWITCH,game,https://pan.quark.cn/s/ae24eebb60ce,,,,
,巴别图书馆,SWITCH,game,https://pan.quark.cn/s/560b75221921,,,,
,巴别塔圣歌,SWITCH,game,https://pan.quark.cn/s/d3b263010770,,,,
,背包英雄,SWITCH,game,https://pan.quark.cn/s/5da1697886f3,,,,
,变成大人也不要忘记,SWITCH,game,https://pan.quark.cn/s/1816c1e5a9c4,,,,
,彼处水如酒,SWITCH,game,https://pan.quark.cn/s/294365ac3a7f,,,,
,班迪 孤狼 Bendy Lone Wolf,SWITCH,game,https://pan.quark.cn/s/3079fa495ad0,,,,
,巴德的黄金,SWITCH,game,https://pan.quark.cn/s/14849e17b7c2,,,,
,班德尔城物语：英雄联盟外传,SWITCH,game,https://pan.quark.cn/s/3f5dc4d10073,,,,
,不动即死：释放,SWITCH,game,https://pan.quark.cn/s/29ac00128c78,,,,
,斑点猫 BlobCat,SWITCH,game,https://pan.quark.cn/s/95fd4bf8ead5,,,,
,绑定命运：江户的黑暗,SWITCH,game,https://pan.quark.cn/s/b7970423378d,,,,
,巴德斯潘塞和特伦斯希尔：幽默的豆子,SWITCH,game,https://pan.quark.cn/s/b39bb33859bc,,,,
,病毒特攻队,SWITCH,game,https://pan.quark.cn/s/66c9d41722d2,,,,
,别洞天记,SWITCH,game,https://pan.quark.cn/s/6ffb11fd92b2,,,,
,班迪与黑暗复兴,SWITCH,game,https://pan.quark.cn/s/7c48a70cdff8,,,,
,爆弹英雄,SWITCH,game,https://pan.quark.cn/s/76df6bab07f6,,,,
,Beatus Creation Solitaire,SWITCH,game,https://pan.quark.cn/s/ca14476f8d02,,,,
,巴尔多：猫头鹰守卫者,SWITCH,game,https://pan.quark.cn/s/03f3499fb9aa,,,,
,病房,SWITCH,game,https://pan.quark.cn/s/3a5ae0c62d87,,,,
,不复存在,SWITCH,game,https://pan.quark.cn/s/e6a9c23598e8,,,,
,避风港,SWITCH,game,https://pan.quark.cn/s/5879cf03e424,,,,
,八方旅人 [版本1.0.5],SWITCH,game,https://pan.quark.cn/s/5c6926b4f5eb,,,,
,八方旅人2 [版本1.1.1],SWITCH,game,https://pan.quark.cn/s/811a1e279ec4,,,,
,蝙蝠人：古代洞窟的谜团,SWITCH,game,https://pan.quark.cn/s/79791ad76a2e,,,,
,缤纷仙境,SWITCH,game,https://pan.quark.cn/s/7af2c6c5a5dd,,,,
,蝙蝠侠：阿卡姆城,SWITCH,game,https://pan.quark.cn/s/5b2f8d92f7cd,,,,
,蝙蝠侠：阿卡姆疯人院,SWITCH,game,https://pan.quark.cn/s/f6bd51d7cd07,,,,
,蝙蝠侠：阿卡姆骑士,SWITCH,game,https://pan.quark.cn/s/947e365edc6a,,,,
,八分钟帝国,SWITCH,game,https://pan.quark.cn/s/94bca7c53946,,,,
,爆发：传染性记忆,SWITCH,game,https://pan.quark.cn/s/b4dbf9722699,,,,
,饼干点点乐 Cookie Clicker,SWITCH,game,https://pan.quark.cn/s/03e29e69c392,,,,
,百花百狼,SWITCH,game,https://pan.quark.cn/s/f158488e0d0e,,,,
,北海道连续杀人事件：消失在鄂霍次克,SWITCH,game,https://pan.quark.cn/s/0b9be7876308,,,,
,贝荷嘉,SWITCH,game,https://pan.quark.cn/s/30ea2df67b55,,,,
,百货商场物语,SWITCH,game,https://pan.quark.cn/s/44ea921421df,,,,
,百合太刀降魔传,SWITCH,game,https://pan.quark.cn/s/7c2236a0f58b,,,,
,暴君的游戏,SWITCH,game,https://pan.quark.cn/s/c472a832b03b,,,,
,暴君的祝福,SWITCH,game,https://pan.quark.cn/s/18de60b636e4,,,,
,碧姬公主：表演时刻 [1.0.0],SWITCH,game,https://pan.quark.cn/s/4db9c6dcc89a,,,,
,不给糖就去si,SWITCH,game,https://pan.quark.cn/s/4e14376fb47f,,,,
,百剑讨妖传绮谭,SWITCH,game,https://pan.quark.cn/s/a1f4f6ac4d7c,,,,
,北境之地,SWITCH,game,https://pan.quark.cn/s/e76964d4219a,,,,
,崩溃大陆,SWITCH,game,https://pan.quark.cn/s/d14d90f7caff,,,,
,不可鲁莽,SWITCH,game,https://pan.quark.cn/s/969765b32ac5,,,,
,宝可梦传说Z-A Pokémon Legends Z-A,SWITCH,game,https://pan.quark.cn/s/31efe8f51872,,,,
,宝可梦传说：阿尔宙斯 [版本1.1.1],SWITCH,game,https://pan.quark.cn/s/c7ccecb8c135,,,,
,宝可梦咖啡馆,SWITCH,game,https://pan.quark.cn/s/9b63de2f49a4,,,,
,宝可梦铁拳DX [版本1.3.3],SWITCH,game,https://pan.quark.cn/s/b6841efffa96,,,,
,宝可梦ZA,SWITCH,game,https://pan.quark.cn/s/a0b89038572b,,,,
,宝可梦：盾 [版本1.3.2],SWITCH,game,https://pan.quark.cn/s/46e0ef419992,,,,
,宝可梦：剑 [版本1.3.2],SWITCH,game,https://pan.quark.cn/s/7fb6bdc4c366,,,,
,宝可梦：晶灿钻石 [版本1.3.0],SWITCH,game,https://pan.quark.cn/s/363eb003eea0,,,,
,宝可梦：明亮珍珠 [版本1.3.0],SWITCH,game,https://pan.quark.cn/s/c28e229678ac,,,,
,宝可梦：探险寻宝 [版本1.0.1],SWITCH,game,https://pan.quark.cn/s/bbc0def1fe88,,,,
,宝可梦：朱 [版本4.0.0],SWITCH,game,https://pan.quark.cn/s/be5a1183d73f,,,,
,宝可梦：紫 [版本4.0.0],SWITCH,game,https://pan.quark.cn/s/8ea743ae4290,,,,
,不可思议的新撰组：英雄的爱,SWITCH,game,https://pan.quark.cn/s/8d18f8ecb054,,,,
,不可思议之梦蝶,SWITCH,game,https://pan.quark.cn/s/e3b1790ad712,,,,
,不可逾越的红花：双月,SWITCH,game,https://pan.quark.cn/s/37c26bf508ab,,,,
,崩溃制造,SWITCH,game,https://pan.quark.cn/s/122cd04ffed7,,,,
,布洛比与德鲁比,SWITCH,game,https://pan.quark.cn/s/37b75a6d9694,,,,
,布拉茨 节奏与风格 Bratz? Rhythm & Style,SWITCH,game,https://pan.quark.cn/s/a298dcb32645,,,,
,便利店开店日记 Convenience Stories,SWITCH,game,https://pan.quark.cn/s/63a41df1151f,,,,
,碧蓝航线,SWITCH,game,https://pan.quark.cn/s/2e933264b5a9,,,,
,Blippo+,SWITCH,game,https://pan.quark.cn/s/5c3305ff02a4,,,,
,暴力喵喵拳：重喵版,SWITCH,game,https://pan.quark.cn/s/dbb6df2d81a8,,,,
,布鲁姆镇,SWITCH,game,https://pan.quark.cn/s/74b2b41f8eb0,,,,
,壁垒圣卫,SWITCH,game,https://pan.quark.cn/s/be7ae92e65fd,,,,
,巴拉特罗,SWITCH,game,https://pan.quark.cn/s/31f6b1992bca,,,,
,爆裂特遣队vs克里德博士的邪恶军团,SWITCH,game,https://pan.quark.cn/s/dd3d0267b246,,,,
,爆裂武装巴尔战车,SWITCH,game,https://pan.quark.cn/s/a3bd1272657e,,,,
,爆裂者合集,SWITCH,game,https://pan.quark.cn/s/5fd2b34fb833,,,,
,爆裂！甜点王国,SWITCH,game,https://pan.quark.cn/s/5e686adfed52,,,,
,薄暮夏梦,SWITCH,game,https://pan.quark.cn/s/32dcbb07f038,,,,
,兵马俑,SWITCH,game,https://pan.quark.cn/s/8b21d5011fc9,,,,
,百密一疏少女心,SWITCH,game,https://pan.quark.cn/s/a3d60438d9ba,,,,
,被虐的诺艾尔,SWITCH,game,https://pan.quark.cn/s/e522695258c9,,,,
,北欧灰烬 诸神黄昏幸存者 Nordic Ashes The Complete Saga,SWITCH,game,https://pan.quark.cn/s/a09f9b1d4a9b,,,,
,奔跑吧 水精灵,SWITCH,game,https://pan.quark.cn/s/4a91d690d600,,,,
,BPM 枪林弹雨,SWITCH,game,https://pan.quark.cn/s/1ab3e967c06b,,,,
,爆破青蛙,SWITCH,game,https://pan.quark.cn/s/06510b99407b,,,,
,编排者：角色解谜冒险,SWITCH,game,https://pan.quark.cn/s/a7ef021c13a5,,,,
,奔跑：中间的世界,SWITCH,game,https://pan.quark.cn/s/7fbfa9da1c2e,,,,
,板球 22,SWITCH,game,https://pan.quark.cn/s/616823f4c4b1,,,,
,棒球部物语,SWITCH,game,https://pan.quark.cn/s/4ab10eb91176,,,,
,棒球俱乐部,SWITCH,game,https://pan.quark.cn/s/b3f253cdc426,,,,
,兵器少女艾格洁莉卡,SWITCH,game,https://pan.quark.cn/s/32b4bddfc5b3,,,,
,棒球小子,SWITCH,game,https://pan.quark.cn/s/1faafc0b5a09,,,,
,抱歉已打烊,SWITCH,game,https://pan.quark.cn/s/c3c31ac89a86,,,,
,抱歉，我是NPC,SWITCH,game,https://pan.quark.cn/s/c6e36754c774,,,,
,白日梦魇：沙堡1994,SWITCH,game,https://pan.quark.cn/s/f955cc1dc9bb,,,,
,不死 英雄任务 Deathless. The Hero Quest,SWITCH,game,https://pan.quark.cn/s/3073b4ef84df,,,,
,悲伤病毒,SWITCH,game,https://pan.quark.cn/s/b88c38de328d,,,,
,半死不活3,SWITCH,game,https://pan.quark.cn/s/a6582c84fa00,,,,
,比斯顿山传说,SWITCH,game,https://pan.quark.cn/s/61a76807dd1b,,,,
,巴斯钓鱼,SWITCH,game,https://pan.quark.cn/s/1fa8ceb06d37,,,,
,不死军团2：大墓地,SWITCH,game,https://pan.quark.cn/s/ef90797d9b76,,,,
,巴士模拟 城市之旅,SWITCH,game,https://pan.quark.cn/s/be67a29d3280,,,,
,白色情人节 恐怖学校,SWITCH,game,https://pan.quark.cn/s/da98af8469fc,,,,
,变身少女,SWITCH,game,https://pan.quark.cn/s/81fb3784395f,,,,
,波斯王子 Rogue The Rogue Prince of Persia,SWITCH,game,https://pan.quark.cn/s/fb61fde77ebf,,,,
,波斯王子：失落的王冠,SWITCH,game,https://pan.quark.cn/s/23d810a5baee,,,,
,白蛇心传,SWITCH,game,https://pan.quark.cn/s/74f0af8e5cca,,,,
,不思议的皇冠,SWITCH,game,https://pan.quark.cn/s/6a2ea33f0ce3,,,,
,白色羽翼,SWITCH,game,https://pan.quark.cn/s/8543c821f667,,,,
,白色羽翼 White Wings,SWITCH,game,https://pan.quark.cn/s/26b7031db7ef,,,,
,捕食者,SWITCH,game,https://pan.quark.cn/s/4b49645d073c,,,,
,宝石战争,SWITCH,game,https://pan.quark.cn/s/d508a05ea3a3,,,,
,不死者之王：逃离纳萨力克,SWITCH,game,https://pan.quark.cn/s/a23f8dc01b21,,,,
,霸天开拓史1+2高清重制版,SWITCH,game,https://pan.quark.cn/s/e364ec0b7f31,,,,
,暴徒猎手,SWITCH,game,https://pan.quark.cn/s/46ea933507eb,,,,
,败铁生衣,SWITCH,game,https://pan.quark.cn/s/3f058a58ae01,,,,
,病态：愤怒之王,SWITCH,game,https://pan.quark.cn/s/8d145df6e324,,,,
,病态：七侍者,SWITCH,game,https://pan.quark.cn/s/78fee72fdbb6,,,,
,波提：字节国度大冒险,SWITCH,game,https://pan.quark.cn/s/0d0a75b42d56,,,,
,百万吨级武藏,SWITCH,game,https://pan.quark.cn/s/ef3d486e751a,,,,
,百万吨级武藏W：豪华版,SWITCH,game,https://pan.quark.cn/s/7e6c3d19a80e,,,,
,冰雪大冲关,SWITCH,game,https://pan.quark.cn/s/a5e50e85d45f,,,,
,变形金刚：地球火种远征,SWITCH,game,https://pan.quark.cn/s/bea4cecf8176,,,,
,变形金刚：银河试炼,SWITCH,game,https://pan.quark.cn/s/b8ef9c0994df,,,,
,变形金刚：战场,SWITCH,game,https://pan.quark.cn/s/037dec18fbb9,,,,
,变形侦探,SWITCH,game,https://pan.quark.cn/s/5b58ebe35d2e,,,,
,背影,SWITCH,game,https://pan.quark.cn/s/7e7a2cfaf5f9,,,,
,八云传说,SWITCH,game,https://pan.quark.cn/s/2d9f1b65a676,,,,
,薄樱鬼 真改 黎明录,SWITCH,game,https://pan.quark.cn/s/f6a1a23b032e,,,,
,薄樱鬼SSL,SWITCH,game,https://pan.quark.cn/s/b8f37d0af52f,,,,
,薄樱鬼真改风华传,SWITCH,game,https://pan.quark.cn/s/df84bf26d710,,,,
,薄樱鬼真改：银星之抄＋月影之抄,SWITCH,game,https://pan.quark.cn/s/8bb776fe9163,,,,
,八音盒,SWITCH,game,https://pan.quark.cn/s/a91227b1b827,,,,
,白与黑的爱丽丝,SWITCH,game,https://pan.quark.cn/s/4846c2a395a7,,,,
,不要害怕,SWITCH,game,https://pan.quark.cn/s/7011d0f2f416,,,,
,蓓优妮塔 起源 瑟蕾莎与迷失的恶魔.0],SWITCH,game,https://pan.quark.cn/s/dbd11cd7b185,,,,
,被遗忘的我们 War Mongrels,SWITCH,game,https://pan.quark.cn/s/d09101fa03a6,,,,
,百英雄传,SWITCH,game,https://pan.quark.cn/s/b0ca9c5a2f5f,,,,
,百英雄传：崛起,SWITCH,game,https://pan.quark.cn/s/d526af81d260,,,,
,白衣性恋爱依存症,SWITCH,game,https://pan.quark.cn/s/c2b737eef1a1,,,,
,保育学生,SWITCH,game,https://pan.quark.cn/s/500b86c2f756,,,,
,变异小镇,SWITCH,game,https://pan.quark.cn/s/6bd21aa23201,,,,
,波与月夜之青莲 Bō Path of the Teal Lotus,SWITCH,game,https://pan.quark.cn/s/41e374e6731f,,,,
,悲兆,SWITCH,game,https://pan.quark.cn/s/fdb4aec10a5f,,,,
,暴走大鹅,SWITCH,game,https://pan.quark.cn/s/4528c7bbd7b8,,,,
,宝藏掉落 Treasure Drop,SWITCH,game,https://pan.quark.cn/s/1007621a433d,,,,
,包装公司,SWITCH,game,https://pan.quark.cn/s/8c6e5a3865de,,,,
,暴走恐龙,SWITCH,game,https://pan.quark.cn/s/ce1c22602971,,,,
,白之旅,SWITCH,game,https://pan.quark.cn/s/7f9f1229315d,,,,
,暴走汽车大赛23,SWITCH,game,https://pan.quark.cn/s/d53b0e33d7c2,,,,
,暴走枪姬,SWITCH,game,https://pan.quark.cn/s/cf1de707fd81,,,,
,暴躁司机 Grumpy Driver,SWITCH,game,https://pan.quark.cn/s/5a6db021cf5e,,,,
,贝兹娃娃 炫耀你的时尚,SWITCH,game,https://pan.quark.cn/s/f99ec8031b5c,,,,
,暴走仙人掌,SWITCH,game,https://pan.quark.cn/s/64cece77e223,,,,
,爆钻小英雄：钻头乐园,SWITCH,game,https://pan.quark.cn/s/05a69063eb0b,,,,
,笨拙英雄,SWITCH,game,https://pan.quark.cn/s/1eda9919a64c,,,,
,被诅咒的暗影：地狱重制版,SWITCH,game,https://pan.quark.cn/s/7209e34b8e40,,,,
,被诅咒的小护！ ReCurseMamorukun ReCurse!,SWITCH,game,https://pan.quark.cn/s/6121c7d95062,,,,
,炒,SWITCH,game,https://pan.quark.cn/s/9f82120a4f13,,,,
,出埃及记,SWITCH,game,https://pan.quark.cn/s/152c9f5fa5b9,,,,
,CarX 漂移赛车,SWITCH,game,https://pan.quark.cn/s/e0e3d0aa0cd1,,,,
,纯爱声放送 Voice Love On Air,SWITCH,game,https://pan.quark.cn/s/cee33052661e,,,,
,CATO黄油猫,SWITCH,game,https://pan.quark.cn/s/fea9201e4ff6,,,,
,尘埃异变,SWITCH,game,https://pan.quark.cn/s/049a8d77c3cd,,,,
,尘埃终须落定,SWITCH,game,https://pan.quark.cn/s/9d26423c11f9,,,,
,城堡 Becastled,SWITCH,game,https://pan.quark.cn/s/c6920f385593,,,,
,城堡翻新师,SWITCH,game,https://pan.quark.cn/s/ea3750071a6a,,,,
,城堡毁灭者：重制版,SWITCH,game,https://pan.quark.cn/s/2c8d60299e10,,,,
,船舶墓地模拟器,SWITCH,game,https://pan.quark.cn/s/04a6e25fbfe4,,,,
,城堡满是猫,SWITCH,game,https://pan.quark.cn/s/efe93642e371,,,,
,茶杯头,SWITCH,game,https://pan.quark.cn/s/7ca6a868d94b,,,,
,拆包装,SWITCH,game,https://pan.quark.cn/s/b140e30f0ba4,,,,
,冲刺 赛车物语,SWITCH,game,https://pan.quark.cn/s/82844e26315f,,,,
,超次次元游戏 海王星重生3 V世纪 Hyperdimension Neptunia Re Birth3 V GENERATION,SWITCH,game,https://pan.quark.cn/s/9ca82d01a01e,,,,
,超次次元游戏 战机少女重生1 Hyperdimension Neptunia Re Birth1,SWITCH,game,https://pan.quark.cn/s/2a82cb7a4e18,,,,
,超次次元游戏 战机少女重生2 姐妹世代,SWITCH,game,https://pan.quark.cn/s/1f006df35407,,,,
,叉车极限,SWITCH,game,https://pan.quark.cn/s/6036e5808d63,,,,
,冲刺拉力,SWITCH,game,https://pan.quark.cn/s/b7d1530af329,,,,
,层层梦境,SWITCH,game,https://pan.quark.cn/s/4ef3bd01c266,,,,
,沉船逃生,SWITCH,game,https://pan.quark.cn/s/2e81d92be68b,,,,
,沉船遗礼,SWITCH,game,https://pan.quark.cn/s/a48336914976,,,,
,超次元游戏海王星：姐妹对决,SWITCH,game,https://pan.quark.cn/s/399f1441765c,,,,
,超次元战记：战机少女,SWITCH,game,https://pan.quark.cn/s/07c3af7d9be2,,,,
,彩弹3 糖果配对工厂,SWITCH,game,https://pan.quark.cn/s/153bbb5b9419,,,,
,擦弹反击GM,SWITCH,game,https://pan.quark.cn/s/e73bd71c6e65,,,,
,出道计划：烹饪咖啡馆,SWITCH,game,https://pan.quark.cn/s/2f9a5325713d,,,,
,吃豆人博物馆+,SWITCH,game,https://pan.quark.cn/s/062f53bbaa22,,,,
,磁带妖怪,SWITCH,game,https://pan.quark.cn/s/e5de9400f00e,,,,
,赤刀真,SWITCH,game,https://pan.quark.cn/s/a33e4ab9498f,,,,
,查尔斯小火车,SWITCH,game,https://pan.quark.cn/s/bdeb8255c893,,,,
,超疯狂节奏城堡,SWITCH,game,https://pan.quark.cn/s/454e1c1c0827,,,,
,厨房模拟器,SWITCH,game,https://pan.quark.cn/s/5ba35b855a07,,,,
,厨房危机,SWITCH,game,https://pan.quark.cn/s/da3ab5e36459,,,,
,常规工厂 密室逃脱,SWITCH,game,https://pan.quark.cn/s/5520e8a864ca,,,,
,赤痕 月之诅咒2,SWITCH,game,https://pan.quark.cn/s/f7075de2c201,,,,
,Charrua足球,SWITCH,game,https://pan.quark.cn/s/87dd74f67e5b,,,,
,超合金游侠,SWITCH,game,https://pan.quark.cn/s/e06080ed75dc,,,,
,赤红猛禽,SWITCH,game,https://pan.quark.cn/s/5dbc97fb761a,,,,
,彩虹赛跑,SWITCH,game,https://pan.quark.cn/s/2153f30ecb47,,,,
,超惑星战记ZERO3,SWITCH,game,https://pan.quark.cn/s/b6668b618817,,,,
,彩虹伊歌德拉西尔,SWITCH,game,https://pan.quark.cn/s/003498edeb00,,,,
,赤红之街 恶魔的挑战,SWITCH,game,https://pan.quark.cn/s/119477a316bf,,,,
,彩虹坠入 Iris.Fall,SWITCH,game,https://pan.quark.cn/s/7e3645fba019,,,,
,赤痕：夜之仪式,SWITCH,game,https://pan.quark.cn/s/5bf8191d1a89,,,,
,超级不可思议之路,SWITCH,game,https://pan.quark.cn/s/573dae72f78b,,,,
,超级爆裂排球,SWITCH,game,https://pan.quark.cn/s/c98d8e1c83cc,,,,
,超级爆裂网球,SWITCH,game,https://pan.quark.cn/s/8270a30e6a4d,,,,
,超级爆裂运动,SWITCH,game,https://pan.quark.cn/s/f20ee52f368d,,,,
,超级棒球3,SWITCH,game,https://pan.quark.cn/s/6482f84a3d52,,,,
,超级棒球4,SWITCH,game,https://pan.quark.cn/s/3869dbd20b27,,,,
,超级地牢制造,SWITCH,game,https://pan.quark.cn/s/77c8c425f630,,,,
,超级动物大逃杀,SWITCH,game,https://pan.quark.cn/s/55afa26835fd,,,,
,超级房车赛：汽车运动,SWITCH,game,https://pan.quark.cn/s/326cab857cbc,,,,
,超级黑暗欺骗,SWITCH,game,https://pan.quark.cn/s/6953a73ad921,,,,
,超级猴子球：香蕉大乱斗,SWITCH,game,https://pan.quark.cn/s/9555e48bd5f0,,,,
,虫JI,SWITCH,game,https://pan.quark.cn/s/ac21bd26276d,,,,
,超级鸡马,SWITCH,game,https://pan.quark.cn/s/a7bfe57311de,,,,
,超级机器人大战30,SWITCH,game,https://pan.quark.cn/s/eab125a57538,,,,
,超级机器人大战Y SUPER ROBOT WARS Y,SWITCH,game,https://pan.quark.cn/s/417162ddc1aa,,,,
,超级恐龙,SWITCH,game,https://pan.quark.cn/s/ae7c759d7f69,,,,
,超级领地,SWITCH,game,https://pan.quark.cn/s/1ec2dbc6e85d,,,,
,超级马里奥3D世界+狂怒世界 Super Mario 3D World + Bowser s Fury,SWITCH,game,https://pan.quark.cn/s/6d67d5ad4073,,,,
,超级马里奥派对 空前盛会 Super Mario Party Jamboree,SWITCH,game,https://pan.quark.cn/s/ed9144cf272f,,,,
,超级马里奥RPG [版本1.0.1],SWITCH,game,https://pan.quark.cn/s/3fc31d3e5438,,,,
,超级马里奥银河1+2 Super Mario Galaxy 1+2,SWITCH,game,https://pan.quark.cn/s/6de14aad66a4,,,,
,超级马里奥：惊奇,SWITCH,game,https://pan.quark.cn/s/b087ba075a10,,,,
,超级冒险手,SWITCH,game,https://pan.quark.cn/s/347b80c227ff,,,,
,超级碾压,SWITCH,game,https://pan.quark.cn/s/86a78d1d6d26,,,,
,超鸡派对,SWITCH,game,https://pan.quark.cn/s/b654373515fe,,,,
,超级忍 反攻的斩击 SHINOBI Art of Vengeance,SWITCH,game,https://pan.quark.cn/s/fa704b0fefae,,,,
,沉寂世界,SWITCH,game,https://pan.quark.cn/s/d53c50507286,,,,
,超级射击 山谷战争防御,SWITCH,game,https://pan.quark.cn/s/4a375d422aa5,,,,
,超级双截龙,SWITCH,game,https://pan.quark.cn/s/3fcfa7762c47,,,,
,超级食肉男孩,SWITCH,game,https://pan.quark.cn/s/d6823afb9189,,,,
,超级Technos世界：热血系列与街机经典收藏版,SWITCH,game,https://pan.quark.cn/s/d994d6f2b9f5,,,,
,超级特朗科 冲,SWITCH,game,https://pan.quark.cn/s/ed5aa5d61178,,,,
,超级兔子人,SWITCH,game,https://pan.quark.cn/s/c11f9d0ad9a3,,,,
,超级沃顿GP,SWITCH,game,https://pan.quark.cn/s/f86de0e45df4,,,,
,超级沃顿GP2,SWITCH,game,https://pan.quark.cn/s/23af6d3b8f6b,,,,
,超级舞动：瓦力欧制造 [版本1.0.0],SWITCH,game,https://pan.quark.cn/s/da3ab1237a36,,,,
,冲就完事模拟器,SWITCH,game,https://pan.quark.cn/s/c05a540f9292,,,,
,超级肖恩007,SWITCH,game,https://pan.quark.cn/s/47e48cd2044c,,,,
,超级摇动女孩,SWITCH,game,https://pan.quark.cn/s/988741a2fa0b,,,,
,超级英雄驾驶学校,SWITCH,game,https://pan.quark.cn/s/2599200a7fbb,,,,
,超级益智游戏合集,SWITCH,game,https://pan.quark.cn/s/068e0e2dd289,,,,
,超级子弹破,SWITCH,game,https://pan.quark.cn/s/570d54ffd6a5,,,,
,超级炸弹人贾格尔2,SWITCH,game,https://pan.quark.cn/s/eacf429e4ae2,,,,
,超级炸弹人R,SWITCH,game,https://pan.quark.cn/s/00235416cc65,,,,
,超级炸弹人R2,SWITCH,game,https://pan.quark.cn/s/b87fd927c182,,,,
,串烤店大亨,SWITCH,game,https://pan.quark.cn/s/0ba4de4b74dc,,,,
,采矿机器,SWITCH,game,https://pan.quark.cn/s/4e096fdbc2a0,,,,
,超狂技师,SWITCH,game,https://pan.quark.cn/s/6fbaf352949f,,,,
,出口人豪华版,SWITCH,game,https://pan.quark.cn/s/0cb66a173fe8,,,,
,刺客信条 艾吉奥合集,SWITCH,game,https://pan.quark.cn/s/ba64ea6121b3,,,,
,刺客信条3：重置版,SWITCH,game,https://pan.quark.cn/s/274c8e25e6ff,,,,
,苍蓝雷霆GUNVOLT三棱合极版,SWITCH,game,https://pan.quark.cn/s/65b7e2e82b28,,,,
,Clock Zero终焉之一秒,SWITCH,game,https://pan.quark.cn/s/eaa15a5f9138,,,,
,Clouzy,SWITCH,game,https://pan.quark.cn/s/6dcb720a1243,,,,
,潮流TJ队,SWITCH,game,https://pan.quark.cn/s/918a5edda947,,,,
,触摸节拍,SWITCH,game,https://pan.quark.cn/s/0ba56fcf0256,,,,
,聪明先生太空冒险,SWITCH,game,https://pan.quark.cn/s/aba345ff9de9,,,,
,吃喵一剑,SWITCH,game,https://pan.quark.cn/s/7c1fa416701b,,,,
,铳墓：增强版,SWITCH,game,https://pan.quark.cn/s/75ef4959db90,,,,
,磁片骑士,SWITCH,game,https://pan.quark.cn/s/b803cbf477d9,,,,
,出跑赛车,SWITCH,game,https://pan.quark.cn/s/e44bbb731ef8,,,,
,草坪修剪模拟器,SWITCH,game,https://pan.quark.cn/s/a1649356d615,,,,
,从前从前有个块魂 Once Upon A KATAMARI,SWITCH,game,https://pan.quark.cn/s/0bd06efa5caa,,,,
,传奇故事 亡命之旅,SWITCH,game,https://pan.quark.cn/s/eee7fc2d88bb,,,,
,苍穹雷霆：锁环,SWITCH,game,https://pan.quark.cn/s/e80233ba9979,,,,
,传奇米老鼠：重制版,SWITCH,game,https://pan.quark.cn/s/88f03201579b,,,,
,传奇摔跤手,SWITCH,game,https://pan.quark.cn/s/e3d767fff4fc,,,,
,传奇小轮车,SWITCH,game,https://pan.quark.cn/s/bfdba96842f3,,,,
,趁热打铁,SWITCH,game,https://pan.quark.cn/s/70223f310a8f,,,,
,炽热合金,SWITCH,game,https://pan.quark.cn/s/a3fc106049b2,,,,
,Crumble,SWITCH,game,https://pan.quark.cn/s/3adbec0b2887,,,,
,春逝百年抄,SWITCH,game,https://pan.quark.cn/s/56595dda6b98,,,,
,创世的姬君,SWITCH,game,https://pan.quark.cn/s/76b00b45a1bf,,,,
,传说法师,SWITCH,game,https://pan.quark.cn/s/c5dcc7efb6f5,,,,
,传说法师2 Wizard of Legend 2,SWITCH,game,https://pan.quark.cn/s/49c59cdbd3b8,,,,
,侧视高尔夫,SWITCH,game,https://pan.quark.cn/s/98d96775ef61,,,,
,城市规划大师,SWITCH,game,https://pan.quark.cn/s/f37e9adffab2,,,,
,从萨格里什起航,SWITCH,game,https://pan.quark.cn/s/56ec809f7fd9,,,,
,创世纪战：灰色遗迹,SWITCH,game,https://pan.quark.cn/s/d8fd900d9436,,,,
,超时空要塞：射击洞察,SWITCH,game,https://pan.quark.cn/s/febdea64de82,,,,
,超时空战记,SWITCH,game,https://pan.quark.cn/s/492190c9a9d6,,,,
,城市流,SWITCH,game,https://pan.quark.cn/s/34c6785ee2a6,,,,
,冲绳猛汉,SWITCH,game,https://pan.quark.cn/s/b39a6b6511c4,,,,
,传送门：同伴合集,SWITCH,game,https://pan.quark.cn/s/818c6b957f27,,,,
,传送枪,SWITCH,game,https://pan.quark.cn/s/c4cb70c2d5b8,,,,
,厨师生活：餐厅模拟器,SWITCH,game,https://pan.quark.cn/s/63e70eadc65a,,,,
,仓鼠物语,SWITCH,game,https://pan.quark.cn/s/f6dca755a831,,,,
,朝圣者,SWITCH,game,https://pan.quark.cn/s/1e27c81c30bd,,,,
,创神之阿尔斯马格纳,SWITCH,game,https://pan.quark.cn/s/55fb60584710,,,,
,常世之塔,SWITCH,game,https://pan.quark.cn/s/504c4db7838d,,,,
,传说之下,SWITCH,game,https://pan.quark.cn/s/5e3dc662b10b,,,,
,餐厅大亨 我的烹饪帝国 Restaurant Tycoon My Cooking Empire,SWITCH,game,https://pan.quark.cn/s/51dcb84ce312,,,,
,炽天使的最后一刻,SWITCH,game,https://pan.quark.cn/s/a0f0b438b45c,,,,
,采维,SWITCH,game,https://pan.quark.cn/s/802bde7dc344,,,,
,宠物餐吧,SWITCH,game,https://pan.quark.cn/s/5d3f4a10a107,,,,
,初音岛 Re tune D.C. Re tune ～ダ?カーポ～ リチューン,SWITCH,game,https://pan.quark.cn/s/87e7bc050c06,,,,
,餐瘾地城,SWITCH,game,https://pan.quark.cn/s/1d91953372dc,,,,
,赤与灯皆有诡异集册,SWITCH,game,https://pan.quark.cn/s/67ad508659bb,,,,
,厨艺大师,SWITCH,game,https://pan.quark.cn/s/c2bc00abd11f,,,,
,吹与飞,SWITCH,game,https://pan.quark.cn/s/cb91a0f5b822,,,,
,察言观色合集,SWITCH,game,https://pan.quark.cn/s/0aece4e80b4c,,,,
,穿越僵尸启示录2,SWITCH,game,https://pan.quark.cn/s/d207f85e3733,,,,
,创意咖啡店物语 Cafe Master Story,SWITCH,game,https://pan.quark.cn/s/9c7b19e23451,,,,
,穿越梦魇,SWITCH,game,https://pan.quark.cn/s/a1fb0d98e133,,,,
,柴油朋克,SWITCH,game,https://pan.quark.cn/s/3d51b3e0dd0d,,,,
,超越善恶20周年纪念版,SWITCH,game,https://pan.quark.cn/s/e7bdd3f3ea23,,,,
,超越时空,SWITCH,game,https://pan.quark.cn/s/8b431257a3e3,,,,
,次元少女科涅鲁 Coneru Dimension Girl,SWITCH,game,https://pan.quark.cn/s/6adb8310c672,,,,
,初音未来 不思议星星与许愿碎片,SWITCH,game,https://pan.quark.cn/s/a960de9f1286,,,,
,初音未来：歌姬计划,SWITCH,game,https://pan.quark.cn/s/ac772df41cc8,,,,
,超阈限空间,SWITCH,game,https://pan.quark.cn/s/ccf1b15da01a,,,,
,超越银河世界,SWITCH,game,https://pan.quark.cn/s/e6208ae08d29,,,,
,穿越最黑暗的时代 走过至暗时刻 Through the Darkest of Times,SWITCH,game,https://pan.quark.cn/s/687b587b37d6,,,,
,残月之锁宫,SWITCH,game,https://pan.quark.cn/s/d78af213c3ee,,,,
,彩翼：雨林梦蝶,SWITCH,game,https://pan.quark.cn/s/b2a721c45c8f,,,,
,船长,SWITCH,game,https://pan.quark.cn/s/56b8295fec24,,,,
,城镇叠叠乐,SWITCH,game,https://pan.quark.cn/s/ad24af4cda73,,,,
,超载地牢,SWITCH,game,https://pan.quark.cn/s/2c99fe7d2a70,,,,
,创造都市岛物语 Dream Town Island,SWITCH,game,https://pan.quark.cn/s/239b1203509e,,,,
,成长机器人,SWITCH,game,https://pan.quark.cn/s/82bb69b8d7ec,,,,
,虫子快餐厅,SWITCH,game,https://pan.quark.cn/s/894fd4fd0ca1,,,,
,超战女武神,SWITCH,game,https://pan.quark.cn/s/022fe926e757,,,,
,铲子骑士：究极巅峰之战,SWITCH,game,https://pan.quark.cn/s/584570c55f77,,,,
,铲子骑士：口袋地牢,SWITCH,game,https://pan.quark.cn/s/5bc274aafea0,,,,
,超侦探事件簿：雾雨谜宫,SWITCH,game,https://pan.quark.cn/s/3b505b8cd4d1,,,,
,垂直王国,SWITCH,game,https://pan.quark.cn/s/c04d40329572,,,,
,成长物语：永恒树之歌,SWITCH,game,https://pan.quark.cn/s/6fb05f62b0f9,,,,
,创：催化,SWITCH,game,https://pan.quark.cn/s/ba72be64e5c0,,,,
,答案是42,SWITCH,game,https://pan.quark.cn/s/7acb165d8106,,,,
,D版代码,SWITCH,game,https://pan.quark.cn/s/4f5305dc7609,,,,
,大便咖喱,SWITCH,game,https://pan.quark.cn/s/5c6f4a98e09d,,,,
,躲避球学院,SWITCH,game,https://pan.quark.cn/s/bc5b6073b84d,,,,
,DC超级宠物联盟：小氪和王牌大冒险,SWITCH,game,https://pan.quark.cn/s/45a5218caa64,,,,
,多愁善感死亡轮回,SWITCH,game,https://pan.quark.cn/s/e968ab9c8dc7,,,,
,DC正义联盟,SWITCH,game,https://pan.quark.cn/s/c076e5eb8178,,,,
,点点便利店,SWITCH,game,https://pan.quark.cn/s/70a39efdc8ff,,,,
,捣蛋大作战,SWITCH,game,https://pan.quark.cn/s/d79f0839c768,,,,
,丁丁历险记：法老的雪茄,SWITCH,game,https://pan.quark.cn/s/647e2fe88153,,,,
,地底潜水员,SWITCH,game,https://pan.quark.cn/s/a13c246c9a51,,,,
,叮咚XL Ding Dong XL,SWITCH,game,https://pan.quark.cn/s/3786f95dedd5,,,,
,DD指令 重启,SWITCH,game,https://pan.quark.cn/s/eabffc493d3e,,,,
,DEADCRAFT,SWITCH,game,https://pan.quark.cn/s/14ec5e2ebb9f,,,,
,DEATHRUN TV,SWITCH,game,https://pan.quark.cn/s/334731095683,,,,
,DemonGo,SWITCH,game,https://pan.quark.cn/s/462c9032c033,,,,
,Demoniaca Everlasting Night,SWITCH,game,https://pan.quark.cn/s/4ca26a5701d0,,,,
,Desta：梦中追忆,SWITCH,game,https://pan.quark.cn/s/22bd4cdf994c,,,,
,东方弹幕神乐 失落幻想,SWITCH,game,https://pan.quark.cn/s/5a62a6e82deb,,,,
,弹飞噩梦,SWITCH,game,https://pan.quark.cn/s/a5e98c69f2ed,,,,
,东方刚欲异闻 被水淹没的沉愁地狱,SWITCH,game,https://pan.quark.cn/s/1d1c95de6ae3,,,,
,东方幻想麻雀 Touhou Gensou Mahjong,SWITCH,game,https://pan.quark.cn/s/c4209427693f,,,,
,达芬奇密室3,SWITCH,game,https://pan.quark.cn/s/1edd151b34e7,,,,
,东方人造梦 Arcadia,SWITCH,game,https://pan.quark.cn/s/77aa9151c85d,,,,
,东方少女绮想谭,SWITCH,game,https://pan.quark.cn/s/1ab8d5c71c6e,,,,
,大富翁4 Fun RichMan 4 Fun,SWITCH,game,https://pan.quark.cn/s/caa3f92065ed,,,,
,大富翁10,SWITCH,game,https://pan.quark.cn/s/613edf8e93a3,,,,
,大富翁11 RichMan 11,SWITCH,game,https://pan.quark.cn/s/d3c66dc074ca,,,,
,东方新世界,SWITCH,game,https://pan.quark.cn/s/802a27aa7e86,,,,
,大凤羽空和刻之剑,SWITCH,game,https://pan.quark.cn/s/75aeace4a8a4,,,,
,东方夜雀食堂,SWITCH,game,https://pan.quark.cn/s/390b7abdca40,,,,
,刀锋战神,SWITCH,game,https://pan.quark.cn/s/9d07a4d576f8,,,,
,东方咒术泡泡,SWITCH,game,https://pan.quark.cn/s/d9713bf926cf,,,,
,断钢,SWITCH,game,https://pan.quark.cn/s/8ac724583938,,,,
,大衮 完整版 Dagon Complete Edition,SWITCH,game,https://pan.quark.cn/s/3c8f3fdb9237,,,,
,蛋糕大乱斗,SWITCH,game,https://pan.quark.cn/s/aa406e82e83a,,,,
,大功告成,SWITCH,game,https://pan.quark.cn/s/b63836805ca4,,,,
,电工模拟器,SWITCH,game,https://pan.quark.cn/s/e24114aad103,,,,
,打工人,SWITCH,game,https://pan.quark.cn/s/b1c485fcd9b3,,,,
,蛋糕入侵者,SWITCH,game,https://pan.quark.cn/s/3d4315d0b5de,,,,
,打骨折超市日记 Discounty,SWITCH,game,https://pan.quark.cn/s/b8f903a9d488,,,,
,弹魂,SWITCH,game,https://pan.quark.cn/s/66484002b268,,,,
,弹魂 无限爆裂,SWITCH,game,https://pan.quark.cn/s/37ef5f7d37f5,,,,
,大航海时代4 with 威力加強版,SWITCH,game,https://pan.quark.cn/s/71bd2e6ac695,,,,
,大海贼探险物语DX,SWITCH,game,https://pan.quark.cn/s/a7fa8a275fcb,,,,
,代号：海洋守护者,SWITCH,game,https://pan.quark.cn/s/47a73067c52a,,,,
,点睛,SWITCH,game,https://pan.quark.cn/s/86162f4a00fa,,,,
,岛津,SWITCH,game,https://pan.quark.cn/s/c67ea7908594,,,,
,大家1-2-Switch [版本1.0.1],SWITCH,game,https://pan.quark.cn/s/9421497e2a26,,,,
,斗技场的阿利娜,SWITCH,game,https://pan.quark.cn/s/91bdc5a171a6,,,,
,东京都市谜案特搜事件簿,SWITCH,game,https://pan.quark.cn/s/5649c7b55b6d,,,,
,大金刚：归来HD,SWITCH,game,https://pan.quark.cn/s/09ef4a7de9b6,,,,
,东京幻都eX+,SWITCH,game,https://pan.quark.cn/s/8ea61c6c313c,,,,
,迭加或潜水尝试,SWITCH,game,https://pan.quark.cn/s/719c84309b3c,,,,
,大江湖：苍龙与白鸟,SWITCH,game,https://pan.quark.cn/s/0257cb11ce3c,,,,
,顶尖决胜+Ace版,SWITCH,game,https://pan.quark.cn/s/3541fa3272a8,,,,
,电锯娇娃,SWITCH,game,https://pan.quark.cn/s/7de903e6fb38,,,,
,第九黎明：重制版,SWITCH,game,https://pan.quark.cn/s/5f1d41bd9964,,,,
,刀剑乱舞无双,SWITCH,game,https://pan.quark.cn/s/2acca2ea9783,,,,
,独角兽冠军,SWITCH,game,https://pan.quark.cn/s/490e4766df28,,,,
,刀剑神域 碎梦边境 Sword Art Online Fractured Daydream,SWITCH,game,https://pan.quark.cn/s/6396e78f1d8d,,,,
,刀剑神域：彼岸游境,SWITCH,game,https://pan.quark.cn/s/80bf705bade1,,,,
,电锯甜心 重制版 Lollipop Chainsaw Repop,SWITCH,game,https://pan.quark.cn/s/89ec88ed4737,,,,
,刀尖跳跃者,SWITCH,game,https://pan.quark.cn/s/bd6217a02ed6,,,,
,东京巫女：幸存者,SWITCH,game,https://pan.quark.cn/s/8f7b14514b17,,,,
,大家一起骰子街 Machi Koro With Everyone,SWITCH,game,https://pan.quark.cn/s/72afa435b15a,,,,
,点块拼图,SWITCH,game,https://pan.quark.cn/s/a3541d200c87,,,,
,哆啦A梦 大雄的紧张刺激动脑大冒险,SWITCH,game,https://pan.quark.cn/s/90639187b8e6,,,,
,哆啦A梦 乐学游戏合集,SWITCH,game,https://pan.quark.cn/s/95d3425fdace,,,,
,哆啦A梦的铜锣烧店物语,SWITCH,game,https://pan.quark.cn/s/0c35f3c8e0e5,,,,
,哆啦A梦牧场物语：自然王国与和乐家人,SWITCH,game,https://pan.quark.cn/s/ef189ecc4b00,,,,
,倒立城市,SWITCH,game,https://pan.quark.cn/s/5531f9964f62,,,,
,电路解谜实验室,SWITCH,game,https://pan.quark.cn/s/90e27ea95121,,,,
,点老救世记 dotAGE,SWITCH,game,https://pan.quark.cn/s/95a4f1cf2fbb,,,,
,堕落军团：荣耀崛起,SWITCH,game,https://pan.quark.cn/s/e63753e2d037,,,,
,堕落骑士,SWITCH,game,https://pan.quark.cn/s/436f096e633c,,,,
,靛蓝色7 爱的冒险,SWITCH,game,https://pan.quark.cn/s/b544eb5247a4,,,,
,道路上的喧嚣,SWITCH,game,https://pan.quark.cn/s/1c0882aa50e3,,,,
,地牢守护者,SWITCH,game,https://pan.quark.cn/s/cc43548c5f6d,,,,
,堕落天使,SWITCH,game,https://pan.quark.cn/s/22d1fcf743fd,,,,
,德罗瓦：被遗弃的亲属,SWITCH,game,https://pan.quark.cn/s/dedcb0106b53,,,,
,德鲁伊旅人,SWITCH,game,https://pan.quark.cn/s/beba3be6f3a8,,,,
,对量：节奏银河,SWITCH,game,https://pan.quark.cn/s/dd7d23471875,,,,
,堕灭暴徒,SWITCH,game,https://pan.quark.cn/s/6c011164cf7b,,,,
,躲猫猫,SWITCH,game,https://pan.quark.cn/s/7b059759695c,,,,
,动漫女孩 秋日迷恋,SWITCH,game,https://pan.quark.cn/s/136d3f12bf45,,,,
,动漫女孩 沙滩阳光,SWITCH,game,https://pan.quark.cn/s/e0cf301427e9,,,,
,盗马人,SWITCH,game,https://pan.quark.cn/s/4cb7d9485e0d,,,,
,德米特里：玩世不恭大冒险,SWITCH,game,https://pan.quark.cn/s/9115940127f4,,,,
,岛民：主机版,SWITCH,game,https://pan.quark.cn/s/36013112d36b,,,,
,大农场的故事,SWITCH,game,https://pan.quark.cn/s/cca2f0872871,,,,
,带你回家,SWITCH,game,https://pan.quark.cn/s/504aae924bea,,,,
,大脑记忆,SWITCH,game,https://pan.quark.cn/s/8e9e420a3cd4,,,,
,大逆转裁判编年史,SWITCH,game,https://pan.quark.cn/s/6aaa8e7138f9,,,,
,Doom2,SWITCH,game,https://pan.quark.cn/s/7c414db8d155,,,,
,Dorfs 铁锤待租,SWITCH,game,https://pan.quark.cn/s/41de87e10167,,,,
,地痞街区,SWITCH,game,https://pan.quark.cn/s/07d06bcce105,,,,
,地平线之间,SWITCH,game,https://pan.quark.cn/s/f58ddc9b62da,,,,
,地球防卫军2,SWITCH,game,https://pan.quark.cn/s/7d2325810fc9,,,,
,地球黑夜,SWITCH,game,https://pan.quark.cn/s/822840b0c1ee,,,,
,第七境,SWITCH,game,https://pan.quark.cn/s/fd2623f14cc7,,,,
,弹球魔法,SWITCH,game,https://pan.quark.cn/s/ad0e57af6a99,,,,
,颠球世界,SWITCH,game,https://pan.quark.cn/s/c09f6fe535d2,,,,
,地球使命 Earthion,SWITCH,game,https://pan.quark.cn/s/fedc94bc1fd8,,,,
,地球上最后的孩子游戏,SWITCH,game,https://pan.quark.cn/s/90aeeeda0208,,,,
,地球上最长的路,SWITCH,game,https://pan.quark.cn/s/7a96a4816ceb,,,,
,D骑遗产 ,SWITCH,game,https://pan.quark.cn/s/8403ddec2516,,,,
,冬日计划,SWITCH,game,https://pan.quark.cn/s/d67dc52834bc,,,,
,狄仁杰之锦蔷薇,SWITCH,game,https://pan.quark.cn/s/4b22f81a16da,,,,
,堕入魔界的拉兹瑞尔,SWITCH,game,https://pan.quark.cn/s/2c5bf2e50eb3,,,,
,渎神,SWITCH,game,https://pan.quark.cn/s/8e74f92af23f,,,,
,诞生,SWITCH,game,https://pan.quark.cn/s/9688bef919cd,,,,
,渎神2,SWITCH,game,https://pan.quark.cn/s/e0111921ecbf,,,,
,都市传说解体中心,SWITCH,game,https://pan.quark.cn/s/e85d1706fded,,,,
,袋鼠闯天关,SWITCH,game,https://pan.quark.cn/s/17bd79bb9d99,,,,
,渡神纪 芬尼斯崛起,SWITCH,game,https://pan.quark.cn/s/f527c84a1600,,,,
,大师级创作者,SWITCH,game,https://pan.quark.cn/s/060ccc98210f,,,,
,调试截止日期,SWITCH,game,https://pan.quark.cn/s/ec401b086a6c,,,,
,迪斯科加农炮航线,SWITCH,game,https://pan.quark.cn/s/7a9a8e206c07,,,,
,都市卡牌,SWITCH,game,https://pan.quark.cn/s/1382dcc008a5,,,,
,达萨隆之月,SWITCH,game,https://pan.quark.cn/s/33f6606c0e25,,,,
,大山冒险：奇迹之地,SWITCH,game,https://pan.quark.cn/s/60e4880e42f8,,,,
,戴上帽子,SWITCH,game,https://pan.quark.cn/s/ddc9dbf48afd,,,,
,迪士尼幻想岛,SWITCH,game,https://pan.quark.cn/s/81d8d9387540,,,,
,迪士尼经典游戏：阿拉丁和狮子王,SWITCH,game,https://pan.quark.cn/s/7ee4e83bb34c,,,,
,迪士尼魔法城堡2 我的快乐生活,SWITCH,game,https://pan.quark.cn/s/b354bd6c7de6,,,,
,迪士尼魔法城堡我的快乐生活2 魔法版 Disney Magical World 2 Enchanted Edition,SWITCH,game,https://pan.quark.cn/s/9e8e81f99f9f,,,,
,迪士尼梦幻星谷 Disney Dreamlight Valley,SWITCH,game,https://pan.quark.cn/s/058f352a319c,,,,
,迪士尼米乐尼士健身,SWITCH,game,https://pan.quark.cn/s/c81ba9a951cf,,,,
,迪士尼无限飞车,SWITCH,game,https://pan.quark.cn/s/11b3b2786b43,,,,
,迪士尼音乐游行：安可,SWITCH,game,https://pan.quark.cn/s/bdbc8e1236e6,,,,
,递送时间,SWITCH,game,https://pan.quark.cn/s/2eacab55d2d5,,,,
,第三势力的崛起,SWITCH,game,https://pan.quark.cn/s/65e6a4b11540,,,,
,大师之眼,SWITCH,game,https://pan.quark.cn/s/66ee59116b4a,,,,
,大头菜小子抢银行,SWITCH,game,https://pan.quark.cn/s/d6cbb2172f80,,,,
,大头菜小子偷税记,SWITCH,game,https://pan.quark.cn/s/b25227ac5290,,,,
,代替父母,SWITCH,game,https://pan.quark.cn/s/d73fdffb4d25,,,,
,电头机器人,SWITCH,game,https://pan.quark.cn/s/23ba8d47cb24,,,,
,大头盔英雄,SWITCH,game,https://pan.quark.cn/s/515262e9693d,,,,
,地铁模拟器2,SWITCH,game,https://pan.quark.cn/s/c9bbadca5b58,,,,
,灯塔松,SWITCH,game,https://pan.quark.cn/s/e50ccb5b415d,,,,
,迪托之剑：墨魔的诅咒,SWITCH,game,https://pan.quark.cn/s/00928a683f0e,,,,
,地铁子网 密室逃脱冒险,SWITCH,game,https://pan.quark.cn/s/ff32f5e5b827,,,,
,顿悟,SWITCH,game,https://pan.quark.cn/s/09f871773f58,,,,
,动物井 Animal Well,SWITCH,game,https://pan.quark.cn/s/ba11db0c5915,,,,
,DW论破 合集,SWITCH,game,https://pan.quark.cn/s/b5778d2de2d1,,,,
,动物农场停车,SWITCH,game,https://pan.quark.cn/s/8eeee77f1983,,,,
,动物收容所,SWITCH,game,https://pan.quark.cn/s/ced6317cdd5a,,,,
,动物医院,SWITCH,game,https://pan.quark.cn/s/cd3230ff7e67,,,,
,动物之斗,SWITCH,game,https://pan.quark.cn/s/e4e79cdb51be,,,,
,德希,SWITCH,game,https://pan.quark.cn/s/aa054552af79,,,,
,地下城4 Dungeons 4 - Nintendo Switch Edition,SWITCH,game,https://pan.quark.cn/s/b67d902809b6,,,,
,多线程池,SWITCH,game,https://pan.quark.cn/s/94df42c57525,,,,
,地下城守望者,SWITCH,game,https://pan.quark.cn/s/e843e15a8083,,,,
,地下城与末日骑士,SWITCH,game,https://pan.quark.cn/s/399b733c03d7,,,,
,地下城与勇士：决斗,SWITCH,game,https://pan.quark.cn/s/34655cf69449,,,,
,地心护核者 Core Keeper,SWITCH,game,https://pan.quark.cn/s/cb229130c3a5,,,,
,洞穴探险,SWITCH,game,https://pan.quark.cn/s/e229d3948877,,,,
,洞穴探险2,SWITCH,game,https://pan.quark.cn/s/6dd6dfb9d73e,,,,
,斗鱼2 The Rumble Fish 2,SWITCH,game,https://pan.quark.cn/s/3b7cdf59e913,,,,
,地狱爆破手,SWITCH,game,https://pan.quark.cn/s/9b8ee7e3d8d0,,,,
,冬园的祭品,SWITCH,game,https://pan.quark.cn/s/13f3c9d9dc0c,,,,
,达愿福神社 Promise Mascot Agency,SWITCH,game,https://pan.quark.cn/s/de9b53192ad5,,,,
,钓鱼哥的奇妙冒险,SWITCH,game,https://pan.quark.cn/s/5e1e3ffcb5bc,,,,
,地狱卡牌 HELLCARD,SWITCH,game,https://pan.quark.cn/s/f31881fc1643,,,,
,地狱男爵：怀尔德之网,SWITCH,game,https://pan.quark.cn/s/361993d1c7d2,,,,
,地狱派,SWITCH,game,https://pan.quark.cn/s/1af7f0c08269,,,,
,多元生活,SWITCH,game,https://pan.quark.cn/s/1a5e907ef0fb,,,,
,DYSMANTLE,SWITCH,game,https://pan.quark.cn/s/0c7bef90a830,,,,
,岛屿铁道局,SWITCH,game,https://pan.quark.cn/s/0c48cefdac1e,,,,
,钓鱼天堂,SWITCH,game,https://pan.quark.cn/s/520874f3477e,,,,
,多元宇宙的真相,SWITCH,game,https://pan.quark.cn/s/85e23317ac92,,,,
,多元宇宙中的真相,SWITCH,game,https://pan.quark.cn/s/94ca58839fe3,,,,
,钓鱼：北大西洋,SWITCH,game,https://pan.quark.cn/s/941c5fbf6c93,,,,
,打造吧！高尔夫之森,SWITCH,game,https://pan.quark.cn/s/5e32201c8683,,,,
,电子轨录律,SWITCH,game,https://pan.quark.cn/s/28a11494203e,,,,
,对战公主,SWITCH,game,https://pan.quark.cn/s/2f3b6bbb1091,,,,
,多重竞速,SWITCH,game,https://pan.quark.cn/s/7dadf8f7ece4,,,,
,打砖块：充能,SWITCH,game,https://pan.quark.cn/s/e69708b043d2,,,,
,电钻少女,SWITCH,game,https://pan.quark.cn/s/436a126bd102,,,,
,弹珠台M,SWITCH,game,https://pan.quark.cn/s/ebe33c34f6be,,,,
,大侦探皮卡丘闪电回归 [版本1.0.0],SWITCH,game,https://pan.quark.cn/s/b0e1fd94883a,,,,
,大制药厂,SWITCH,game,https://pan.quark.cn/s/6fa60a0dc642,,,,
,盗贼遗产2,SWITCH,game,https://pan.quark.cn/s/adbba1516bdd,,,,
,弹珠之旅 超激,SWITCH,game,https://pan.quark.cn/s/e7718ab474dd,,,,
,EA SPORTS FC 24,SWITCH,game,https://pan.quark.cn/s/ed51bf05928a,,,,
,EA SPORTS FC 25,SWITCH,game,https://pan.quark.cn/s/9eb836f15910,,,,
,EA SPORTS FC 26 FIFA26,SWITCH,game,https://pan.quark.cn/s/40d18e61a720,,,,
,恶棍水域,SWITCH,game,https://pan.quark.cn/s/5e997a077f2c,,,,
,恶棍英雄,SWITCH,game,https://pan.quark.cn/s/81046f7b7717,,,,
,恶果之地,SWITCH,game,https://pan.quark.cn/s/e6706d5a386f,,,,
,二合一游戏 垃圾朋克&餐车大亨,SWITCH,game,https://pan.quark.cn/s/0c011b1055a3,,,,
,二合一游戏 垃圾朋克&骑士与qz,SWITCH,game,https://pan.quark.cn/s/aefadfe65b9d,,,,
,二合一游戏 垃圾朋克与S.N.I.P.E.R 猎人范围,SWITCH,game,https://pan.quark.cn/s/114bbfb0d75a,,,,
,恩科迪亚,SWITCH,game,https://pan.quark.cn/s/1409cf7868c7,,,,
,El Hijo：狂野西部的故事,SWITCH,game,https://pan.quark.cn/s/f036b02ce37c,,,,
,ELDERAND,SWITCH,game,https://pan.quark.cn/s/fa38bb7c7741,,,,
,俄勒冈之旅,SWITCH,game,https://pan.quark.cn/s/e61a4b686999,,,,
,俄罗斯方块99 [版本2.5.0],SWITCH,game,https://pan.quark.cn/s/326394c76d8a,,,,
,俄罗斯方块效应：连接,SWITCH,game,https://pan.quark.cn/s/31b6e475cedf,,,,
,俄罗斯方块：永恒,SWITCH,game,https://pan.quark.cn/s/70febc41baa0,,,,
,Elta7,SWITCH,game,https://pan.quark.cn/s/f1cb232a8a5e,,,,
,恶灵在内,SWITCH,game,https://pan.quark.cn/s/d699218e95de,,,,
,恶魔城Advance合集,SWITCH,game,https://pan.quark.cn/s/9011765f54d6,,,,
,恶魔城之东方月神夜,SWITCH,game,https://pan.quark.cn/s/2a1ef09c6095,,,,
,恶魔城：周年纪念合集,SWITCH,game,https://pan.quark.cn/s/29087a48b7a2,,,,
,恶魔城：主宰合集,SWITCH,game,https://pan.quark.cn/s/a68b5c809e39,,,,
,噩梦大 叔失去的梦想,SWITCH,game,https://pan.quark.cn/s/33f14de630eb,,,,
,噩梦计划案件36,SWITCH,game,https://pan.quark.cn/s/20fd61d6a87f,,,,
,恶梦惊悚,SWITCH,game,https://pan.quark.cn/s/8092378001a1,,,,
,噩梦狂人 Nightmare The Lunatic,SWITCH,game,https://pan.quark.cn/s/59e10a2fd064,,,,
,恶魔来了,SWITCH,game,https://pan.quark.cn/s/34fe1fe8dc86,,,,
,Emoji卡丁车,SWITCH,game,https://pan.quark.cn/s/0d02985b6162,,,,
,恶魔皮肤,SWITCH,game,https://pan.quark.cn/s/697952b0991b,,,,
,噩梦五夜：逃亡恐怖故事,SWITCH,game,https://pan.quark.cn/s/b52542425f61,,,,
,恶魔学校 Demonschool,SWITCH,game,https://pan.quark.cn/s/a8f53655ae7f,,,,
,恶魔引擎,SWITCH,game,https://pan.quark.cn/s/7f37905ba98f,,,,
,噩梦之旅,SWITCH,game,https://pan.quark.cn/s/864511285e13,,,,
,恶魔之书,SWITCH,game,https://pan.quark.cn/s/f9b982d97163,,,,
,饿殍：明末千里行,SWITCH,game,https://pan.quark.cn/s/f70659a40352,,,,
,二人一起！猫咪大战争,SWITCH,game,https://pan.quark.cn/s/31f89309cd33,,,,
,儿童钢琴,SWITCH,game,https://pan.quark.cn/s/c661c71b5598,,,,
,EVEN if TEMPEST 连接的黎明,SWITCH,game,https://pan.quark.cn/s/cf1feeaea9ba,,,,
,Everhood,SWITCH,game,https://pan.quark.cn/s/1ac9ac63c948,,,,
,Evertried,SWITCH,game,https://pan.quark.cn/s/b88abe188675,,,,
,厄运与命运,SWITCH,game,https://pan.quark.cn/s/eedce84fc188,,,,
,鳄鱼侦探布罗格 BROK the InvestiGator,SWITCH,game,https://pan.quark.cn/s/36c705ded5ac,,,,
,"鳄鱼侦探布罗格 尾诞节 新的圣诞特别版 BROK Natal Tail, A New Christmas Special",SWITCH,game,https://pan.quark.cn/s/bc479730d7cc,,,,
,二战 突出部之役,SWITCH,game,https://pan.quark.cn/s/3fe67588eb3d,,,,
,二战地堡模拟器,SWITCH,game,https://pan.quark.cn/s/ef0ac4635019,,,,
,二之国 白色圣灰的女王,SWITCH,game,https://pan.quark.cn/s/e1b4390fe89f,,,,
,二之国2：亡灵之国,SWITCH,game,https://pan.quark.cn/s/70334f8d2f56,,,,
,鹅作剧,SWITCH,game,https://pan.quark.cn/s/8196918a27c6,,,,
,F1车队经理2024,SWITCH,game,https://pan.quark.cn/s/3ec3eec579a8,,,,
,Fairy Fencer F Refrain Chord,SWITCH,game,https://pan.quark.cn/s/b7e2b3ade170,,,,
,Fate武士遗迹,SWITCH,game,https://pan.quark.cn/s/da6be54c2c18,,,,
,Fate虚空明镜重制版,SWITCH,game,https://pan.quark.cn/s/fd72ee58ba12,,,,
,飞镖俱乐部,SWITCH,game,https://pan.quark.cn/s/bf9e2dbcf419,,,,
,飞镖热潮,SWITCH,game,https://pan.quark.cn/s/c77b67c46678,,,,
,腐败王国,SWITCH,game,https://pan.quark.cn/s/725e9b9af813,,,,
,风暴驭使,SWITCH,game,https://pan.quark.cn/s/cda1d5f5713e,,,,
,风暴之城 Against the Storm,SWITCH,game,https://pan.quark.cn/s/585a7e01ff87,,,,
,房产达人,SWITCH,game,https://pan.quark.cn/s/d134e961c797,,,,
,非常非常客,SWITCH,game,https://pan.quark.cn/s/c9847ec7d56d,,,,
,废城喵游记 Stars In The Trash,SWITCH,game,https://pan.quark.cn/s/2c5d98df6016,,,,
,非常普通的鹿,SWITCH,game,https://pan.quark.cn/s/c46f4b97839a,,,,
,复仇守护者 月光骑士,SWITCH,game,https://pan.quark.cn/s/9895833852c5,,,,
,方程式赛车传奇 Formula Legends,SWITCH,game,https://pan.quark.cn/s/2d078e550f2d,,,,
,复仇者联盟 无限防御,SWITCH,game,https://pan.quark.cn/s/73f13332418e,,,,
,FC侦探俱乐部1+2,SWITCH,game,https://pan.quark.cn/s/524042466fdb,,,,
,附带导航！第一次的游戏程式设计,SWITCH,game,https://pan.quark.cn/s/8a5e077334c0,,,,
,浮岛物语,SWITCH,game,https://pan.quark.cn/s/060ecbac4230,,,,
,废地行动,SWITCH,game,https://pan.quark.cn/s/ac36c909403c,,,,
,伏尔加维京2,SWITCH,game,https://pan.quark.cn/s/b6f00541c03c,,,,
,福尔摩斯的遗嘱,SWITCH,game,https://pan.quark.cn/s/a72b242b69d4,,,,
,福尔摩斯：恶魔之女,SWITCH,game,https://pan.quark.cn/s/ad3c9e2afb87,,,,
,福尔摩斯：觉醒,SWITCH,game,https://pan.quark.cn/s/d6b9ef864f5d,,,,
,福尔摩斯：罪与罚,SWITCH,game,https://pan.quark.cn/s/c19f801b5fa6,,,,
,凡尔纳：幻想之形,SWITCH,game,https://pan.quark.cn/s/cab5ed5ba93f,,,,
,风帆航行 Sailing the winds,SWITCH,game,https://pan.quark.cn/s/ee928359a1be,,,,
,风帆纪元,SWITCH,game,https://pan.quark.cn/s/379ceee2dcce,,,,
,复古方程式赛车,SWITCH,game,https://pan.quark.cn/s/c005ca996b90,,,,
,方根胶卷,SWITCH,game,https://pan.quark.cn/s/237d08f03f94,,,,
,翻滚之星 ROLLING STAR,SWITCH,game,https://pan.quark.cn/s/bf9f596b2766,,,,
,非合金装备,SWITCH,game,https://pan.quark.cn/s/3ae4840dfa88,,,,
,风火轮 极速狂飙 Hot Wheels Let's Race Ultimate Speed,SWITCH,game,https://pan.quark.cn/s/fa4956b610ce,,,,
,风火轮：释放,SWITCH,game,https://pan.quark.cn/s/2110eaed4e16,,,,
,FIFA22,SWITCH,game,https://pan.quark.cn/s/90f485fb83bf,,,,
,FIFA23,SWITCH,game,https://pan.quark.cn/s/d2b5cb086915,,,,
,Final Vendetta,SWITCH,game,https://pan.quark.cn/s/df137f48c53b,,,,
,反击 起义 CounterAttack Uprising,SWITCH,game,https://pan.quark.cn/s/5765d1f34ab2,,,,
,飞溅机器人 Splatterbot,SWITCH,game,https://pan.quark.cn/s/ff7fd2f2cee1,,,,
,疯狂宠物秀,SWITCH,game,https://pan.quark.cn/s/2ee0ad3fee5c,,,,
,方块地球防卫军：世界兄弟,SWITCH,game,https://pan.quark.cn/s/cfb442d2e08b,,,,
,疯狂伐木工,SWITCH,game,https://pan.quark.cn/s/8053e801950b,,,,
,方块抉择,SWITCH,game,https://pan.quark.cn/s/5c4cb343c536,,,,
,疯狂农场：刷新,SWITCH,game,https://pan.quark.cn/s/9c54ee01b35e,,,,
,疯狂企鹅大乱斗 Los Pingheros,SWITCH,game,https://pan.quark.cn/s/0e85a97be501,,,,
,疯狂QZ,SWITCH,game,https://pan.quark.cn/s/45b95d37acc1,,,,
,疯狂坦克S,SWITCH,game,https://pan.quark.cn/s/4b35c0283947,,,,
,疯狂兔子：奇遇派对,SWITCH,game,https://pan.quark.cn/s/d8165b24b0eb,,,,
,疯狂之石 The Stone of Madness,SWITCH,game,https://pan.quark.cn/s/e2a5eb71a94b,,,,
,疯狂之星体育攀岩,SWITCH,game,https://pan.quark.cn/s/eb28492245ab,,,,
,疯狂之源,SWITCH,game,https://pan.quark.cn/s/82c5827ceeb9,,,,
,分离的温度,SWITCH,game,https://pan.quark.cn/s/5d606c719010,,,,
,风来的西林5 命运塔与命运骰,SWITCH,game,https://pan.quark.cn/s/cae87fdd6ea5,,,,
,弗雷迪意大利面2 Freddy Spaghetti 2,SWITCH,game,https://pan.quark.cn/s/c5b5c20304d7,,,,
,弗洛伦斯,SWITCH,game,https://pan.quark.cn/s/c6ad847372a3,,,,
,纷乱深渊,SWITCH,game,https://pan.quark.cn/s/22b2b15e6ffb,,,,
,风铃物语 Wind Story,SWITCH,game,https://pan.quark.cn/s/3b7b1e05455a,,,,
,风来之国,SWITCH,game,https://pan.quark.cn/s/a96d06c94183,,,,
,腐烂之器,SWITCH,game,https://pan.quark.cn/s/5aed313da243,,,,
,弗林：深红之子,SWITCH,game,https://pan.quark.cn/s/9b4845dd8efd,,,,
,FM22T,SWITCH,game,https://pan.quark.cn/s/403a83c6080e,,,,
,发明工坊之原点,SWITCH,game,https://pan.quark.cn/s/bdd8cd4f4054,,,,
,发明工坊之重建,SWITCH,game,https://pan.quark.cn/s/ddb22defca2e,,,,
,范马刃牙：血之竞技场,SWITCH,game,https://pan.quark.cn/s/327322111e7e,,,,
,伏魔行者,SWITCH,game,https://pan.quark.cn/s/cea5f8dfcf61,,,,
,范妮吉 不要和浆果说话,SWITCH,game,https://pan.quark.cn/s/3aa1cb2b28bf,,,,
,烦恼日,SWITCH,game,https://pan.quark.cn/s/829e4b360a8b,,,,
,Forbidden Ground Lair of Aooni,SWITCH,game,https://pan.quark.cn/s/f6048aceeb11,,,,
,废品大亨,SWITCH,game,https://pan.quark.cn/s/7456634deab4,,,,
,反叛锐变,SWITCH,game,https://pan.quark.cn/s/fdbe94365336,,,,
,飞拳爆,SWITCH,game,https://pan.quark.cn/s/c218a22a0ebf,,,,
,飞禽律师之事件簿,SWITCH,game,https://pan.quark.cn/s/d28f6934318a,,,,
,繁荣之初,SWITCH,game,https://pan.quark.cn/s/636e89766ea4,,,,
,菲斯,SWITCH,game,https://pan.quark.cn/s/28f6e9fa6a1f,,,,
,粉碎船只,SWITCH,game,https://pan.quark.cn/s/ca3f2c69901c,,,,
,飞速电梯：REMIX,SWITCH,game,https://pan.quark.cn/s/93b432444b72,,,,
,反三角部队2：东方危机,SWITCH,game,https://pan.quark.cn/s/89100e2b7f1e,,,,
,法术猫,SWITCH,game,https://pan.quark.cn/s/9ef53f053a43,,,,
,反射手打击区,SWITCH,game,https://pan.quark.cn/s/780c16e10a84,,,,
,法术与秘密,SWITCH,game,https://pan.quark.cn/s/ff145964d02a,,,,
,法师与魔物,SWITCH,game,https://pan.quark.cn/s/d097b78dc066,,,,
,法术圆盘,SWITCH,game,https://pan.quark.cn/s/3d8d32abf75c,,,,
,分手装修：终极版,SWITCH,game,https://pan.quark.cn/s/fb5c8263fa02,,,,
,法术之战,SWITCH,game,https://pan.quark.cn/s/5f484c5a8f58,,,,
,废土帝国 人类复兴 Revival Recolonization,SWITCH,game,https://pan.quark.cn/s/fa079a93721d,,,,
,饭碗餐厅,SWITCH,game,https://pan.quark.cn/s/bd4ec2aced78,,,,
,符文工坊3,SWITCH,game,https://pan.quark.cn/s/fa9c13b24e8d,,,,
,符文工房4,SWITCH,game,https://pan.quark.cn/s/942bae65e713,,,,
,符文工坊3,SWITCH,game,https://pan.quark.cn/s/8f6e24f91166,,,,
,符文工房4,SWITCH,game,https://pan.quark.cn/s/5f2392cb74ea,,,,
,符文工房5,SWITCH,game,https://pan.quark.cn/s/81a1e5c7d0df,,,,
,符文工房：龙之天地,SWITCH,game,https://pan.quark.cn/s/0e8bf197c461,,,,
,房屋建造者,SWITCH,game,https://pan.quark.cn/s/9169f9f1e0b9,,,,
,房屋空战 一团糟 House Fighters Total Mess 中文版,SWITCH,game,https://pan.quark.cn/s/438b8fb1f589,,,,
,房屋清洁的生存之道 House Cleaning Survival,SWITCH,game,https://pan.quark.cn/s/45d2728d5fc3,,,,
,发现动漫美女2：中世纪幻想,SWITCH,game,https://pan.quark.cn/s/22dde5c04d48,,,,
,飞翔鲛！复刻版,SWITCH,game,https://pan.quark.cn/s/ebbc8a4f542d,,,,
,废墟上绽放的土豆花,SWITCH,game,https://pan.quark.cn/s/48afdd2693db,,,,
,废墟图书馆,SWITCH,game,https://pan.quark.cn/s/9ecd39855a11,,,,
,飞向月球,SWITCH,game,https://pan.quark.cn/s/3c3ee8f7be4a,,,,
,复原,SWITCH,game,https://pan.quark.cn/s/e3a0bad2bc22,,,,
,防御大师,SWITCH,game,https://pan.quark.cn/s/341437db81a5,,,,
,风云拳击物语,SWITCH,game,https://pan.quark.cn/s/8a7964ffa5ad,,,,
,疯子,SWITCH,game,https://pan.quark.cn/s/ad1a5446979d,,,,
,方舟 生存进化 ARK Survival Evolved,SWITCH,game,https://pan.quark.cn/s/a9a2f5a8d5f3,,,,
,反侦察：首次任务,SWITCH,game,https://pan.quark.cn/s/dd35e2883f05,,,,
,犯罪时刻,SWITCH,game,https://pan.quark.cn/s/3697734504bf,,,,
,风之少年克罗诺亚1+2乘风归来,SWITCH,game,https://pan.quark.cn/s/ea963cea3656,,,,
,番长战棋,SWITCH,game,https://pan.quark.cn/s/a3f74ee6bb22,,,,
,根 Racine,SWITCH,game,https://pan.quark.cn/s/faab435bb702,,,,
,光暗包围战HD,SWITCH,game,https://pan.quark.cn/s/5e291663eb25,,,,
,告别北方,SWITCH,game,https://pan.quark.cn/s/c8f4be26d22e,,,,
,丐宝传奇,SWITCH,game,https://pan.quark.cn/s/788b43da4812,,,,
,告别回忆：双想Not always true,SWITCH,game,https://pan.quark.cn/s/605a19b5461b,,,,
,哥布林弹球,SWITCH,game,https://pan.quark.cn/s/fe3eeeeb2373,,,,
,鬼成圣,SWITCH,game,https://pan.quark.cn/s/526fe4da2d45,,,,
,滚蛋吧僵尸,SWITCH,game,https://pan.quark.cn/s/9342c4567cd6,,,,
,滚动车,SWITCH,game,https://pan.quark.cn/s/9a9745b268b9,,,,
,果冻车世界,SWITCH,game,https://pan.quark.cn/s/692ceddcf0eb,,,,
,孤独的村庄,SWITCH,game,https://pan.quark.cn/s/fbeb874ebe38,,,,
,狗斗大战,SWITCH,game,https://pan.quark.cn/s/6656150f9a02,,,,
,果冻谷物语,SWITCH,game,https://pan.quark.cn/s/5e207b91e742,,,,
,高达合购群！官方N64模拟器+SEGA MEGA模拟器,SWITCH,game,https://pan.quark.cn/s/19c3a6a34e05,,,,
,格斗哈拉 Brawlhalla,SWITCH,game,https://pan.quark.cn/s/7e01561f2b60,,,,
,孤独监狱,SWITCH,game,https://pan.quark.cn/s/ca66600bd017,,,,
,轨道连结,SWITCH,game,https://pan.quark.cn/s/e7cf15c80b6f,,,,
,格斗领域EX：冲刺次时代,SWITCH,game,https://pan.quark.cn/s/cb855bb8a344,,,,
,高达破坏者4,SWITCH,game,https://pan.quark.cn/s/05be69920e62,,,,
,干得漂亮 [版本1.0.0],SWITCH,game,https://pan.quark.cn/s/ecc3ca86f425,,,,
,孤岛危机2：重制版,SWITCH,game,https://pan.quark.cn/s/be9f947afc5c,,,,
,孤岛危机3：重制版,SWITCH,game,https://pan.quark.cn/s/fdce9b3f1ab3,,,,
,孤岛危机：重置版,SWITCH,game,https://pan.quark.cn/s/9bd29b23f183,,,,
,古代武器霍莉,SWITCH,game,https://pan.quark.cn/s/5bc4aa91819f,,,,
,果冻细胞,SWITCH,game,https://pan.quark.cn/s/bf6cddf09a0a,,,,
,孤胆佣兵,SWITCH,game,https://pan.quark.cn/s/87bad100f1f0,,,,
,高殿战记,SWITCH,game,https://pan.quark.cn/s/91774e8fa2fa,,,,
,孤儿,SWITCH,game,https://pan.quark.cn/s/41d493f3a955,,,,
,戈尔达 寒冬之火,SWITCH,game,https://pan.quark.cn/s/957260c3a54e,,,,
,高尔夫之巅,SWITCH,game,https://pan.quark.cn/s/3fdbcc6ba59b,,,,
,高分异常秘密,SWITCH,game,https://pan.quark.cn/s/47bd40b89c73,,,,
,孤帆远航,SWITCH,game,https://pan.quark.cn/s/7f599fe71e19,,,,
,狗钩,SWITCH,game,https://pan.quark.cn/s/b55f1c6f3761,,,,
,鬼谷八荒,SWITCH,game,https://pan.quark.cn/s/6e4938a75ff2,,,,
,狗哥池 虚拟宠物,SWITCH,game,https://pan.quark.cn/s/e760caacedef,,,,
,怪怪躲避球,SWITCH,game,https://pan.quark.cn/s/8d4b199e7e69,,,,
,高个尔夫,SWITCH,game,https://pan.quark.cn/s/bc22aad40060,,,,
,广告击落,SWITCH,game,https://pan.quark.cn/s/4178067fad32,,,,
,怪怪魔境,SWITCH,game,https://pan.quark.cn/s/e046091c3153,,,,
,狗狗摄影师,SWITCH,game,https://pan.quark.cn/s/38f8949788fe,,,,
,狗钩：宇宙狗狗,SWITCH,game,https://pan.quark.cn/s/04211d83b47f,,,,
,篝火峰,SWITCH,game,https://pan.quark.cn/s/1e0085180825,,,,
,GHG周年版,SWITCH,game,https://pan.quark.cn/s/d44be0507020,,,,
,古惑狼赛车：重制版,SWITCH,game,https://pan.quark.cn/s/2be27b482eb8,,,,
,光辉同盟,SWITCH,game,https://pan.quark.cn/s/a1a6bea0a6a2,,,,
,篝火：被遗弃的土地,SWITCH,game,https://pan.quark.cn/s/44b7e8dbc569,,,,
,挂姬恶魔,SWITCH,game,https://pan.quark.cn/s/59c857e2e8d3,,,,
,国际汽车联盟世界拉力赛10,SWITCH,game,https://pan.quark.cn/s/26ee3f042371,,,,
,弓箭手大师3D 打靶场,SWITCH,game,https://pan.quark.cn/s/1e8aa4117927,,,,
,赶紧送走,SWITCH,game,https://pan.quark.cn/s/d450c9008638,,,,
,工匠镇,SWITCH,game,https://pan.quark.cn/s/e70e15074ffc,,,,
,高级战争1+2重制版  [版本1.0.0],SWITCH,game,https://pan.quark.cn/s/dbc8a6e7c5f8,,,,
,高考恋爱100天,SWITCH,game,https://pan.quark.cn/s/61b237c6cd00,,,,
,公理边缘2,SWITCH,game,https://pan.quark.cn/s/1cbbebe1d08f,,,,
,公理边缘2(1),SWITCH,game,https://pan.quark.cn/s/04f3d2fe27f6,,,,
,甘露岛,SWITCH,game,https://pan.quark.cn/s/41c45d7b82d7,,,,
,高楼大亨,SWITCH,game,https://pan.quark.cn/s/13b05d708285,,,,
,古老的记忆,SWITCH,game,https://pan.quark.cn/s/d27ac127bb5f,,,,
,格兰蒂亚HD合集,SWITCH,game,https://pan.quark.cn/s/6c49bf83d943,,,,
,公路救赎,SWITCH,game,https://pan.quark.cn/s/ec816b6028b1,,,,
,格雷克大冒险：阿祖尔的回忆,SWITCH,game,https://pan.quark.cn/s/e36590077e32,,,,
,GLOOM AND DOOM,SWITCH,game,https://pan.quark.cn/s/dfc62fb86e98,,,,
,咕噜气球DX,SWITCH,game,https://pan.quark.cn/s/860c1920308c,,,,
,哥里：可爱的大TS,SWITCH,game,https://pan.quark.cn/s/3cb39d4bba8d,,,,
,共鸣,SWITCH,game,https://pan.quark.cn/s/edb8a1d5b190,,,,
,鬼灭2,SWITCH,game,https://pan.quark.cn/s/a95730e541db,,,,
,过木不汪,SWITCH,game,https://pan.quark.cn/s/b191b16b8502,,,,
,公民沉睡者,SWITCH,game,https://pan.quark.cn/s/55f0147a3130,,,,
,咕喵怪物,SWITCH,game,https://pan.quark.cn/s/55dab5812b05,,,,
,光明记忆：无限 黄金版,SWITCH,game,https://pan.quark.cn/s/f84de3a14532,,,,
,光明力量3：王都的巨神,SWITCH,game,https://pan.quark.cn/s/8495d8478f5e,,,,
,古墓丽影 决定版 Tomb Raider Definitive Edition,SWITCH,game,https://pan.quark.cn/s/94c5b66ddac9,,,,
,古墓丽影4-6重制版,SWITCH,game,https://pan.quark.cn/s/ffc009c2f668,,,,
,古墓丽影 决定版 Tomb Raider Definitive Edition,SWITCH,game,https://pan.quark.cn/s/6275afec3036,,,,
,古墓丽影4-6重制版,SWITCH,game,https://pan.quark.cn/s/305aa7ffb901,,,,
,古墓丽影：三部曲重制版,SWITCH,game,https://pan.quark.cn/s/86f90fa02943,,,,
,诡秘射手,SWITCH,game,https://pan.quark.cn/s/fc32c0e5b20f,,,,
,光明使者,SWITCH,game,https://pan.quark.cn/s/859e36ae7ba9,,,,
,诡秘异境,SWITCH,game,https://pan.quark.cn/s/80faf0e297de,,,,
,GM之刃,SWITCH,game,https://pan.quark.cn/s/4481595abf4f,,,,
,GM之刃1,SWITCH,game,https://pan.quark.cn/s/f58c68080b5f,,,,
,光明之神,SWITCH,game,https://pan.quark.cn/s/7e6f78fd0a20,,,,
,高跷小子,SWITCH,game,https://pan.quark.cn/s/a71e60135d17,,,,
,GR屋敷,SWITCH,game,https://pan.quark.cn/s/6c7adb78e2de,,,,
,工人物语：新兴同盟,SWITCH,game,https://pan.quark.cn/s/e606ab93326e,,,,
,怪兽狂潮,SWITCH,game,https://pan.quark.cn/s/b30352778bbc,,,,
,怪兽卡车冠军赛,SWITCH,game,https://pan.quark.cn/s/a159110bc9bb,,,,
,怪兽黎明,SWITCH,game,https://pan.quark.cn/s/c162706f883f,,,,
,盖世魔王,SWITCH,game,https://pan.quark.cn/s/3fbc94bbb06a,,,,
,孤山难越,SWITCH,game,https://pan.quark.cn/s/8360103dbc1d,,,,
,共生丘比特,SWITCH,game,https://pan.quark.cn/s/4870ac95bb31,,,,
,共生丘比特FD,SWITCH,game,https://pan.quark.cn/s/20afbff81e70,,,,
,关守神：再演,SWITCH,game,https://pan.quark.cn/s/9450bcf26357,,,,
,高山探险 仙境 Grand Mountain Adventure Wonderlands,SWITCH,game,https://pan.quark.cn/s/35d2787e4628,,,,
,告诉我你的故事,SWITCH,game,https://pan.quark.cn/s/6e18e8dba3dc,,,,
,古树旋律,SWITCH,game,https://pan.quark.cn/s/3c0cda1643d6,,,,
,怪兽远征,SWITCH,game,https://pan.quark.cn/s/fe93d492b35f,,,,
,怪兽战争,SWITCH,game,https://pan.quark.cn/s/e10583ca98a7,,,,
,孤山：下山,SWITCH,game,https://pan.quark.cn/s/7d91df3410f5,,,,
,钢铁突击,SWITCH,game,https://pan.quark.cn/s/c613c449cbe3,,,,
,钢铁天空外,SWITCH,game,https://pan.quark.cn/s/e44493da4e07,,,,
,哥特王朝2,SWITCH,game,https://pan.quark.cn/s/b49c24fedcf7,,,,
,钢铁之斗 无限战士,SWITCH,game,https://pan.quark.cn/s/34bd08a50533,,,,
,钢铁之躯,SWITCH,game,https://pan.quark.cn/s/948721e99547,,,,
,钢铁之尾,SWITCH,game,https://pan.quark.cn/s/4e5351351561,,,,
,钢铁之尾2,SWITCH,game,https://pan.quark.cn/s/93ba04163983,,,,
,怪物庇护所,SWITCH,game,https://pan.quark.cn/s/d7e96d42a21b,,,,
,格温传奇,SWITCH,game,https://pan.quark.cn/s/522d881c4ee5,,,,
,国王的恩赐2,SWITCH,game,https://pan.quark.cn/s/a314c089057c,,,,
,国王的鸟儿,SWITCH,game,https://pan.quark.cn/s/2905bf82c8cd,,,,
,怪物堆雪人 A Good Snowman is Hard to Build,SWITCH,game,https://pan.quark.cn/s/1b8ad94d10b8,,,,
,港湾公园,SWITCH,game,https://pan.quark.cn/s/f153e0446fad,,,,
,怪物火车2 Monster Train 2,SWITCH,game,https://pan.quark.cn/s/01ab234eae55,,,,
,怪物皇冠,SWITCH,game,https://pan.quark.cn/s/a9471a1b30b8,,,,
,怪物卡车对决,SWITCH,game,https://pan.quark.cn/s/bc197181b8ac,,,,
,怪物列车 头等舱 ?Monster Train First Class,SWITCH,game,https://pan.quark.cn/s/c949bc1322ac,,,,
,怪物猎人崛起：曙光,SWITCH,game,https://pan.quark.cn/s/c9f4db0701fd,,,,
,怪物猎人物语：重生,SWITCH,game,https://pan.quark.cn/s/db7f983db213,,,,
,怪物猎人：物语2破灭之翼,SWITCH,game,https://pan.quark.cn/s/537f17c8ebf5,,,,
,果味谜题,SWITCH,game,https://pan.quark.cn/s/da0107d3628e,,,,
,怪物驱逐者,SWITCH,game,https://pan.quark.cn/s/0c06d4511315,,,,
,怪物也爱你,SWITCH,game,https://pan.quark.cn/s/cb7d7a6f4e20,,,,
,鬼武者2：重制版,SWITCH,game,https://pan.quark.cn/s/9d195d46e046,,,,
,鬼武者：重制版,SWITCH,game,https://pan.quark.cn/s/8928aeec61ef,,,,
,弓形 Arco,SWITCH,game,https://pan.quark.cn/s/bc2aa4281a88,,,,
,管线恐慌,SWITCH,game,https://pan.quark.cn/s/af2872c7bbc9,,,,
,孤星猎人,SWITCH,game,https://pan.quark.cn/s/0cacf72066b5,,,,
,惯性漂移,SWITCH,game,https://pan.quark.cn/s/cf26aba2d6bd,,,,
,光遇,SWITCH,game,https://pan.quark.cn/s/946ef4b1b0e5,,,,
,光夜 LumineNight,SWITCH,game,https://pan.quark.cn/s/0d5203245b26,,,,
,葛叶雷道复刻：超力兵团奇谭,SWITCH,game,https://pan.quark.cn/s/bd369a3befa2,,,,
,GYLT,SWITCH,game,https://pan.quark.cn/s/b7509ec8f166,,,,
,瓜约塔,SWITCH,game,https://pan.quark.cn/s/7c7179473f8b,,,,
,关于我转生变成史莱姆这档事：坦派斯特开拓谭,SWITCH,game,https://pan.quark.cn/s/c718b90d1e1b,,,,
,改装车大乱斗 Hot Rod Mayhem,SWITCH,game,https://pan.quark.cn/s/29c6dbef883e,,,,
,光之传说,SWITCH,game,https://pan.quark.cn/s/330b59fec8c7,,,,
,菓子道,SWITCH,game,https://pan.quark.cn/s/8375b961e93f,,,,
,孤掌而鸣 One Hand Clapping (NSP)(eShop),SWITCH,game,https://pan.quark.cn/s/8555a0fe8657,,,,
,功之怒 终极版,SWITCH,game,https://pan.quark.cn/s/c0b2719fec81,,,,
,故障肉鸽ultra,SWITCH,game,https://pan.quark.cn/s/4a0a9397e70c,,,,
,故障英雄,SWITCH,game,https://pan.quark.cn/s/453b849d7348,,,,
,公仔总动员 Funko总动员 Funko Fusion,SWITCH,game,https://pan.quark.cn/s/6a098cc07b40,,,,
,嘎吱作响,SWITCH,game,https://pan.quark.cn/s/a92a9f013b35,,,,
,海岸城堡 Castle on the Coast,SWITCH,game,https://pan.quark.cn/s/1a054d8e863d,,,,
,黑暗荒野2,SWITCH,game,https://pan.quark.cn/s/1529f9e0595e,,,,
,黑暗科幻冒险,SWITCH,game,https://pan.quark.cn/s/24bb65222709,,,,
,黑暗与火焰4：阴影中的敌人,SWITCH,game,https://pan.quark.cn/s/c0b9589070ba,,,,
,黑暗中的教堂,SWITCH,game,https://pan.quark.cn/s/257d276b02dd,,,,
,黑暗之日,SWITCH,game,https://pan.quark.cn/s/5c89e4e73eaf,,,,
,黑暗之刃,SWITCH,game,https://pan.quark.cn/s/5d96cf12cb9f,,,,
,黑暗侦探：黑暗中的摸索,SWITCH,game,https://pan.quark.cn/s/8c45641c9519,,,,
,核爆RPG：特鲁多格勒,SWITCH,game,https://pan.quark.cn/s/797c4b5a035f,,,,
,華彩煌煌,SWITCH,game,https://pan.quark.cn/s/d9f8827ad2af,,,,
,魂宠猎人,SWITCH,game,https://pan.quark.cn/s/857182711778,,,,
,火车山谷2：社区版,SWITCH,game,https://pan.quark.cn/s/97f742f7f875,,,,
,火车山谷：主机版,SWITCH,game,https://pan.quark.cn/s/a39abee97aa5,,,,
,混沌,SWITCH,game,https://pan.quark.cn/s/3b9e49e61a7c,,,,
,海盗,SWITCH,game,https://pan.quark.cn/s/f7e2a69dd43a,,,,
,海岛大亨6,SWITCH,game,https://pan.quark.cn/s/246f65344bdc,,,,
,混沌代码：新生浩劫,SWITCH,game,https://pan.quark.cn/s/73d2ff6984a6,,,,
,吓到了游戏,SWITCH,game,https://pan.quark.cn/s/80b64da451d7,,,,
,魂斗罗：加鲁加行动,SWITCH,game,https://pan.quark.cn/s/4b6c2e323269,,,,
,荒岛求生,SWITCH,game,https://pan.quark.cn/s/d17005ea7d91,,,,
,海盗旗下,SWITCH,game,https://pan.quark.cn/s/40dc3ac16f1c,,,,
,哈迪斯,SWITCH,game,https://pan.quark.cn/s/371bc82d3e07,,,,
,哈迪斯2 Hades2,SWITCH,game,https://pan.quark.cn/s/17a9fa9d26e4,,,,
,黑道圣徒3：完全版,SWITCH,game,https://pan.quark.cn/s/5d68ec7ed085,,,,
,荒岛余生,SWITCH,game,https://pan.quark.cn/s/b665c9e658e2,,,,
,海岛之魂,SWITCH,game,https://pan.quark.cn/s/1f9a56b8d9d6,,,,
,HEAVEN SEEKER：残酷世界的拯救之道,SWITCH,game,https://pan.quark.cn/s/15b0edba69b2,,,,
,好饿的谜姆,SWITCH,game,https://pan.quark.cn/s/18884efa6a14,,,,
,怀尔德之花,SWITCH,game,https://pan.quark.cn/s/bf72bc31a43f,,,,
,赫尔克里·波洛,SWITCH,game,https://pan.quark.cn/s/648e5e2c681d,,,,
,黑发大人的晚餐,SWITCH,game,https://pan.quark.cn/s/36f5601208a3,,,,
,和服猫,SWITCH,game,https://pan.quark.cn/s/b5cb620dfc1c,,,,
,红怪,SWITCH,game,https://pan.quark.cn/s/210f892db3d4,,,,
,鸿沟 裂谷,SWITCH,game,https://pan.quark.cn/s/82d151a74b49,,,,
,黑GF充能,SWITCH,game,https://pan.quark.cn/s/06c3251d8644,,,,
,画个火柴人2,SWITCH,game,https://pan.quark.cn/s/ca3b37a6c9e6,,,,
,韩国铁路驾驶之旅,SWITCH,game,https://pan.quark.cn/s/37b8d4a89f0e,,,,
,霍格沃茨之遗,SWITCH,game,https://pan.quark.cn/s/be97997e00d3,,,,
,韩国无人机飞行之旅春川市,SWITCH,game,https://pan.quark.cn/s/6657d60c497a,,,,
,骸骨王座：埃里科纳编年史,SWITCH,game,https://pan.quark.cn/s/e17c0ca536e7,,,,
,皇冠陨落 少年英雄 Crownfall Young Hero,SWITCH,game,https://pan.quark.cn/s/aa0f86bc1321,,,,
,黄昏沉眠街,SWITCH,game,https://pan.quark.cn/s/ec15880d575f,,,,
,黄昏的天使,SWITCH,game,https://pan.quark.cn/s/80135d294e82,,,,
,HHG 女神の终焉,SWITCH,game,https://pan.quark.cn/s/035db67a2ad6,,,,
,晃晃人生 Wobbly Life,SWITCH,game,https://pan.quark.cn/s/de53199f2ec5,,,,
,花好似他&bloom,SWITCH,game,https://pan.quark.cn/s/007eef4b311d,,,,
,花合朔：姬空木篇,SWITCH,game,https://pan.quark.cn/s/18317c0f2db3,,,,
,花合朔：蛟篇,SWITCH,game,https://pan.quark.cn/s/cb4e78ff2e52,,,,
,花合朔：唐红宇津都篇,SWITCH,game,https://pan.quark.cn/s/6839569d228e,,,,
,花合朔：伊吕波篇,SWITCH,game,https://pan.quark.cn/s/d23e665764e5,,,,
,黄昏幸存者,SWITCH,game,https://pan.quark.cn/s/db42dbb63b09,,,,
,黄昏中魔女如是说：天高月明时,SWITCH,game,https://pan.quark.cn/s/b15dbaa94098,,,,
,幻觉,SWITCH,game,https://pan.quark.cn/s/f64199776db0,,,,
,昏厥 逃离地球,SWITCH,game,https://pan.quark.cn/s/af66b55258cb,,,,
,黄金百合,SWITCH,game,https://pan.quark.cn/s/f10c785b5c54,,,,
,皇家边境,SWITCH,game,https://pan.quark.cn/s/b8983a0a7372,,,,
,合金弹头：进攻重载,SWITCH,game,https://pan.quark.cn/s/40fdbb0929d4,,,,
,合金弹头：战略版,SWITCH,game,https://pan.quark.cn/s/764362a47baf,,,,
,黄金偶像的崛起 The Rise of the Golden Idol,SWITCH,game,https://pan.quark.cn/s/c7d9132da7c0,,,,
,皇家骑士团：重生,SWITCH,game,https://pan.quark.cn/s/f82ebf81a936,,,,
,黄金守护者,SWITCH,game,https://pan.quark.cn/s/4da4ba01587f,,,,
,和阶堂真的案件簿,SWITCH,game,https://pan.quark.cn/s/47a9b367f05b,,,,
,合金装备大师合集Vol.1,SWITCH,game,https://pan.quark.cn/s/fe4718ff97ec,,,,
,火炬之光3,SWITCH,game,https://pan.quark.cn/s/1256553c4959,,,,
,虹降之海,SWITCH,game,https://pan.quark.cn/s/3ada24d66347,,,,
,荒绝之剑DX,SWITCH,game,https://pan.quark.cn/s/113a07906b9a,,,,
,后见之明,SWITCH,game,https://pan.quark.cn/s/06dbe2036d34,,,,
,灰烬之牌：完整版,SWITCH,game,https://pan.quark.cn/s/bbf4efc1ddb2,,,,
,合金重组,SWITCH,game,https://pan.quark.cn/s/7a3c0b47bf13,,,,
,滑块农场,SWITCH,game,https://pan.quark.cn/s/0253d1049b6c,,,,
,骇客时空G.U. 最终编码,SWITCH,game,https://pan.quark.cn/s/99128fb7d511,,,,
,海克斯炸欢天：英雄联盟外传,SWITCH,game,https://pan.quark.cn/s/d3ea6656fa83,,,,
,哈克小镇,SWITCH,game,https://pan.quark.cn/s/63e35334e0c4,,,,
,海珂：北境极光,SWITCH,game,https://pan.quark.cn/s/a221d17e353e,,,,
,洪亮,SWITCH,game,https://pan.quark.cn/s/2352b609ac97,,,,
,哈利波特：魁地奇斗士,SWITCH,game,https://pan.quark.cn/s/5b936d63292e,,,,
,混乱拆迁,SWITCH,game,https://pan.quark.cn/s/160ea70ab6f2,,,,
,霍拉蒂奥去滑雪,SWITCH,game,https://pan.quark.cn/s/d2afb07b6928,,,,
,幻灵降世录 女巫的面纱 Lost Eidolons Veil of the Witch,SWITCH,game,https://pan.quark.cn/s/0b6491002ec1,,,,
,欢乐恐龙牧场,SWITCH,game,https://pan.quark.cn/s/6fb842aeba32,,,,
,混乱末世,SWITCH,game,https://pan.quark.cn/s/cdd0f3adc718,,,,
,欢乐桑巴：派对中心,SWITCH,game,https://pan.quark.cn/s/447cf723385d,,,,
,亥灵胎,SWITCH,game,https://pan.quark.cn/s/617557860c45,,,,
,河流尾巴：团结就是力量,SWITCH,game,https://pan.quark.cn/s/dd255f428a0c,,,,
,护林猿神 Dunjungle,SWITCH,game,https://pan.quark.cn/s/c03e0e94153b,,,,
,狐狸英雄的崛起,SWITCH,game,https://pan.quark.cn/s/f0e25d7f09e4,,,,
,华丽一族：幻灯时代,SWITCH,game,https://pan.quark.cn/s/2be5ed3dba9c,,,,
,狐狸在等我花,SWITCH,game,https://pan.quark.cn/s/fa21c40be91b,,,,
,洪流之风,SWITCH,game,https://pan.quark.cn/s/d7f882cd30db,,,,
,昏迷2 恶毒姐妹,SWITCH,game,https://pan.quark.cn/s/f9da39af177b,,,,
,海绵宝宝：大闹蟹堡王,SWITCH,game,https://pan.quark.cn/s/fa720b8ccd6a,,,,
,海绵宝宝：派大星游戏,SWITCH,game,https://pan.quark.cn/s/42ff46f9d2fa,,,,
,海绵宝宝：宇宙摇摆,SWITCH,game,https://pan.quark.cn/s/292a7315a8d0,,,,
,红魔城传说2,SWITCH,game,https://pan.quark.cn/s/d90576d2fe7a,,,,
,红魔城蕾米莉亚2：妖幻镇魂歌,SWITCH,game,https://pan.quark.cn/s/18cb428e17bf,,,,
,红魔城蕾米莉亚：绯色交响曲,SWITCH,game,https://pan.quark.cn/s/cf18acef8271,,,,
,毁灭军团,SWITCH,game,https://pan.quark.cn/s/e2114514c4c5,,,,
,昏迷切割,SWITCH,game,https://pan.quark.cn/s/73000e035485,,,,
,毁灭全人类,SWITCH,game,https://pan.quark.cn/s/8dc69b528941,,,,
,后末日侠盗,SWITCH,game,https://pan.quark.cn/s/e86d9b91e8cf,,,,
,和睦森林,SWITCH,game,https://pan.quark.cn/s/90ea8c1d8c02,,,,
,黑莓甜心,SWITCH,game,https://pan.quark.cn/s/f8656dbfa736,,,,
,毁灭战士1+2捆绑包,SWITCH,game,https://pan.quark.cn/s/0e436c8be4aa,,,,
,毁灭战士1993,SWITCH,game,https://pan.quark.cn/s/a353aa3fe237,,,,
,毁灭战士：永恒,SWITCH,game,https://pan.quark.cn/s/720f087645d2,,,,
,毁灭之王：英雄联盟故事,SWITCH,game,https://pan.quark.cn/s/761879406120,,,,
,幻梦：心酸回忆,SWITCH,game,https://pan.quark.cn/s/a26741eff11d,,,,
,汉娜 Hannah,SWITCH,game,https://pan.quark.cn/s/c6acf1a338ce,,,,
,胡闹搬家2,SWITCH,game,https://pan.quark.cn/s/91f8bb2e47f0,,,,
,胡闹厨房全都好吃,SWITCH,game,https://pan.quark.cn/s/d20ae0b5883b,,,,
,胡闹加油站,SWITCH,game,https://pan.quark.cn/s/a33be1000dd6,,,,
,核能烈焰,SWITCH,game,https://pan.quark.cn/s/613087fc1c7e,,,,
,狐娘美琴的冒险,SWITCH,game,https://pan.quark.cn/s/b025b1a92c63,,,,
,hololive Holos 花札,SWITCH,game,https://pan.quark.cn/s/68ee60854273,,,,
,HOP! STEP! DANCE!,SWITCH,game,https://pan.quark.cn/s/3a71613d3be4,,,,
,琥珀岛,SWITCH,game,https://pan.quark.cn/s/41fdaae63b62,,,,
,皇牌空战7：未知天空,SWITCH,game,https://pan.quark.cn/s/1eab2ca8f7b8,,,,
,海平线 无尽旅程,SWITCH,game,https://pan.quark.cn/s/a9dd55e6035e,,,,
,和朋友们一起高尔夫,SWITCH,game,https://pan.quark.cn/s/0cce110e28f7,,,,
,黄泉裂华,SWITCH,game,https://pan.quark.cn/s/c00ddc19eee3,,,,
,黄泉路探险队,SWITCH,game,https://pan.quark.cn/s/c241f0f9faa7,,,,
,火球巫师,SWITCH,game,https://pan.quark.cn/s/e488724c7942,,,,
,黄泉之路,SWITCH,game,https://pan.quark.cn/s/ab94e3e567c7,,,,
,幻刃奇美拉,SWITCH,game,https://pan.quark.cn/s/18d9187feb79,,,,
,焕然异星,SWITCH,game,https://pan.quark.cn/s/7b5cdf3db653,,,,
,焕然一新,SWITCH,game,https://pan.quark.cn/s/bb8de1ea8f0d,,,,
,幻日夜羽 蜃景努玛梓 Yohane the Parhelion Numazu in the Mirage,SWITCH,game,https://pan.quark.cn/s/90fc7e6c0c30,,,,
,幻日夜羽：湛海耀光,SWITCH,game,https://pan.quark.cn/s/3bb9876c89a3,,,,
,幻沙,SWITCH,game,https://pan.quark.cn/s/43ab867d09d4,,,,
,汉水,SWITCH,game,https://pan.quark.cn/s/10ac5ca7f93d,,,,
,后室,SWITCH,game,https://pan.quark.cn/s/1f2c098e2a82,,,,
,黑书,SWITCH,game,https://pan.quark.cn/s/5d28335a0117,,,,
,灰色 幻影5.5,SWITCH,game,https://pan.quark.cn/s/e8f383f585da,,,,
,灰色 幻影扳机第七章,SWITCH,game,https://pan.quark.cn/s/5756fadd6169,,,,
,荒神2,SWITCH,game,https://pan.quark.cn/s/e70e5dae35d4,,,,
,红视2,SWITCH,game,https://pan.quark.cn/s/a47bac675abc,,,,
,红色翅膀：美国王牌,SWITCH,game,https://pan.quark.cn/s/e8d4424411a2,,,,
,红色的炼金术士和白色的守护者 ～蕾斯莱莉娅娜的炼金工房～ Atelier Resleriana The Red Alchemist & the White Guardian,SWITCH,game,https://pan.quark.cn/s/ed7142feec59,,,,
,海鼠的诅咒,SWITCH,game,https://pan.quark.cn/s/b49aeaf5f48d,,,,
,黑色规则 西格玛,SWITCH,game,https://pan.quark.cn/s/cfe3752c48ee,,,,
,红色蝴蝶结,SWITCH,game,https://pan.quark.cn/s/191381292f70,,,,
,灰色幻影扳机08,SWITCH,game,https://pan.quark.cn/s/1640f2f78d46,,,,
,回声剑刃,SWITCH,game,https://pan.quark.cn/s/25d85d78060c,,,,
,黑色起源,SWITCH,game,https://pan.quark.cn/s/03ce8eb9ed39,,,,
,回声时代,SWITCH,game,https://pan.quark.cn/s/c64932db88ca,,,,
,海市蜃楼之馆,SWITCH,game,https://pan.quark.cn/s/9e5748e82abe,,,,
,黑色守卫2,SWITCH,game,https://pan.quark.cn/s/f1bdbbee5e46,,,,
,黑色巫术,SWITCH,game,https://pan.quark.cn/s/2f45a19d8a0e,,,,
,幻世醉虎传,SWITCH,game,https://pan.quark.cn/s/8641759d260c,,,,
,活尸战棋,SWITCH,game,https://pan.quark.cn/s/806b8ef89358,,,,
,花式撞球,SWITCH,game,https://pan.quark.cn/s/f060dccc8362,,,,
,红视：太空突击,SWITCH,game,https://pan.quark.cn/s/6f5194766fb0,,,,
,绘图方块 牧场物语,SWITCH,game,https://pan.quark.cn/s/ba9a1eac80c7,,,,
,绘图方块S SNK经典＆NEOGEO特别版,SWITCH,game,https://pan.quark.cn/s/6768c2f17773,,,,
,绘图方块系列,SWITCH,game,https://pan.quark.cn/s/52171d395c6b,,,,
,绘图方块系列合集 Picross S＋,SWITCH,game,https://pan.quark.cn/s/a3ff9497bc54,,,,
,黑桃国的爱丽丝：奇妙白世界,SWITCH,game,https://pan.quark.cn/s/88b61b2f810a,,,,
,海豚精灵：海洋任务,SWITCH,game,https://pan.quark.cn/s/807e2686322b,,,,
,荒无人烟,SWITCH,game,https://pan.quark.cn/s/046f17a9e27b,,,,
,荒芜之地,SWITCH,game,https://pan.quark.cn/s/9acdca282fcf,,,,
,滑行,SWITCH,game,https://pan.quark.cn/s/23cd4ef5c378,,,,
,航行,SWITCH,game,https://pan.quark.cn/s/d87a1a93e91d,,,,
,火星 混沌威胁,SWITCH,game,https://pan.quark.cn/s/89a7d4e114ca,,,,
,幻想传奇狂潮,SWITCH,game,https://pan.quark.cn/s/a165b5bd2942,,,,
,幻想大陆战记：卢纳基亚传说,SWITCH,game,https://pan.quark.cn/s/2c9facef5f6c,,,,
,火星地平线,SWITCH,game,https://pan.quark.cn/s/a99bbf6005b7,,,,
,火星基地,SWITCH,game,https://pan.quark.cn/s/e25bf4ae69d4,,,,
,红炫俱乐部,SWITCH,game,https://pan.quark.cn/s/f53a6779b901,,,,
,黑相集：棉兰号,SWITCH,game,https://pan.quark.cn/s/f83e63a0681d,,,,
,红炫俱乐部,SWITCH,game,https://pan.quark.cn/s/cd06a294c07d,,,,
,黑相集：棉兰号,SWITCH,game,https://pan.quark.cn/s/ab9e8655f32c,,,,
,黑相集：稀望镇,SWITCH,game,https://pan.quark.cn/s/e47f31d2820b,,,,
,后虚空,SWITCH,game,https://pan.quark.cn/s/55918f266ab5,,,,
,火星恐慌,SWITCH,game,https://pan.quark.cn/s/734b17f99d49,,,,
,幻希露比,SWITCH,game,https://pan.quark.cn/s/a31b46fd4b33,,,,
,害羞猫隐藏乐团,SWITCH,game,https://pan.quark.cn/s/9f05ae763ce0,,,,
,幻象破坏者 战场 终极版 Phantom Breaker Battle Grounds Ultimate,SWITCH,game,https://pan.quark.cn/s/d273852b6957,,,,
,幻想骑士战术,SWITCH,game,https://pan.quark.cn/s/fcb880a25a23,,,,
,火星伤痕,SWITCH,game,https://pan.quark.cn/s/3826c204339d,,,,
,幻想水浒传：1+2高清重制版,SWITCH,game,https://pan.quark.cn/s/60f555b5fb42,,,,
,幻想生活i 转圈圈的龙和偷取时间的少女 FANTASY LIFE i The Girl Who Steals Time,SWITCH,game,https://pan.quark.cn/s/db72ae10ec3b,,,,
,海鲜寿司物语,SWITCH,game,https://pan.quark.cn/s/7cb606233c49,,,,
,胡须水域,SWITCH,game,https://pan.quark.cn/s/54221332f63a,,,,
,火星探测器机械师模拟,SWITCH,game,https://pan.quark.cn/s/b40a9bae246a,,,,
,幻想铁匠,SWITCH,game,https://pan.quark.cn/s/2d6222e75e1e,,,,
,幻想铁匠店模拟器,SWITCH,game,https://pan.quark.cn/s/6ae1648de92a,,,,
,幻想新国度 全扇飞2,SWITCH,game,https://pan.quark.cn/s/394beef64f4e,,,,
,幻想新国度3：来自希伯尼亚的公羊,SWITCH,game,https://pan.quark.cn/s/ae49bd27e823,,,,
,幻想新国度全扇飞,SWITCH,game,https://pan.quark.cn/s/e02c385bbeee,,,,
,幻想新国度：英雄,SWITCH,game,https://pan.quark.cn/s/6a622eda7da4,,,,
,火星岩洞：充能版,SWITCH,game,https://pan.quark.cn/s/cff010915d5a,,,,
,浣熊硬探,SWITCH,game,https://pan.quark.cn/s/d8a7367b9a77,,,,
,红心与斜线,SWITCH,game,https://pan.quark.cn/s/5c9f37eee86b,,,,
,环形子弹,SWITCH,game,https://pan.quark.cn/s/9debaa15a7c3,,,,
,化形战士 BIOMORPH,SWITCH,game,https://pan.quark.cn/s/1afdd4bb473d,,,,
,幻想：甜蜜版 Reverie Sweet As Edition,SWITCH,game,https://pan.quark.cn/s/7b0d9b0d70a1,,,,
,幻想～梦境～ 幻想～ゆめごこち～,SWITCH,game,https://pan.quark.cn/s/3ae0b34d9099,,,,
,海妖奥德赛,SWITCH,game,https://pan.quark.cn/s/9369254b5444,,,,
,荒野巴士 Wildbus,SWITCH,game,https://pan.quark.cn/s/4a9d2b15f4aa,,,,
,荒野大镖客,SWITCH,game,https://pan.quark.cn/s/36aaddbdb275,,,,
,欢迎光临！拓麻歌子开心镇 Tamagotchi Plaza,SWITCH,game,https://pan.quark.cn/s/e9d91f7ae091,,,,
,花园故事,SWITCH,game,https://pan.quark.cn/s/dc469744c8f7,,,,
,幻影火花,SWITCH,game,https://pan.quark.cn/s/4998a4db5268,,,,
,海洋幻想 Sea Fantasy,SWITCH,game,https://pan.quark.cn/s/18d036bfc721,,,,
,荒野军团,SWITCH,game,https://pan.quark.cn/s/1d6e806bf8cf,,,,
,花园里,SWITCH,game,https://pan.quark.cn/s/3605f7df05f0,,,,
,欢迎来到光明之界,SWITCH,game,https://pan.quark.cn/s/0d9a64ca5be7,,,,
,火影忍者疾风传：究极忍者风暴四部曲,SWITCH,game,https://pan.quark.cn/s/76d114183e97,,,,
,火影忍者：究极风暴4 博人传,SWITCH,game,https://pan.quark.cn/s/9486d8ef86ad,,,,
,火影忍者：终极风暴羁绊,SWITCH,game,https://pan.quark.cn/s/5401bcf0a7bc,,,,
,胡言山的魔理沙 Marisa of Liartop Mountain,SWITCH,game,https://pan.quark.cn/s/c107a03af486,,,,
,火焰守护者,SWITCH,game,https://pan.quark.cn/s/6d472c241067,,,,
,荒野守护者崛起 Wildkeepers Rising,SWITCH,game,https://pan.quark.cn/s/f2f12baa5f77,,,,
,花园生涯：模拟佛系生活,SWITCH,game,https://pan.quark.cn/s/223005e32202,,,,
,火焰同盟,SWITCH,game,https://pan.quark.cn/s/ac2ba0626b7b,,,,
,荒野探险,SWITCH,game,https://pan.quark.cn/s/12dc115cba3b,,,,
,火焰纹章Engage [版本2.0.0],SWITCH,game,https://pan.quark.cn/s/c9a97681c27e,,,,
,火焰纹章无双：风花雪月 [版本1.0.2],SWITCH,game,https://pan.quark.cn/s/99f3018fcd48,,,,
,火焰纹章：风花雪月  [版本1.2.0],SWITCH,game,https://pan.quark.cn/s/37c6a324fa67,,,,
,谎月香格里拉,SWITCH,game,https://pan.quark.cn/s/4b2f004ba51f,,,,
,骇游侠探,SWITCH,game,https://pan.quark.cn/s/5ab6973e7a39,,,,
,海洋之王 King of Seas,SWITCH,game,https://pan.quark.cn/s/0a294f36e120,,,,
,海洋之心,SWITCH,game,https://pan.quark.cn/s/9f34646e5916,,,,
,海之呼唤,SWITCH,game,https://pan.quark.cn/s/4f2481e93d62,,,,
,海之号角2：失落王国骑士,SWITCH,game,https://pan.quark.cn/s/8b25dedde6d5,,,,
,幻走空中竞速,SWITCH,game,https://pan.quark.cn/s/081b617af392,,,,
,花之灵,SWITCH,game,https://pan.quark.cn/s/c7860e20a6fb,,,,
,盒中猫,SWITCH,game,https://pan.quark.cn/s/16222c781a7b,,,,
,花之女王,SWITCH,game,https://pan.quark.cn/s/3829925a9f9d,,,,
,合作球,SWITCH,game,https://pan.quark.cn/s/d00ceffc39d8,,,,
,画中世界,SWITCH,game,https://pan.quark.cn/s/741f9e5d4a52,,,,
,猴子桶战,SWITCH,game,https://pan.quark.cn/s/6e3e872fde17,,,,
,海贼无双4 ONE PIECE PIRATE WARRIORS 4,SWITCH,game,https://pan.quark.cn/s/412aac1529e1,,,,
,海贼王：时光旅诗,SWITCH,game,https://pan.quark.cn/s/2aa7ef6e458f,,,,
,豪猪之秋,SWITCH,game,https://pan.quark.cn/s/d8ac00be341e,,,,
,i.game 香港麻将 Game Hong Kong Mahjong,SWITCH,game,https://pan.quark.cn/s/bc1b3b985470,,,,
,ICHU偶像进行曲,SWITCH,game,https://pan.quark.cn/s/0fe503af1946,,,,
,IIN,SWITCH,game,https://pan.quark.cn/s/fcaa9d5dea13,,,,
,In the Mood,SWITCH,game,https://pan.quark.cn/s/6026cb0eb97f,,,,
,IREM经典街机合集,SWITCH,game,https://pan.quark.cn/s/3e42097cfc33,,,,
,IREM经典街机合集vol2,SWITCH,game,https://pan.quark.cn/s/eae962b1026a,,,,
,Irem经典街机合集vol3,SWITCH,game,https://pan.quark.cn/s/6bdb74587904,,,,
,Isekai Harem Saver,SWITCH,game,https://pan.quark.cn/s/b9e6769bed48,,,,
,Islets,SWITCH,game,https://pan.quark.cn/s/0a5774cb7e21,,,,
,茧,SWITCH,game,https://pan.quark.cn/s/ea66832cd041,,,,
,拣爱,SWITCH,game,https://pan.quark.cn/s/3d9e72138685,,,,
,JALECO红白机版 西游记世界,SWITCH,game,https://pan.quark.cn/s/3fef77fbfeab,,,,
,劲爆51飞行队,SWITCH,game,https://pan.quark.cn/s/f3e51ab0bc6f,,,,
,禁闭求生,SWITCH,game,https://pan.quark.cn/s/adbfdfe73f65,,,,
,劲爆射击DX,SWITCH,game,https://pan.quark.cn/s/6570a2a8e9fa,,,,
,机场,SWITCH,game,https://pan.quark.cn/s/cb7ddaaa989a,,,,
,剑齿队长和魔法钻石,SWITCH,game,https://pan.quark.cn/s/a40dc010569c,,,,
,警车驾驶员 城市停车模拟器,SWITCH,game,https://pan.quark.cn/s/d17a71be6664,,,,
,警察模拟器：巡逻警察,SWITCH,game,https://pan.quark.cn/s/91c2c100638e,,,,
,结城友奈是勇者 花结的闪光,SWITCH,game,https://pan.quark.cn/s/81ad061eb7c1,,,,
,交错之魂,SWITCH,game,https://pan.quark.cn/s/07d128bc74c4,,,,
,巨洞,SWITCH,game,https://pan.quark.cn/s/25bdc69c1c29,,,,
,绝对的君主,SWITCH,game,https://pan.quark.cn/s/b229c6ad5eb3,,,,
,简单高尔夫,SWITCH,game,https://pan.quark.cn/s/6d0235e2e685,,,,
,间谍过家家：日记大作战,SWITCH,game,https://pan.quark.cn/s/1eb9ec3a397b,,,,
,极地乐园,SWITCH,game,https://pan.quark.cn/s/a4ea176913bf,,,,
,金德曼积善医务室,SWITCH,game,https://pan.quark.cn/s/5be0f6ab2e25,,,,
,经典赛车精英,SWITCH,game,https://pan.quark.cn/s/5587247bdd67,,,,
,经典数独,SWITCH,game,https://pan.quark.cn/s/ed2e583cd6d7,,,,
,经典数独2,SWITCH,game,https://pan.quark.cn/s/dcd37ac2762d,,,,
,间谍少女组 电子任务,SWITCH,game,https://pan.quark.cn/s/d8e1085097d0,,,,
,鸡蛋跳跃,SWITCH,game,https://pan.quark.cn/s/bfcb67fc187f,,,,
,聚点危机：英雄联盟外传,SWITCH,game,https://pan.quark.cn/s/b3708f625fe2,,,,
,酒店熙熙攘攘,SWITCH,game,https://pan.quark.cn/s/0d1b947f4ce3,,,,
,经典游戏集2,SWITCH,game,https://pan.quark.cn/s/5709dbe3718c,,,,
,九段之都市传说,SWITCH,game,https://pan.quark.cn/s/f2500d72d06b,,,,
,进度指令,SWITCH,game,https://pan.quark.cn/s/9a1bf41771d9,,,,
,经典桌球,SWITCH,game,https://pan.quark.cn/s/fe6068e6fc91,,,,
,机动战士高达SEED：激斗命运复刻版,SWITCH,game,https://pan.quark.cn/s/96f247a88d10,,,,
,绝对战术：慈悲之女,SWITCH,game,https://pan.quark.cn/s/6246b5fb41ca,,,,
,饥饿派画家2：迷失,SWITCH,game,https://pan.quark.cn/s/e2f6153c0674,,,,
,加菲猫千层面聚会,SWITCH,game,https://pan.quark.cn/s/bc6a72c45c23,,,,
,救国少女之斯娜静歌,SWITCH,game,https://pan.quark.cn/s/97876f2228ef,,,,
,巨怪灾难,SWITCH,game,https://pan.quark.cn/s/40c272d80330,,,,
,金刚战神：群狼盛宴,SWITCH,game,https://pan.quark.cn/s/30a0a8122917,,,,
,九魂的久远,SWITCH,game,https://pan.quark.cn/s/f44d6a009618,,,,
,集合啦！动物森友会,SWITCH,game,https://pan.quark.cn/s/6622fb4211e6,,,,
,进化之地传奇版,SWITCH,game,https://pan.quark.cn/s/fb851209bdb2,,,,
,净化之径,SWITCH,game,https://pan.quark.cn/s/76427121a8f4,,,,
,晶骸之日,SWITCH,game,https://pan.quark.cn/s/085c415346e7,,,,
,荆棘 群山之王,SWITCH,game,https://pan.quark.cn/s/9c20768cde20,,,,
,绝境北方,SWITCH,game,https://pan.quark.cn/s/3f058a8897b9,,,,
,机甲迸发,SWITCH,game,https://pan.quark.cn/s/3069ed490550,,,,
,寂静村的孩子们 Children of Silentown,SWITCH,game,https://pan.quark.cn/s/9fe188acaf52,,,,
,街机大亨,SWITCH,game,https://pan.quark.cn/s/2888e0ca45a9,,,,
,将军对决,SWITCH,game,https://pan.quark.cn/s/d165110a8df2,,,,
,进击的机甲球,SWITCH,game,https://pan.quark.cn/s/d366a8cf804b,,,,
,进击的巨人2,SWITCH,game,https://pan.quark.cn/s/285b5affdccf,,,,
,进击的喵喵,SWITCH,game,https://pan.quark.cn/s/1ac8425196f7,,,,
,机甲大师,SWITCH,game,https://pan.quark.cn/s/b4d42d8962a0,,,,
,究极虎式直升机,SWITCH,game,https://pan.quark.cn/s/6142a1b22549,,,,
,极巨剑 GIGASWORD,SWITCH,game,https://pan.quark.cn/s/b09badb91a27,,,,
,狙击精英V4,SWITCH,game,https://pan.quark.cn/s/ab10eea58a3a,,,,
,街机乐园,SWITCH,game,https://pan.quark.cn/s/b1ee84fb7121,,,,
,进击女孩阿塔卡,SWITCH,game,https://pan.quark.cn/s/3548685e368e,,,,
,居家男人,SWITCH,game,https://pan.quark.cn/s/081f9b949aec,,,,
,街机乒乓球,SWITCH,game,https://pan.quark.cn/s/e3c92eb4aad1,,,,
,狙击手大头兵,SWITCH,game,https://pan.quark.cn/s/c315314678e9,,,,
,禁忌试炼,SWITCH,game,https://pan.quark.cn/s/647e63716cf0,,,,
,机甲少女 Metal Unit,SWITCH,game,https://pan.quark.cn/s/85a1c1d0e1ca,,,,
,机甲少女爱丽丝CS,SWITCH,game,https://pan.quark.cn/s/43ad359df21d,,,,
,绝叫死人,SWITCH,game,https://pan.quark.cn/s/ac27a961dc03,,,,
,紧急行动,SWITCH,game,https://pan.quark.cn/s/5a12adc4ff6f,,,,
,机甲战魔,SWITCH,game,https://pan.quark.cn/s/f3d22e30de65,,,,
,救救！小邪神飞踢,SWITCH,game,https://pan.quark.cn/s/c2d5ded6f27b,,,,
,惊恐航海,SWITCH,game,https://pan.quark.cn/s/c28134c21ef1,,,,
,惊恐豪猪,SWITCH,game,https://pan.quark.cn/s/c84dd9668623,,,,
,即刻离职 Quit Today,SWITCH,game,https://pan.quark.cn/s/0a51539aa977,,,,
,揭开美女面纱,SWITCH,game,https://pan.quark.cn/s/cccb2f6762b4,,,,
,杰克珍妮,SWITCH,game,https://pan.quark.cn/s/8d31df6bc819,,,,
,饥渴追求者,SWITCH,game,https://pan.quark.cn/s/c30a8ddecf90,,,,
,距离8点还有3分钟,SWITCH,game,https://pan.quark.cn/s/6c76100d628d,,,,
,基佬大乱斗,SWITCH,game,https://pan.quark.cn/s/e33f03038f23,,,,
,极乐迪斯科 最终剪辑版,SWITCH,game,https://pan.quark.cn/s/3a8bd3999179,,,,
,精灵高中,SWITCH,game,https://pan.quark.cn/s/626bf6164fe5,,,,
,精灵化化大冒险,SWITCH,game,https://pan.quark.cn/s/5822351c8cce,,,,
,精灵机弗烈利特,SWITCH,game,https://pan.quark.cn/s/29757f89bf78,,,,
,精灵猎手 无限部落,SWITCH,game,https://pan.quark.cn/s/fb7e33ecc44c,,,,
,精灵旅社：恐怖传说冒险,SWITCH,game,https://pan.quark.cn/s/f4a52d1160ee,,,,
,巨浪滔天,SWITCH,game,https://pan.quark.cn/s/1463442a9a47,,,,
,角落小伙伴 打造吧! 美妙角落小岛 Sumikkogurashi Create a Wonderful Sumikko Island!,SWITCH,game,https://pan.quark.cn/s/ff5c9deb6004,,,,
,角落小伙伴集合啦！角落小伙伴小镇,SWITCH,game,https://pan.quark.cn/s/26b222a71928,,,,
,角落小伙伴：一起来玩节奏派对,SWITCH,game,https://pan.quark.cn/s/09aca37e2127,,,,
,精灵小马,SWITCH,game,https://pan.quark.cn/s/6450bc52e7e6,,,,
,精灵余光,SWITCH,game,https://pan.quark.cn/s/398cb910f1dc,,,,
,精灵与老鼠,SWITCH,game,https://pan.quark.cn/s/7038bb715f89,,,,
,巨龙游戏,SWITCH,game,https://pan.quark.cn/s/082129958beb,,,,
,精灵与橡木之歌,SWITCH,game,https://pan.quark.cn/s/e6328122e290,,,,
,骏马奥斯温,SWITCH,game,https://pan.quark.cn/s/140d668d1cfe,,,,
,揭谜而起,SWITCH,game,https://pan.quark.cn/s/c9630469361f,,,,
,吉米克2,SWITCH,game,https://pan.quark.cn/s/eaa6bf1fe264,,,,
,纪念碑谷1+2组合包,SWITCH,game,https://pan.quark.cn/s/9074d25379ed,,,,
,吉娜姐妹：扭曲梦境,SWITCH,game,https://pan.quark.cn/s/319557ef81d0,,,,
,JOJO的奇妙冒险：群星之战重制版,SWITCH,game,https://pan.quark.cn/s/e459ebd58eae,,,,
,极品飞车14热力追踪：重制版,SWITCH,game,https://pan.quark.cn/s/a073e7784e55,,,,
,惧怕聚光灯,SWITCH,game,https://pan.quark.cn/s/abafec00ebd6,,,,
,祭品小镇,SWITCH,game,https://pan.quark.cn/s/87199fde3087,,,,
,祭品小镇彩结,SWITCH,game,https://pan.quark.cn/s/c208d5467176,,,,
,崛起 未来竞速 Rise Race The Future,SWITCH,game,https://pan.quark.cn/s/0cc22cd7cc06,,,,
,崛起力量：添命人,SWITCH,game,https://pan.quark.cn/s/a0e51e916d9e,,,,
,"机器人海酷 Haiku, the Robot",SWITCH,game,https://pan.quark.cn/s/998e9764a04f,,,,
,机器人角斗场,SWITCH,game,https://pan.quark.cn/s/e151c494c10e,,,,
,机器人世界 奥德赛 Botworld Odyssey,SWITCH,game,https://pan.quark.cn/s/b4fc2cf71a87,,,,
,极圈以南,SWITCH,game,https://pan.quark.cn/s/014d7e1a9ed5,,,,
,惊人的鸡探险,SWITCH,game,https://pan.quark.cn/s/6e79aca9ee9c,,,,
,旧日飞车 Old School Rally,SWITCH,game,https://pan.quark.cn/s/da65971db17e,,,,
,巨人路途,SWITCH,game,https://pan.quark.cn/s/4f5e272f2c4f,,,,
,筋肉猫：超级肌肉猫,SWITCH,game,https://pan.quark.cn/s/546397ba63b7,,,,
,井然有猫,SWITCH,game,https://pan.quark.cn/s/c7e92ca30c47,,,,
,静水,SWITCH,game,https://pan.quark.cn/s/3d10e92b7bfc,,,,
,巨石 维京群岛,SWITCH,game,https://pan.quark.cn/s/489c777c629b,,,,
,僵尸部队4：亡灵大战,SWITCH,game,https://pan.quark.cn/s/1e7d142b6606,,,,
,旧书城的桥姬 Hashihime of the Old Book Town append,SWITCH,game,https://pan.quark.cn/s/5c273e9ddf3e,,,,
,极速超杀 Turbo Overkill,SWITCH,game,https://pan.quark.cn/s/028c0b056363,,,,
,僵尸德比 像素生存,SWITCH,game,https://pan.quark.cn/s/c5d3c86c91a9,,,,
,街上的猫,SWITCH,game,https://pan.quark.cn/s/504e6c5e58fa,,,,
,僵尸防御,SWITCH,game,https://pan.quark.cn/s/420457723e1f,,,,
,惊悚故事2,SWITCH,game,https://pan.quark.cn/s/85a503b83b11,,,,
,惊悚故事3：英格莉忏悔录,SWITCH,game,https://pan.quark.cn/s/59997feab734,,,,
,健身环大冒险 [版本1.2.0],SWITCH,game,https://pan.quark.cn/s/dc10ef9b890a,,,,
,极速俱乐部：无限2,SWITCH,game,https://pan.quark.cn/s/fc421c54b697,,,,
,九十六号公路,SWITCH,game,https://pan.quark.cn/s/b31b7c842e71,,,,
,九十六号公路：零号里程,SWITCH,game,https://pan.quark.cn/s/a77bb323e668,,,,
,僵尸木筏,SWITCH,game,https://pan.quark.cn/s/b1a4c9d4c9cb,,,,
,急速面条,SWITCH,game,https://pan.quark.cn/s/516458dd66bd,,,,
,急速摩托GT,SWITCH,game,https://pan.quark.cn/s/d731de9a2396,,,,
,僵尸梦游仙境DX,SWITCH,game,https://pan.quark.cn/s/280ea1bee759,,,,
,疾速摩爪,SWITCH,game,https://pan.quark.cn/s/61b579d1e1dc,,,,
,健身拳击,SWITCH,game,https://pan.quark.cn/s/ba86a2e46a1f,,,,
,健身拳击 北斗神拳,SWITCH,game,https://pan.quark.cn/s/a411e176be27,,,,
,健身拳击feat. 初音未来,SWITCH,game,https://pan.quark.cn/s/b0571472a08c,,,,
,救赎收割者,SWITCH,game,https://pan.quark.cn/s/3485a3ccca87,,,,
,僵尸世界大战,SWITCH,game,https://pan.quark.cn/s/fe6afe36880a,,,,
,降世神通：最后的气宗,SWITCH,game,https://pan.quark.cn/s/4795171273cd,,,,
,JS塔布斯塔,SWITCH,game,https://pan.quark.cn/s/7ea9049d3913,,,,
,疾速特工,SWITCH,game,https://pan.quark.cn/s/e1193ebdd339,,,,
,金属物语：超杀,SWITCH,game,https://pan.quark.cn/s/0e6273fc49e2,,,,
,降速王者,SWITCH,game,https://pan.quark.cn/s/1fd9138e1334,,,,
,僵尸小镇：生存危机,SWITCH,game,https://pan.quark.cn/s/f483f9014c9d,,,,
,即时运动,SWITCH,game,https://pan.quark.cn/s/a3eb66ebca92,,,,
,救赎者：强化版,SWITCH,game,https://pan.quark.cn/s/5e869d27fec3,,,,
,践踏2：超级机甲联赛,SWITCH,game,https://pan.quark.cn/s/eab38402ae52,,,,
,践踏2：超级机甲联赛1,SWITCH,game,https://pan.quark.cn/s/4ba96a8e4028,,,,
,街头角斗士2,SWITCH,game,https://pan.quark.cn/s/2fd9f481c6ad,,,,
,绝体绝命都市4：夏日回忆,SWITCH,game,https://pan.quark.cn/s/f70d37cdb57e,,,,
,鸡兔联盟 尖胡子的宝藏 Chickenhare and the treasure of Spiking-beard,SWITCH,game,https://pan.quark.cn/s/9312bfc01bf5,,,,
,家庭象棋,SWITCH,game,https://pan.quark.cn/s/eb0a33aa0367,,,,
,烬土行者,SWITCH,game,https://pan.quark.cn/s/4d019e2ffb5d,,,,
,金田一耕助系列 本阵杀人事件,SWITCH,game,https://pan.quark.cn/s/941c372149dd,,,,
,践踏：机械城乱斗,SWITCH,game,https://pan.quark.cn/s/d9b39a646baf,,,,
,JUMP大乱斗豪华版,SWITCH,game,https://pan.quark.cn/s/c8b7920e268e,,,,
,JUST DANCE 2022,SWITCH,game,https://pan.quark.cn/s/f744a62f504e,,,,
,剑为君舞,SWITCH,game,https://pan.quark.cn/s/7100bd760b65,,,,
,今晚没开2,SWITCH,game,https://pan.quark.cn/s/cf2c0945b352,,,,
,今晚没开：夺回控制权（中文,SWITCH,game,https://pan.quark.cn/s/c55531a8fe4c,,,,
,九巫：家破人亡,SWITCH,game,https://pan.quark.cn/s/0c21692675ef,,,,
,间隙 The Gap,SWITCH,game,https://pan.quark.cn/s/3adfc18b90cb,,,,
,极限崩溃,SWITCH,game,https://pan.quark.cn/s/3f1044a52204,,,,
,极限城市送货,SWITCH,game,https://pan.quark.cn/s/5279f58b6a51,,,,
,机械节奏,SWITCH,game,https://pan.quark.cn/s/809ae2a7ddc5,,,,
,交响乐之雨,SWITCH,game,https://pan.quark.cn/s/def591eed18d,,,,
,极限摩托模拟器,SWITCH,game,https://pan.quark.cn/s/039b44a2c1d8,,,,
,极限汽车驾驶模拟,SWITCH,game,https://pan.quark.cn/s/3406b23c1631,,,,
,极限赛车模拟器,SWITCH,game,https://pan.quark.cn/s/3e8551048073,,,,
,机械少女,SWITCH,game,https://pan.quark.cn/s/9fbcf9fe99ee,,,,
,机械塔,SWITCH,game,https://pan.quark.cn/s/32a58dfef146,,,,
,极限凸起：萌情水晶,SWITCH,game,https://pan.quark.cn/s/67aebe722302,,,,
,今宵邪灵夜,SWITCH,game,https://pan.quark.cn/s/6029c31dbe84,,,,
,接线疑云,SWITCH,game,https://pan.quark.cn/s/d474a49b5ec9,,,,
,纪元 变异 anno Mutationem,SWITCH,game,https://pan.quark.cn/s/3cbf8d235a8e,,,,
,监狱公主,SWITCH,game,https://pan.quark.cn/s/93f50832011b,,,,
,剑与魂未见 Swords and Souls Neverseen,SWITCH,game,https://pan.quark.cn/s/c87aed6327e0,,,,
,监狱建筑师,SWITCH,game,https://pan.quark.cn/s/5a82951b7750,,,,
,基因恐慌,SWITCH,game,https://pan.quark.cn/s/5305ec3a962b,,,,
,剑与魔法与学园任务,SWITCH,game,https://pan.quark.cn/s/53a67680757c,,,,
,监狱模拟器,SWITCH,game,https://pan.quark.cn/s/248946215f07,,,,
,金庸群侠传,SWITCH,game,https://pan.quark.cn/s/33facf576bb4,,,,
,基于数字色彩感知 简单智商测试,SWITCH,game,https://pan.quark.cn/s/40f03b1e6037,,,,
,精英维修团队,SWITCH,game,https://pan.quark.cn/s/1c5328995b67,,,,
,监狱之城,SWITCH,game,https://pan.quark.cn/s/c90b6c135ab4,,,,
,加油站大亨,SWITCH,game,https://pan.quark.cn/s/fbf58711ba09,,,,
,记忆之歌,SWITCH,game,https://pan.quark.cn/s/01c728c31735,,,,
,家园：重建王国,SWITCH,game,https://pan.quark.cn/s/ef290f265705,,,,
,君主,SWITCH,game,https://pan.quark.cn/s/114664bbbcb5,,,,
,茧中蚕 Hollow Cocoon,SWITCH,game,https://pan.quark.cn/s/744d038a3107,,,,
,节奏地牢,SWITCH,game,https://pan.quark.cn/s/64f2fc188a7d,,,,
,禁止过分投入,SWITCH,game,https://pan.quark.cn/s/5b5a5f33922b,,,,
,节奏健身,SWITCH,game,https://pan.quark.cn/s/87146635c644,,,,
,节奏萌芽,SWITCH,game,https://pan.quark.cn/s/ad92938b23ea,,,,
,建筑人生 家居设计模拟器,SWITCH,game,https://pan.quark.cn/s/f5dba7381703,,,,
,金字塔王国物语,SWITCH,game,https://pan.quark.cn/s/78b682b9606c,,,,
,节奏续命中,SWITCH,game,https://pan.quark.cn/s/d03338ac8b32,,,,
,节奏小子,SWITCH,game,https://pan.quark.cn/s/b388a3db1573,,,,
,节奏之歌,SWITCH,game,https://pan.quark.cn/s/31fa2234c524,,,,
,可爱和怪异,SWITCH,game,https://pan.quark.cn/s/b0ad0c80b5e8,,,,
,Kana大冒险,SWITCH,game,https://pan.quark.cn/s/ff24590cfb63,,,,
,可爱小狗学院,SWITCH,game,https://pan.quark.cn/s/d89e3a88ee8e,,,,
,狂飙次元战机少女VS巨神史莱犬 Neptunia VS Titan Dogoo,SWITCH,game,https://pan.quark.cn/s/660f03fdea0b,,,,
,卡比的美食节 [版本1.0.0a],SWITCH,game,https://pan.quark.cn/s/52fea5c6d6d3,,,,
,卡比斗士2 [版本1.0.0],SWITCH,game,https://pan.quark.cn/s/90b8064d9dd5,,,,
,恐怖故事3 魅惑女巫 Horror Tale 3 The Witch,SWITCH,game,https://pan.quark.cn/s/d668acb9aec3,,,,
,恐怖僵尸之夜,SWITCH,game,https://pan.quark.cn/s/6917879498b7,,,,
,恐怖黎明,SWITCH,game,https://pan.quark.cn/s/e2666889de29,,,,
,恐怖黎明 僵尸启示录,SWITCH,game,https://pan.quark.cn/s/6f6ced3f691a,,,,
,恐怖录像带,SWITCH,game,https://pan.quark.cn/s/c10fd74a7838,,,,
,恐怖美术馆Ib,SWITCH,game,https://pan.quark.cn/s/e9fc6736469c,,,,
,狂暴赛车,SWITCH,game,https://pan.quark.cn/s/9ffe10fe3ebd,,,,
,狂暴小子 Berserk Boy,SWITCH,game,https://pan.quark.cn/s/4cedb5a0b8c2,,,,
,狂暴之路幸存者,SWITCH,game,https://pan.quark.cn/s/d83de6dbab6d,,,,
,肯策拉的故事：札乌,SWITCH,game,https://pan.quark.cn/s/a67d588c3784,,,,
,卡车司机 - 黄金版 Truck Driver - Gold Edition,SWITCH,game,https://pan.quark.cn/s/ea8309e24406,,,,
,凯蒂和朋友们的幸福大游行,SWITCH,game,https://pan.quark.cn/s/3b0208296b33,,,,
,凯蒂猫的岛屿冒险Hello Kitty Island Adventure,SWITCH,game,https://pan.quark.cn/s/0509af52fcc4,,,,
,凯蒂梦游喵喵仙境,SWITCH,game,https://pan.quark.cn/s/db67ce78d318,,,,
,口袋女巫,SWITCH,game,https://pan.quark.cn/s/92f8d3034d30,,,,
,空洞骑士,SWITCH,game,https://pan.quark.cn/s/218e3712eced,,,,
,口袋骑师,SWITCH,game,https://pan.quark.cn/s/ed055980df39,,,,
,空洞骑士丝之歌 Hollow Knight Silksong,SWITCH,game,https://pan.quark.cn/s/282020b447c0,,,,
,口袋学院物语1,SWITCH,game,https://pan.quark.cn/s/8a2ff0bb9028,,,,
,口袋学院物语3,SWITCH,game,https://pan.quark.cn/s/c3b7e8732461,,,,
,口袋勇者,SWITCH,game,https://pan.quark.cn/s/23fdd67443e7,,,,
,凯恩的遗产：勾魂使者1+2重制版,SWITCH,game,https://pan.quark.cn/s/839f51979ad5,,,,
,狂ee父ff,SWITCH,game,https://pan.quark.cn/s/f903b6e25791,,,,
,库尔斯克,SWITCH,game,https://pan.quark.cn/s/e536150af509,,,,
,柯尔特峡谷,SWITCH,game,https://pan.quark.cn/s/c15228d49e0c,,,,
,科菲探险,SWITCH,game,https://pan.quark.cn/s/c9cd3b49ac0a,,,,
,咖啡心语：第二章洛神花与蝴蝶,SWITCH,game,https://pan.quark.cn/s/53bf9ded3191,,,,
,空间创世纪,SWITCH,game,https://pan.quark.cn/s/3026ae866b0c,,,,
,靠近太阳,SWITCH,game,https://pan.quark.cn/s/a90ca5661c42,,,,
,空间消除者,SWITCH,game,https://pan.quark.cn/s/85bfd5f503d7,,,,
,恐惧岩地牢,SWITCH,game,https://pan.quark.cn/s/2c2b23509f24,,,,
,恐惧医院 逃离恐怖,SWITCH,game,https://pan.quark.cn/s/ea8e9dd3843e,,,,
,空间战争竞技场,SWITCH,game,https://pan.quark.cn/s/ed6689ba0544,,,,
,开阔的道路,SWITCH,game,https://pan.quark.cn/s/517f0131a069,,,,
,可口的披萨 美味的披萨 Good Pizza Great Pizza,SWITCH,game,https://pan.quark.cn/s/d5443d5a528a,,,,
,酷酷僵尸,SWITCH,game,https://pan.quark.cn/s/9934162ea099,,,,
,库库洛,SWITCH,game,https://pan.quark.cn/s/e68fd5c1726e,,,,
,块块星球,SWITCH,game,https://pan.quark.cn/s/77ee1383a285,,,,
,库酷族 遗失的宠物,SWITCH,game,https://pan.quark.cn/s/4153eb47fb1e,,,,
,矿坑之下,SWITCH,game,https://pan.quark.cn/s/2ac0be6571a3,,,,
,克莉,SWITCH,game,https://pan.quark.cn/s/9a61431f3bae,,,,
,克莉2,SWITCH,game,https://pan.quark.cn/s/3b1b3f6c59a7,,,,
,KLAP爱与惩罚,SWITCH,game,https://pan.quark.cn/s/852f6d5d4117,,,,
,恐龙岛,SWITCH,game,https://pan.quark.cn/s/a03c41c4e107,,,,
,快乐动物迷你高尔夫,SWITCH,game,https://pan.quark.cn/s/892fc66f514c,,,,
,骷髅岛：金刚崛起,SWITCH,game,https://pan.quark.cn/s/7c8803fff892,,,,
,骷髅复仇者,SWITCH,game,https://pan.quark.cn/s/51d41a9afc08,,,,
,卡里古拉2,SWITCH,game,https://pan.quark.cn/s/8ae874d1bd6a,,,,
,骷髅复仇者,SWITCH,game,https://pan.quark.cn/s/4dd8f6fd9116,,,,
,卡里古拉2,SWITCH,game,https://pan.quark.cn/s/f5265594840f,,,,
,骷髅咖啡馆,SWITCH,game,https://pan.quark.cn/s/f0b21c32ec5b,,,,
,克拉肯扣球：排球,SWITCH,game,https://pan.quark.cn/s/1a1a57647003,,,,
,卡鲁玛,SWITCH,game,https://pan.quark.cn/s/4419756dde22,,,,
,科洛蒙 Coromon,SWITCH,game,https://pan.quark.cn/s/d45b0edbccd2,,,,
,快乐拼图,SWITCH,game,https://pan.quark.cn/s/794c7b528726,,,,
,恐龙世界4,SWITCH,game,https://pan.quark.cn/s/57b81de13794,,,,
,克劳斯·李 虎胆龙威,SWITCH,game,https://pan.quark.cn/s/08af5ddea509,,,,
,库里塔多 机关之塔,SWITCH,game,https://pan.quark.cn/s/439c821a0a0e,,,,
,克劳沃特：失落殖民地遗迹,SWITCH,game,https://pan.quark.cn/s/91296c7a3504,,,,
,恐龙战队：丽塔回溯,SWITCH,game,https://pan.quark.cn/s/5b2ed968f371,,,,
,狂灭国度,SWITCH,game,https://pan.quark.cn/s/bef5e1902dc3,,,,
,柯南Chop Chop,SWITCH,game,https://pan.quark.cn/s/a572a085767a,,,,
,科纳风暴2,SWITCH,game,https://pan.quark.cn/s/16c7263abee2,,,,
,狂怒之枪,SWITCH,game,https://pan.quark.cn/s/d49b7ff6d127,,,,
,开拍电视制作物语,SWITCH,game,https://pan.quark.cn/s/6d844d9185b0,,,,
,卡普空格斗合集,SWITCH,game,https://pan.quark.cn/s/f61e52fc3827,,,,
,卡普空格斗合集2 Capcom Fighting Collection 2,SWITCH,game,https://pan.quark.cn/s/786f7c985667,,,,
,卡普空街机馆,SWITCH,game,https://pan.quark.cn/s/b43c8f0dbb9e,,,,
,卡普空街机馆2,SWITCH,game,https://pan.quark.cn/s/e5274062d7fd,,,,
,卡片战斗先导者DD,SWITCH,game,https://pan.quark.cn/s/fb5e51512886,,,,
,卡片战斗先导者DD2 Cardfight Vanguard Dear Days 2,SWITCH,game,https://pan.quark.cn/s/a4e96bde8c9d,,,,
,卡牌战斗：永恒命运,SWITCH,game,https://pan.quark.cn/s/ae67022a0079,,,,
,卡牌之声：被囚禁的魔物,SWITCH,game,https://pan.quark.cn/s/d3d9747e358d,,,,
,卡牌之声：残次的巫女,SWITCH,game,https://pan.quark.cn/s/4693592ec4bb,,,,
,卡牌之声：岛屿龙的咆哮,SWITCH,game,https://pan.quark.cn/s/6e3b53c8b413,,,,
,卡牌之王,SWITCH,game,https://pan.quark.cn/s/a6c11f45e133,,,,
,空壳,SWITCH,game,https://pan.quark.cn/s/5f404bb53c46,,,,
,卡戎的楼梯,SWITCH,game,https://pan.quark.cn/s/97dc6a22ce84,,,,
,狂热卡丁车,SWITCH,game,https://pan.quark.cn/s/9c60e5e6ec68,,,,
,跨时空躲藏2,SWITCH,game,https://pan.quark.cn/s/4048deb40191,,,,
,凯瑟琳,SWITCH,game,https://pan.quark.cn/s/abdd5a28f51b,,,,
,克苏鲁神话ADV 暗中低语的疯狂与沉没在诅咒中的岛屿 Cthulhu Mythos ADV,SWITCH,game,https://pan.quark.cn/s/ffcf3c3389aa,,,,
,克苏鲁特,SWITCH,game,https://pan.quark.cn/s/b13dc21f8ddf,,,,
,狂鼠之死,SWITCH,game,https://pan.quark.cn/s/09e4546a8a09,,,,
,矿体 宾德的故事,SWITCH,game,https://pan.quark.cn/s/6d36e8d2e8f6,,,,
,卡通宠物派对 Petoons Party,SWITCH,game,https://pan.quark.cn/s/e8eb5c0a9929,,,,
,肯塔基0号路,SWITCH,game,https://pan.quark.cn/s/ad46eb76255b,,,,
,开拓神秘岛,SWITCH,game,https://pan.quark.cn/s/4bc66965fd03,,,,
,科瓦克,SWITCH,game,https://pan.quark.cn/s/77ff1a75584d,,,,
,科沃克斯投手,SWITCH,game,https://pan.quark.cn/s/fd17e03a3e42,,,,
,渴望：伊娜的故事,SWITCH,game,https://pan.quark.cn/s/f3a8e0aac837,,,,
,卡西奥多拉,SWITCH,game,https://pan.quark.cn/s/b9a6b0853910,,,,
,卡西里,SWITCH,game,https://pan.quark.cn/s/db6ec64d6acb,,,,
,科学VS狂怒,SWITCH,game,https://pan.quark.cn/s/76f58554b1fa,,,,
,空愿,SWITCH,game,https://pan.quark.cn/s/15814a544a15,,,,
,空牙 2001,SWITCH,game,https://pan.quark.cn/s/008c1ab249c9,,,,
,扣押1+2 合集,SWITCH,game,https://pan.quark.cn/s/e6aa93f4bc00,,,,
,狂野泊车,SWITCH,game,https://pan.quark.cn/s/9d1c5ac53f0a,,,,
,跨越方尖碑,SWITCH,game,https://pan.quark.cn/s/970a9838499b,,,,
,可雅与玛拉的五海盗,SWITCH,game,https://pan.quark.cn/s/fd64fd33c891,,,,
,狂野之心,SWITCH,game,https://pan.quark.cn/s/95a4e37a6192,,,,
,扣押：豪华版,SWITCH,game,https://pan.quark.cn/s/3df12b6787cb,,,,
,空之轨迹the 1st,SWITCH,game,https://pan.quark.cn/s/c537b9433d6c,,,,
,空中龙卷风,SWITCH,game,https://pan.quark.cn/s/d87ce210ce4e,,,,
,块状农场,SWITCH,game,https://pan.quark.cn/s/078a6706baca,,,,
,空中王国,SWITCH,game,https://pan.quark.cn/s/c3c8f8226b16,,,,
,里奥的财富,SWITCH,game,https://pan.quark.cn/s/a16fe54518e8,,,,
,恋爱绮谭~不存在的夏天~,SWITCH,game,https://pan.quark.cn/s/6d4adf298ce3,,,,
,罗伯 里奇斯,SWITCH,game,https://pan.quark.cn/s/28bacde75355,,,,
,临兵驰者,SWITCH,game,https://pan.quark.cn/s/9b001d8f1ccf,,,,
,拉比哩比,SWITCH,game,https://pan.quark.cn/s/23cae9647c3f,,,,
,萝卜老爹3,SWITCH,game,https://pan.quark.cn/s/63474ba11f81,,,,
,罗伯里奇斯,SWITCH,game,https://pan.quark.cn/s/655d78e5d684,,,,
,狼奔豕突,SWITCH,game,https://pan.quark.cn/s/8bf1acc1f511,,,,
,狼奔豕突2：消失的信号,SWITCH,game,https://pan.quark.cn/s/b83a11e05850,,,,
,蜡笔小新 我与博士的暑假 无尽的七日之旅,SWITCH,game,https://pan.quark.cn/s/59516f01d0cd,,,,
,蜡笔小新：煤炭镇的小白,SWITCH,game,https://pan.quark.cn/s/a9bc139b58c3,,,,
,列车出发,SWITCH,game,https://pan.quark.cn/s/3a66649da103,,,,
,列车交通管理员,SWITCH,game,https://pan.quark.cn/s/9ed15505fe1b,,,,
,列车人生 铁路模拟器,SWITCH,game,https://pan.quark.cn/s/968e002b5ed4,,,,
,律动,SWITCH,game,https://pan.quark.cn/s/42f70f48ebcb,,,,
,零度,SWITCH,game,https://pan.quark.cn/s/a68c6a78dc7f,,,,
,拉德罗杰斯：激进版,SWITCH,game,https://pan.quark.cn/s/874b839a6cd2,,,,
,灵动骑士,SWITCH,game,https://pan.quark.cn/s/58b64cde8a60,,,,
,罗德斯岛战记：蒂德莉特的奇境迷宫冒险,SWITCH,game,https://pan.quark.cn/s/44c55da77d4a,,,,
,兰岛物语：少女的约定,SWITCH,game,https://pan.quark.cn/s/943451218efc,,,,
,律动之城,SWITCH,game,https://pan.quark.cn/s/ba511e90f9ac,,,,
,雷电：新星,SWITCH,game,https://pan.quark.cn/s/a61f32b59e60,,,,
,洛恩的诱惑 Lorn's Lure,SWITCH,game,https://pan.quark.cn/s/dc860e782634,,,,
,拉尔夫和蓝球,SWITCH,game,https://pan.quark.cn/s/55ea26b5b9f9,,,,
,鲁菲的瑞维塞德大冒险,SWITCH,game,https://pan.quark.cn/s/2dea0b0be46c,,,,
,立方兔,SWITCH,game,https://pan.quark.cn/s/5ced38bba90d,,,,
,乐高2K：飙风赛车,SWITCH,game,https://pan.quark.cn/s/2402c742b8b4,,,,
,乐高大乱斗,SWITCH,game,https://pan.quark.cn/s/4e75367e601d,,,,
,林戈的收集,SWITCH,game,https://pan.quark.cn/s/908b741026ad,,,,
,乐高积木拼砌旅程,SWITCH,game,https://pan.quark.cn/s/54e1a29fe8ec,,,,
,乐高旅行者 LEGO Voyagers,SWITCH,game,https://pan.quark.cn/s/aa931d5ac42e,,,,
,乐高漫威超级英雄,SWITCH,game,https://pan.quark.cn/s/a0eb81bd11c7,,,,
,兰古纳的枯树,SWITCH,game,https://pan.quark.cn/s/722dbf9fb9ec,,,,
,乐高派对,SWITCH,game,https://pan.quark.cn/s/15a80d408467,,,,
,乐高世界,SWITCH,game,https://pan.quark.cn/s/969169012a4b,,,,
,乐高星球大战：天行者传奇,SWITCH,game,https://pan.quark.cn/s/233e04310311,,,,
,两个英雄的编年史：天照之怒,SWITCH,game,https://pan.quark.cn/s/c02cdd27abb4,,,,
,乐高：地平线冒险,SWITCH,game,https://pan.quark.cn/s/b54e80170e7f,,,,
,乐高：积木传说,SWITCH,game,https://pan.quark.cn/s/9c8ebdd2780b,,,,
,浪痕,SWITCH,game,https://pan.quark.cn/s/dd03769fc476,,,,
,灵魂变种,SWITCH,game,https://pan.quark.cn/s/2b813304fe2f,,,,
,轮滑娇娃,SWITCH,game,https://pan.quark.cn/s/e96b1ede3035,,,,
,灵魂旅者,SWITCH,game,https://pan.quark.cn/s/7e382a7e69f0,,,,
,零号男孩 起源,SWITCH,game,https://pan.quark.cn/s/9c6491b4b64c,,,,
,零号奴隶X,SWITCH,game,https://pan.quark.cn/s/78f88bbc4d26,,,,
,灵活脑学校 一起伸展大脑 [版本1.2.0],SWITCH,game,https://pan.quark.cn/s/6e17a7815a06,,,,
,连环清道夫们,SWITCH,game,https://pan.quark.cn/s/42eccff11e2e,,,,
,灵魂桥接,SWITCH,game,https://pan.quark.cn/s/d5a3d5db28d8,,,,
,零号世界,SWITCH,game,https://pan.quark.cn/s/c36b810111aa,,,,
,轮回塔,SWITCH,game,https://pan.quark.cn/s/61a5a0d6394e,,,,
,离火长明,SWITCH,game,https://pan.quark.cn/s/271831ac83a3,,,,
,零和之心,SWITCH,game,https://pan.quark.cn/s/b9a7207b7f8f,,,,
,雷基,SWITCH,game,https://pan.quark.cn/s/8172270de86b,,,,
,联结 星火之盟 Lynked Banner of the Spark,SWITCH,game,https://pan.quark.cn/s/9e68cf17e327,,,,
,炼金工作室DX三部曲合集,SWITCH,game,https://pan.quark.cn/s/d0c73e987a7e,,,,
,蓝精灵 群落派对 The Smurfs Village Party,SWITCH,game,https://pan.quark.cn/s/0a31eb8ce83a,,,,
,蓝精灵2：绿宝石的囚徒,SWITCH,game,https://pan.quark.cn/s/216d708cb579,,,,
,蓝精灵卡丁车,SWITCH,game,https://pan.quark.cn/s/d0d48b05c538,,,,
,蓝精灵：梦境,SWITCH,game,https://pan.quark.cn/s/2ebdf4b85a1e,,,,
,蓝精灵：维利夫任务,SWITCH,game,https://pan.quark.cn/s/55d90ecc03a6,,,,
,蓝精灵：学习与玩耍,SWITCH,game,https://pan.quark.cn/s/2a9f5ddf0fbb,,,,
,林间暖巢 Winter Burrow,SWITCH,game,https://pan.quark.cn/s/5b9ff92c0f96,,,,
,灵界女孩,SWITCH,game,https://pan.quark.cn/s/0eb8cbb11e56,,,,
,垃圾朋克,SWITCH,game,https://pan.quark.cn/s/e0a1ba333c6b,,,,
,炼金术士 药神传说,SWITCH,game,https://pan.quark.cn/s/3e60a16f318d,,,,
,立即手术：医院,SWITCH,game,https://pan.quark.cn/s/bcebe9f87faf,,,,
,逻辑真王,SWITCH,game,https://pan.quark.cn/s/2e45eaae1a32,,,,
,兰空,SWITCH,game,https://pan.quark.cn/s/be7c1039117f,,,,
,雷科利特,SWITCH,game,https://pan.quark.cn/s/f300640b8695,,,,
,朗克历险记,SWITCH,game,https://pan.quark.cn/s/f2d98806ef77,,,,
,裂开了：裤先生,SWITCH,game,https://pan.quark.cn/s/495efdbd7708,,,,
,乐客萌途 Locomoto,SWITCH,game,https://pan.quark.cn/s/4aa4e77ceda7,,,,
,洛克人11 Mega Man11,SWITCH,game,https://pan.quark.cn/s/d49b9fa8661f,,,,
,洛克人传奇合集2,SWITCH,game,https://pan.quark.cn/s/d83cc3947f53,,,,
,洛克人EXE传奇合集,SWITCH,game,https://pan.quark.cn/s/805e3ba08da7,,,,
,洛克人X 纪念合集2,SWITCH,game,https://pan.quark.cn/s/1676fba66032,,,,
,莱卡：鲜血铸就,SWITCH,game,https://pan.quark.cn/s/13f20a7e9633,,,,
,雷兰2,SWITCH,game,https://pan.quark.cn/s/9b31c8eb1f84,,,,
,琉璃编年史,SWITCH,game,https://pan.quark.cn/s/756f867af79e,,,,
,拉力竞速3,SWITCH,game,https://pan.quark.cn/s/8649be79b744,,,,
,流离归途,SWITCH,game,https://pan.quark.cn/s/4cbee4dbe9d4,,,,
,流浪汉模拟器,SWITCH,game,https://pan.quark.cn/s/9430172024f8,,,,
,,SWITCH,game,https://pan.quark.cn/s/f89d41bedc77,,,,
,罗蕾莱和雷射眼,SWITCH,game,https://pan.quark.cn/s/483b4ab9400c,,,,
,流浪猫,SWITCH,game,https://pan.quark.cn/s/62fd2365ea39,,,,
,流浪猫的故事,SWITCH,game,https://pan.quark.cn/s/81917cb52ab1,,,,
,落落谜可思,SWITCH,game,https://pan.quark.cn/s/62fdf45f7d0b,,,,
,萝乐娜的炼金工房～雅兰德的炼金术士DX,SWITCH,game,https://pan.quark.cn/s/172d9e981b8d,,,,
,拉力赛艺术,SWITCH,game,https://pan.quark.cn/s/58c9a5323c65,,,,
,洛蕾塔,SWITCH,game,https://pan.quark.cn/s/c5c268659c26,,,,
,流浪先知,SWITCH,game,https://pan.quark.cn/s/4cea0a666eb3,,,,
,莉莉在谜题世界,SWITCH,game,https://pan.quark.cn/s/1f089e8faa9d,,,,
,流浪者之剑,SWITCH,game,https://pan.quark.cn/s/6e55db8d33b5,,,,
,拉莫2 Lumo 2,SWITCH,game,https://pan.quark.cn/s/d01c89b863b9,,,,
,撸猫模拟器,SWITCH,game,https://pan.quark.cn/s/6305aeac33ba,,,,
,黎明前20分钟,SWITCH,game,https://pan.quark.cn/s/9167450c189a,,,,
,黎明前夕,SWITCH,game,https://pan.quark.cn/s/46fe9247ccf6,,,,
,浪漫沙迦 吟游诗人之歌 高清版,SWITCH,game,https://pan.quark.cn/s/dcd4bc174d2d,,,,
,浪漫沙加2,SWITCH,game,https://pan.quark.cn/s/aaa93feebe0a,,,,
,浪漫沙加2：七英雄的复仇,SWITCH,game,https://pan.quark.cn/s/60cbbc3117ac,,,,
,浪漫沙加开拓者重制版,SWITCH,game,https://pan.quark.cn/s/9dad011c53f2,,,,
,露娜3X,SWITCH,game,https://pan.quark.cn/s/7ecc50d7f10e,,,,
,拉娜的崛起,SWITCH,game,https://pan.quark.cn/s/0f1d6f7bbb7d,,,,
,露娜拉,SWITCH,game,https://pan.quark.cn/s/4125edebf7d0,,,,
,烂奶酪 Bad Cheese,SWITCH,game,https://pan.quark.cn/s/4068c01fe166,,,,
,露娜拉 第九行星,SWITCH,game,https://pan.quark.cn/s/96b0ec3d420f,,,,
,雷纳提斯,SWITCH,game,https://pan.quark.cn/s/4fc50265045e,,,,
,露娜与怪兽塔防 被剥夺的魔法王国,SWITCH,game,https://pan.quark.cn/s/be66948f7830,,,,
,拉娜之星,SWITCH,game,https://pan.quark.cn/s/07806fbd1582,,,,
,龙女：烈焰之令,SWITCH,game,https://pan.quark.cn/s/da8ee76d520a,,,,
,露娜：银河之星合集复刻版,SWITCH,game,https://pan.quark.cn/s/90d8e5eaa43a,,,,
,Lone Ruin,SWITCH,game,https://pan.quark.cn/s/f9094713101b,,,,
,我用夸克网盘给你分享了「累趴侠」，点击链接或复制整段内容，打开「夸克APP」即可获取。,SWITCH,game,https://pan.quark.cn/s/2557972bc63a,,,,
,/~e38a3Ls7S7~:/,SWITCH,game,https://pan.quark.cn/s/8035106b03c7,,,,
,蓝骑士,SWITCH,game,https://pan.quark.cn/s/d153f764297a,,,,
,龙骑士编年史,SWITCH,game,https://pan.quark.cn/s/d5b0d9b70e5c,,,,
,离奇世界,SWITCH,game,https://pan.quark.cn/s/7c3d428ca931,,,,
,离去之前,SWITCH,game,https://pan.quark.cn/s/f9f2dad80c78,,,,
,旅人苏菲亚,SWITCH,game,https://pan.quark.cn/s/9aea08f6f9d4,,,,
,猎人X,SWITCH,game,https://pan.quark.cn/s/3bd8e9a45adc,,,,
,猎人X：代号T,SWITCH,game,https://pan.quark.cn/s/cc85511493cb,,,,
,冷然之天秤：帝都幻惑绮谭,SWITCH,game,https://pan.quark.cn/s/5db8a63e0ede,,,,
,落声,SWITCH,game,https://pan.quark.cn/s/eab4cd5507c4,,,,
,莱莎2,SWITCH,game,https://pan.quark.cn/s/5758b363f093,,,,
,绿色Bt,SWITCH,game,https://pan.quark.cn/s/5d3f12ebb5b1,,,,
,雷莎出击复兴版,SWITCH,game,https://pan.quark.cn/s/2827d78c3201,,,,
,莱莎的炼金工房 ～常暗女王与秘密藏身处～,SWITCH,game,https://pan.quark.cn/s/6b1e6415e5ac,,,,
,莱莎的炼金工房3：终结之炼金术士与秘密钥匙,SWITCH,game,https://pan.quark.cn/s/764cd7411dd3,,,,
,莱莎的炼金工房 ～常暗女王与秘密藏身处～,SWITCH,game,https://pan.quark.cn/s/e6f34260096a,,,,
,莱莎的炼金工房3：终结之炼金术士与秘密钥匙,SWITCH,game,https://pan.quark.cn/s/4b509d26197f,,,,
,镭射风暴x镭射危机,SWITCH,game,https://pan.quark.cn/s/7185be6bc737,,,,
,蓝色回忆录,SWITCH,game,https://pan.quark.cn/s/abdee89f8e25,,,,
,丽莎决定版,SWITCH,game,https://pan.quark.cn/s/3b80c3077ec2,,,,
,镭射街机编年史,SWITCH,game,https://pan.quark.cn/s/1d1fd0201fa3,,,,
,洛杉矶美国狼人,SWITCH,game,https://pan.quark.cn/s/306df7e2b18e,,,,
,蓝色星期三,SWITCH,game,https://pan.quark.cn/s/d78974c613d7,,,,
,猎杀与战斗,SWITCH,game,https://pan.quark.cn/s/390c6be99a92,,,,
,雷射战机 复刻版,SWITCH,game,https://pan.quark.cn/s/e41b1686e286,,,,
,灵童5 永恒,SWITCH,game,https://pan.quark.cn/s/6107947f41b8,,,,
,立体绘图方块,SWITCH,game,https://pan.quark.cn/s/38947ef6a8a2,,,,
,雷霆任务1st,SWITCH,game,https://pan.quark.cn/s/3b63a6eb0f24,,,,
,猎天使魔女,SWITCH,game,https://pan.quark.cn/s/f3da134ad112,,,,
,猎天使魔女2 [版本1.2.0],SWITCH,game,https://pan.quark.cn/s/5e73532ce66e,,,,
,猎天使魔女3 [版本1.2.0],SWITCH,game,https://pan.quark.cn/s/1d308551f507,,,,
,老铁我啤酒呢,SWITCH,game,https://pan.quark.cn/s/141c3890f3b9,,,,
,旅行吧猎龙者,SWITCH,game,https://pan.quark.cn/s/a04365abc892,,,,
,陆行鸟GP,SWITCH,game,https://pan.quark.cn/s/fa93a5e9fe14,,,,
,螺旋跳跃,SWITCH,game,https://pan.quark.cn/s/341ead8fb9eb,,,,
,流行音乐派对,SWITCH,game,https://pan.quark.cn/s/88f40dece34b,,,,
,六星之门 星轨 Sixtar Gate STARTRAIL,SWITCH,game,https://pan.quark.cn/s/d45d3dea46e3,,,,
,蓝星之翼,SWITCH,game,https://pan.quark.cn/s/ced4b0181562,,,,
,旅行者之路,SWITCH,game,https://pan.quark.cn/s/9473e348bd35,,,,
,莉亚 改写命运 Lia Hacking Destiny,SWITCH,game,https://pan.quark.cn/s/f4b00aff5cf6,,,,
,落叶城 ,SWITCH,game,https://pan.quark.cn/s/2c6d4899812f,,,,
,鲈鱼大师赛2022超级豪华版,SWITCH,game,https://pan.quark.cn/s/da554953a5e9,,,,
,另一个酒吧,SWITCH,game,https://pan.quark.cn/s/dc33a87e0e22,,,,
,龙炎高中传说3,SWITCH,game,https://pan.quark.cn/s/96c9d94a41ba,,,,
,路易吉鬼屋2HD [版本1.0.0],SWITCH,game,https://pan.quark.cn/s/3a59a7ff94b8,,,,
,路易吉鬼屋3 [版本1.4.0],SWITCH,game,https://pan.quark.cn/s/0c855f7f94ee,,,,
,罗伊斯号快车谋杀案 Loco Motive,SWITCH,game,https://pan.quark.cn/s/dd8cf5636d18,,,,
,炼狱围城,SWITCH,game,https://pan.quark.cn/s/c49aaa89efbc,,,,
,恋月物语：虚拟的月之公主,SWITCH,game,https://pan.quark.cn/s/80fb428539eb,,,,
,灵忆校祭,SWITCH,game,https://pan.quark.cn/s/c94c7757829d,,,,
,浪涌协奏曲～献给失落之星的歌DX,SWITCH,game,https://pan.quark.cn/s/a95b85d8afd9,,,,
,量子 充能版,SWITCH,game,https://pan.quark.cn/s/47c8f55b08d2,,,,
,龙珠 超宇宙2 Dragon Ball Xenoverse 2,SWITCH,game,https://pan.quark.cn/s/dd94a772613c,,,,
,狼之编年史 Chronicles of the Wolf,SWITCH,game,https://pan.quark.cn/s/50fbb99e51ff,,,,
,理智边缘,SWITCH,game,https://pan.quark.cn/s/787cafee9af3,,,,
,龙珠斗士Z DRAGON BALL? FighterZ,SWITCH,game,https://pan.quark.cn/s/47f8ada5a2b4,,,,
,来自地狱的女友,SWITCH,game,https://pan.quark.cn/s/f0c51b5ee014,,,,
,笼中窥梦,SWITCH,game,https://pan.quark.cn/s/7765b089811f,,,,
,龙之丘2,SWITCH,game,https://pan.quark.cn/s/39b01828d9e4,,,,
,蜡烛人,SWITCH,game,https://pan.quark.cn/s/30696533e819,,,,
,来自深渊：朝向黑暗的双星,SWITCH,game,https://pan.quark.cn/s/63b4a01f2f22,,,,
,领主争锋,SWITCH,game,https://pan.quark.cn/s/4bb8981fb552,,,,
,林中之夜,SWITCH,game,https://pan.quark.cn/s/7d6dd022f693,,,,
,龙珠Z：卡卡洛特+新觉醒篇,SWITCH,game,https://pan.quark.cn/s/81381240b496,,,,
,蜡烛：火焰的力量,SWITCH,game,https://pan.quark.cn/s/63b36ebd6083,,,,
,零：月蚀的假面,SWITCH,game,https://pan.quark.cn/s/fc5bb1dc7ab8,,,,
,Marooners,SWITCH,game,https://pan.quark.cn/s/7ab1b3022229,,,,
,面包房模拟器,SWITCH,game,https://pan.quark.cn/s/d01047e2f650,,,,
,牧场物语来吧！风之繁华集市 牧場物語 ようこそ！風のバザールへ STORY OF SEASONS Grand Bazaar,SWITCH,game,https://pan.quark.cn/s/687c6e214e24,,,,
,牧场物语Welcome！美丽人生,SWITCH,game,https://pan.quark.cn/s/947737a553a8,,,,
,牧场物语：安托斯之风,SWITCH,game,https://pan.quark.cn/s/19f7ad51350d,,,,
,牧场物语：橙色季节,SWITCH,game,https://pan.quark.cn/s/371897993ef7,,,,
,牧场物语：橄榄镇与希望的大地,SWITCH,game,https://pan.quark.cn/s/a9a36c4b961c,,,,
,牧场物语：重聚矿石镇,SWITCH,game,https://pan.quark.cn/s/ba33f43a863d,,,,
,墨池镇,SWITCH,game,https://pan.quark.cn/s/8569e24f0e70,,,,
,MD官方模拟器合集,SWITCH,game,https://pan.quark.cn/s/91830adaa3f8,,,,
,马的故事 翡翠谷牧场,SWITCH,game,https://pan.quark.cn/s/3620ffefc7bb,,,,
,梦灯花,SWITCH,game,https://pan.quark.cn/s/fdaffc1b3246,,,,
,嘛逗哩咔2 魔法房租,SWITCH,game,https://pan.quark.cn/s/43e0861c076f,,,,
,曼岛TT赛事：边缘竞速3,SWITCH,game,https://pan.quark.cn/s/aa899934b668,,,,
,麦迪逊,SWITCH,game,https://pan.quark.cn/s/6a4ef053f0ca,,,,
,摩尔鸡狩猎,SWITCH,game,https://pan.quark.cn/s/b5313a859276,,,,
,Metroid Prime 4,SWITCH,game,https://pan.quark.cn/s/9285cf2edfef,,,,
,魔法传送门,SWITCH,game,https://pan.quark.cn/s/fb6844a6dcd9,,,,
,魔法灯笼,SWITCH,game,https://pan.quark.cn/s/7c42d1732962,,,,
,魔法传送门,SWITCH,game,https://pan.quark.cn/s/5cd113f7fd28,,,,
,魔法灯笼,SWITCH,game,https://pan.quark.cn/s/f24c6f1469e8,,,,
,魔法代码,SWITCH,game,https://pan.quark.cn/s/869688b7eb2f,,,,
,魔法岛园丁物语,SWITCH,game,https://pan.quark.cn/s/7b4362adaa50,,,,
,魔法高中女生,SWITCH,game,https://pan.quark.cn/s/0c45895d667b,,,,
,魔法门 英雄交锋 决定版,SWITCH,game,https://pan.quark.cn/s/a68ba62b8722,,,,
,蜜蜂模拟器：蜂巢,SWITCH,game,https://pan.quark.cn/s/eff566331904,,,,
,魔法使莉莉,SWITCH,game,https://pan.quark.cn/s/9e3ae026e237,,,,
,魔法司书阿莉安娜,SWITCH,game,https://pan.quark.cn/s/a6de6e459c22,,,,
,魔法师西蒙 起源  Simon The Sorcerer Origins,SWITCH,game,https://pan.quark.cn/s/fc1659843885,,,,
,魔法使之夜,SWITCH,game,https://pan.quark.cn/s/9b41e2752032,,,,
,魔釜小女巫 Cauldron,SWITCH,game,https://pan.quark.cn/s/1a6465071395,,,,
,魔法学院：英雄校园物语2,SWITCH,game,https://pan.quark.cn/s/36d81103bdef,,,,
,麻烦☆魔女费纳鲁,SWITCH,game,https://pan.quark.cn/s/71bdb7b93503,,,,
,魔骨,SWITCH,game,https://pan.quark.cn/s/e5e4944418ec,,,,
,末光,SWITCH,game,https://pan.quark.cn/s/ba68cf767e90,,,,
,美国阿卡迪亚,SWITCH,game,https://pan.quark.cn/s/ca9575baf8a7,,,,
,猫哥池,SWITCH,game,https://pan.quark.cn/s/24d7707b4856,,,,
,梦工厂盖比的娃娃屋 准备开派对 DreamWorks Gabby’s Dollhouse Ready to Party,SWITCH,game,https://pan.quark.cn/s/40662b31909e,,,,
,迷宫传说,SWITCH,game,https://pan.quark.cn/s/175690c4ac44,,,,
,迷宫贩,SWITCH,game,https://pan.quark.cn/s/39edf1d5e4d2,,,,
,魔鬼恋人,SWITCH,game,https://pan.quark.cn/s/54633051a75a,,,,
,毛骨悚然综合症,SWITCH,game,https://pan.quark.cn/s/d9a88d7bd39b,,,,
,暮光武僧 伏魔行者 Twilight Monk,SWITCH,game,https://pan.quark.cn/s/e945106b9c2c,,,,
,秘馆疑踪2,SWITCH,game,https://pan.quark.cn/s/b69e860268cf,,,,
,美国职业棒球大联盟22,SWITCH,game,https://pan.quark.cn/s/8812b2ebd753,,,,
,美国职业棒球大联盟24,SWITCH,game,https://pan.quark.cn/s/9f44c7da9607,,,,
,美国职业棒球大联盟25,SWITCH,game,https://pan.quark.cn/s/88404293c739,,,,
,美国职业棒球大联盟The Show 23,SWITCH,game,https://pan.quark.cn/s/c96676cd0b3e,,,,
,迷宫追逐大挑战,SWITCH,game,https://pan.quark.cn/s/560133fa3491,,,,
,漫画道,SWITCH,game,https://pan.quark.cn/s/57561f6e3b22,,,,
,迷糊蛋2：传奇,SWITCH,game,https://pan.quark.cn/s/f282e50d39b3,,,,
,漫画道,SWITCH,game,https://pan.quark.cn/s/5db8c5d43386,,,,
,迷糊蛋2：传奇,SWITCH,game,https://pan.quark.cn/s/3998db1da6fd,,,,
,漫画高尔夫,SWITCH,game,https://pan.quark.cn/s/5833ff22521f,,,,
,魔幻女巫,SWITCH,game,https://pan.quark.cn/s/0596a3724f51,,,,
,梦幻朋友梦幻世界,SWITCH,game,https://pan.quark.cn/s/19c41eea8e61,,,,
,漫画RPG 异世界旅行,SWITCH,game,https://pan.quark.cn/s/046d90accea5,,,,
,美好人生,SWITCH,game,https://pan.quark.cn/s/17a3a94191ea,,,,
,描绘生命：双界,SWITCH,game,https://pan.quark.cn/s/94d5686f7ade,,,,
,灭火先锋,SWITCH,game,https://pan.quark.cn/s/72459451ad30,,,,
,棉花小魔女 重启 极致张力 Cotton Reboot High Tension,SWITCH,game,https://pan.quark.cn/s/f4bfc3a08b49,,,,
,漫画之星,SWITCH,game,https://pan.quark.cn/s/9ecb4dd7ae01,,,,
,Minabo  漫步人生,SWITCH,game,https://pan.quark.cn/s/20b77b59b977,,,,
,魔镜,SWITCH,game,https://pan.quark.cn/s/ad81b50bba8c,,,,
,魔界村 回归 Ghosts n Goblins Resurrection,SWITCH,game,https://pan.quark.cn/s/826f486dae54,,,,
,盟军敢死队3：目标柏林,SWITCH,game,https://pan.quark.cn/s/99c267623a11,,,,
,猛击和滚动,SWITCH,game,https://pan.quark.cn/s/ade81b16f369,,,,
,灭绝计划,SWITCH,game,https://pan.quark.cn/s/c9161bb69d32,,,,
,魔剑梦魇,SWITCH,game,https://pan.quark.cn/s/bb03bdb022b6,,,,
,冥界清道夫 CRYPT CUSTODIAN,SWITCH,game,https://pan.quark.cn/s/585925ced163,,,,
,木匠山,SWITCH,game,https://pan.quark.cn/s/570216ef806f,,,,
,麻将消除,SWITCH,game,https://pan.quark.cn/s/d77b5708c54c,,,,
,梦见雪花,SWITCH,game,https://pan.quark.cn/s/9f9ba3f125dd,,,,
,民间英雄,SWITCH,game,https://pan.quark.cn/s/91ea19fc154b,,,,
,目击者,SWITCH,game,https://pan.quark.cn/s/0869b7634221,,,,
,魔界战记4重置版,SWITCH,game,https://pan.quark.cn/s/912c5bbec3d9,,,,
,魔界战记5完整版,SWITCH,game,https://pan.quark.cn/s/48ecd2640fae,,,,
,魔界战记6,SWITCH,game,https://pan.quark.cn/s/fb14e046245a,,,,
,魔界战记7,SWITCH,game,https://pan.quark.cn/s/b25d35dbd374,,,,
,魔界战记：完整版,SWITCH,game,https://pan.quark.cn/s/d4c7cfb34abc,,,,
,面具ZM,SWITCH,game,https://pan.quark.cn/s/52aea0331937,,,,
,魔剑之王,SWITCH,game,https://pan.quark.cn/s/7b6956fba783,,,,
,秘境之柱,SWITCH,game,https://pan.quark.cn/s/4dd4ffef3572,,,,
,魔卡地下城,SWITCH,game,https://pan.quark.cn/s/e3d635d60dea,,,,
,猫咖经理,SWITCH,game,https://pan.quark.cn/s/217f8160fdc6,,,,
,莫科科X,SWITCH,game,https://pan.quark.cn/s/0f8340ddff1a,,,,
,麦克斯：兄弟魔咒,SWITCH,game,https://pan.quark.cn/s/f830939f3185,,,,
,米卡与魔女之山,SWITCH,game,https://pan.quark.cn/s/4aa409b46f2b,,,,
,迷恋,SWITCH,game,https://pan.quark.cn/s/c15af5bac9e7,,,,
,马里奥奥德赛 [版本1.4.1],SWITCH,game,https://pan.quark.cn/s/e2fc114c6516,,,,
,马里奥疯狂兔子：希望之星,SWITCH,game,https://pan.quark.cn/s/8aed0fb013e2,,,,
,马里奥高尔夫：超级冲冲冲 [版本4.0.0],SWITCH,game,https://pan.quark.cn/s/b8eaa4c8e7fa,,,,
,马里奥和索尼克在东京奥运会 [版本1.0.1],SWITCH,game,https://pan.quark.cn/s/98e162f6de5b,,,,
,马里奥激战前锋：战斗联赛 [版本1.3.2],SWITCH,game,https://pan.quark.cn/s/9ff82306278a,,,,
,马里奥卡丁车8 [版本3.0.5],SWITCH,game,https://pan.quark.cn/s/5e9998c7d54d,,,,
,马里奥派对：超级巨星 [版本1.1.0],SWITCH,game,https://pan.quark.cn/s/71eac42ef97a,,,,
,马里奥VS大金刚 [版本1.0.1],SWITCH,game,https://pan.quark.cn/s/d2dacc6b0707,,,,
,马里奥网球 Mario Tennis Aces,SWITCH,game,https://pan.quark.cn/s/3b39fa88e3e0,,,,
,马里奥兄弟U豪华版 [版本1.0.2],SWITCH,game,https://pan.quark.cn/s/ec1a289abeb5,,,,
,马里奥与路易吉RPG：兄弟齐航 [版本1.0.1],SWITCH,game,https://pan.quark.cn/s/453bdb3a195d,,,,
,马里奥制造2 [版本3.0.3],SWITCH,game,https://pan.quark.cn/s/663fb3f093f5,,,,
,梅林的回声 Echoes of the Plum Grove,SWITCH,game,https://pan.quark.cn/s/82c20d0cc6d6,,,,
,哞哩的长梦,SWITCH,game,https://pan.quark.cn/s/ec07ddc9f5ae,,,,
,玛丽和巴尤：回家之路,SWITCH,game,https://pan.quark.cn/s/fdb95f9450ec,,,,
,美丽荒境,SWITCH,game,https://pan.quark.cn/s/0932ab2db17c,,,,
,梅露露的炼金工房～雅兰德的炼金术士DX,SWITCH,game,https://pan.quark.cn/s/829f5423b1d3,,,,
,穆拉纳秘宝合集,SWITCH,game,https://pan.quark.cn/s/f2dfcf0af02b,,,,
,美丽新世界i,SWITCH,game,https://pan.quark.cn/s/8b400440205f,,,,
,猫咪,SWITCH,game,https://pan.quark.cn/s/d917d938e2ea,,,,
,目盲 - 看不见的真相,SWITCH,game,https://pan.quark.cn/s/8dc36597f032,,,,
,猫咪拜访海底世界,SWITCH,game,https://pan.quark.cn/s/a176deaed1f3,,,,
,猫咪斗恶龙,SWITCH,game,https://pan.quark.cn/s/bf0196976f7d,,,,
,猫咪斗恶龙2 Cat Quest2,SWITCH,game,https://pan.quark.cn/s/bb250910df9e,,,,
,猫咪斗恶龙3 Cat Quest III,SWITCH,game,https://pan.quark.cn/s/6868296904d3,,,,
,莫莫多拉：月下告别,SWITCH,game,https://pan.quark.cn/s/73b194720748,,,,
,莫莫多拉：月下遐想,SWITCH,game,https://pan.quark.cn/s/4aefce2ee4c2,,,,
,魅魔的约会,SWITCH,game,https://pan.quark.cn/s/872788ffcc74,,,,
,猫咪糕点店,SWITCH,game,https://pan.quark.cn/s/2378aa02e51f,,,,
,萌猫公园 2 PICO PARK 2,SWITCH,game,https://pan.quark.cn/s/9c0ec048a863,,,,
,猫咪机器人,SWITCH,game,https://pan.quark.cn/s/36331aace336,,,,
,猫咪救援,SWITCH,game,https://pan.quark.cn/s/762cd451aa9d,,,,
,猫咪密室,SWITCH,game,https://pan.quark.cn/s/aefeae110e27,,,,
,咩咩启示录,SWITCH,game,https://pan.quark.cn/s/0087a0638b32,,,,
,猫咪任务,SWITCH,game,https://pan.quark.cn/s/d7a7860a28ad,,,,
,喵喵时刻 庆祝更新与浪漫,SWITCH,game,https://pan.quark.cn/s/fadfcfda98ac,,,,
,猫咪物语,SWITCH,game,https://pan.quark.cn/s/bb7e8fd6db8d,,,,
,漫漫长路 沙巫之旅 Caravan SandWitch,SWITCH,game,https://pan.quark.cn/s/9349987b77a4,,,,
,漫漫长夜,SWITCH,game,https://pan.quark.cn/s/af0d82070c86,,,,
,魔农传记,SWITCH,game,https://pan.quark.cn/s/8ce75cc299c3,,,,
,魔女的花园,SWITCH,game,https://pan.quark.cn/s/6e0388ddb4d1,,,,
,魔女的迷宮,SWITCH,game,https://pan.quark.cn/s/917d22a4a977,,,,
,迷你地铁,SWITCH,game,https://pan.quark.cn/s/6752612f7246,,,,
,魔女的元物语,SWITCH,game,https://pan.quark.cn/s/ca2103a9f2cd,,,,
,迷你岛：混音Plus,SWITCH,game,https://pan.quark.cn/s/25dbdc3801ec,,,,
,迷你高尔夫大冒险,SWITCH,game,https://pan.quark.cn/s/4c0060ed5e88,,,,
,迷你公路 Mini Motorways,SWITCH,game,https://pan.quark.cn/s/50bbc44d6b4d,,,,
,模拟建筑4,SWITCH,game,https://pan.quark.cn/s/22b1ec0d0d22,,,,
,模拟老大爷,SWITCH,game,https://pan.quark.cn/s/cb006b0bc2cc,,,,
,迷你乐园,SWITCH,game,https://pan.quark.cn/s/e2d2592d2a50,,,,
,米诺利亚,SWITCH,game,https://pan.quark.cn/s/ede77b86275f,,,,
,模拟农场20,SWITCH,game,https://pan.quark.cn/s/88fb19961740,,,,
,模拟农场23,SWITCH,game,https://pan.quark.cn/s/7f218e06639a,,,,
,模拟山羊3,SWITCH,game,https://pan.quark.cn/s/fa6d8cf6ac38,,,,
,魔女探险家,SWITCH,game,https://pan.quark.cn/s/aaf38b156f48,,,,
,猫娘小厨,SWITCH,game,https://pan.quark.cn/s/00f9f59e522f,,,,
,模拟消防英豪,SWITCH,game,https://pan.quark.cn/s/f49ccd96ee3f,,,,
,魔女与人类的校园恋爱物语,SWITCH,game,https://pan.quark.cn/s/dd0f7fcafb6e,,,,
,木乃伊：降质,SWITCH,game,https://pan.quark.cn/s/f88b1ac40ab4,,,,
,魔女祇兵  Majogami The Witch of Luludidea,SWITCH,game,https://pan.quark.cn/s/6be47f613bdb,,,,
,魔女之家MV,SWITCH,game,https://pan.quark.cn/s/efece7b9360b,,,,
,魔女之泉3,SWITCH,game,https://pan.quark.cn/s/9adaa17c615c,,,,
,魔女之泉R WitchSpring R,SWITCH,game,https://pan.quark.cn/s/09bfcd8b72ad,,,,
,Monomals,SWITCH,game,https://pan.quark.cn/s/0aa7f207e0ce,,,,
,猫屁屁大乱斗,SWITCH,game,https://pan.quark.cn/s/566cc9a6d00c,,,,
,穆乔波利斯古城,SWITCH,game,https://pan.quark.cn/s/e0b8b691f963,,,,
,麦琪的磁铁,SWITCH,game,https://pan.quark.cn/s/c0d28e062a76,,,,
,米奇风暴和被诅咒的面具,SWITCH,game,https://pan.quark.cn/s/6a50c604f40f,,,,
,魔骑少女,SWITCH,game,https://pan.quark.cn/s/72a736778061,,,,
,牧群之旅 Herdling,SWITCH,game,https://pan.quark.cn/s/ab288b861904,,,,
,末日等待,SWITCH,game,https://pan.quark.cn/s/eb6a52574171,,,,
,末日度假村,SWITCH,game,https://pan.quark.cn/s/bcd72a6b6903,,,,
,末日方舟,SWITCH,game,https://pan.quark.cn/s/de265a4b1677,,,,
,末日清理专家,SWITCH,game,https://pan.quark.cn/s/76e80ddb5622,,,,
,末日求生,SWITCH,game,https://pan.quark.cn/s/c54bed4f66c3,,,,
,毛茸茸 粉碎与滚动,SWITCH,game,https://pan.quark.cn/s/ebc5597d7ab5,,,,
,末日守护,SWITCH,game,https://pan.quark.cn/s/3d384ae97f54,,,,
,末日准备狂,SWITCH,game,https://pan.quark.cn/s/33350c45e2c1,,,,
,迷失岛1+2,SWITCH,game,https://pan.quark.cn/s/82245129f8c9,,,,
,迷失岛3：宇宙的尘埃,SWITCH,game,https://pan.quark.cn/s/0d87f18c0543,,,,
,迷失岛前传：海边游乐园,SWITCH,game,https://pan.quark.cn/s/a55fcaa84387,,,,
,迷失混沌王国 永恒之骰 Lost in Random The Eternal Die,SWITCH,game,https://pan.quark.cn/s/8784e736c81e,,,,
,迷失幻境 Dreamed Away,SWITCH,game,https://pan.quark.cn/s/7407823bb31e,,,,
,迷失幻途 Lost in Fantaland,SWITCH,game,https://pan.quark.cn/s/1a06b2eabcd3,,,,
,没时间放松,SWITCH,game,https://pan.quark.cn/s/4900e2c76a6a,,,,
,喵斯快跑,SWITCH,game,https://pan.quark.cn/s/0e82ba6ca059,,,,
,迷失乐园,SWITCH,game,https://pan.quark.cn/s/69581403a1e3,,,,
,玛莎拉镇物语,SWITCH,game,https://pan.quark.cn/s/bda847755693,,,,
,美食梦物语,SWITCH,game,https://pan.quark.cn/s/6df16ad5b795,,,,
,美少女打砖块plus,SWITCH,game,https://pan.quark.cn/s/27b6973394ab,,,,
,美食男孩,SWITCH,game,https://pan.quark.cn/s/afd41f7c9f9e,,,,
,美少女接龙扑克PLUS,SWITCH,game,https://pan.quark.cn/s/3af0e0948479,,,,
,美少女梦工厂2：韶华再续,SWITCH,game,https://pan.quark.cn/s/6bdb288fc389,,,,
,美少女Tile竞赛,SWITCH,game,https://pan.quark.cn/s/51492c8ec61e,,,,
,迷失随机,SWITCH,game,https://pan.quark.cn/s/4f75169d3707,,,,
,魔神少女2,SWITCH,game,https://pan.quark.cn/s/d08e6bdc478c,,,,
,迷失神祇：角色扮演音乐剧,SWITCH,game,https://pan.quark.cn/s/8a02c539054e,,,,
,密斯托尼亚的翅望 -The Lost Delight,SWITCH,game,https://pan.quark.cn/s/75cd6dea434c,,,,
,密室逃脱EP3,SWITCH,game,https://pan.quark.cn/s/4644dbcf1d95,,,,
,米砂原医院,SWITCH,game,https://pan.quark.cn/s/3e1732c1f6e2,,,,
,迷失之海,SWITCH,game,https://pan.quark.cn/s/486a48076dac,,,,
,默途,SWITCH,game,https://pan.quark.cn/s/0d45f5f2be42,,,,
,迷托邦 [版本1.0.3],SWITCH,game,https://pan.quark.cn/s/ec83f77b2802,,,,
,母胎单身,SWITCH,game,https://pan.quark.cn/s/0ee003a72211,,,,
,摩托工坊：机修模拟器,SWITCH,game,https://pan.quark.cn/s/c5903e16c0b8,,,,
,摩托GP 21,SWITCH,game,https://pan.quark.cn/s/78690f4bcef8,,,,
,摩托GP22,SWITCH,game,https://pan.quark.cn/s/19b2d316459e,,,,
,摩托GP23,SWITCH,game,https://pan.quark.cn/s/103fc4123e7e,,,,
,摩托GP24,SWITCH,game,https://pan.quark.cn/s/6be4f412b807,,,,
,谜塔和孩子们,SWITCH,game,https://pan.quark.cn/s/c3a9c72ef364,,,,
,面条节,SWITCH,game,https://pan.quark.cn/s/2164eaa0a3d4,,,,
,密特罗德究极复刻版 [版本1.0.0],SWITCH,game,https://pan.quark.cn/s/4d067854da35,,,,
,魔塔少女,SWITCH,game,https://pan.quark.cn/s/94eba2533efa,,,,
,棉桃小魔女 守护者土星,SWITCH,game,https://pan.quark.cn/s/8da0ab57f103,,,,
,迷雾,SWITCH,game,https://pan.quark.cn/s/60c4121e09c1,,,,
,木屋工厂 The Cabin Factory,SWITCH,game,https://pan.quark.cn/s/dc977153a263,,,,
,美味烹饪之星,SWITCH,game,https://pan.quark.cn/s/37ca34a4a813,,,,
,魔物少女角斗士,SWITCH,game,https://pan.quark.cn/s/4c43d0134b5a,,,,
,漫威VS卡普空,SWITCH,game,https://pan.quark.cn/s/b3ec7ee17e9b,,,,
,魔物学园：毕业舞会XXL,SWITCH,game,https://pan.quark.cn/s/a1a0319d531f,,,,
,漫威宇宙入侵  Marvel Cosmic Invasion,SWITCH,game,https://pan.quark.cn/s/7ad7f692c7d1,,,,
,迷雾侦探,SWITCH,game,https://pan.quark.cn/s/aaf68cf1fd34,,,,
,模型,SWITCH,game,https://pan.quark.cn/s/e320b84feb22,,,,
,迷雾侦探,SWITCH,game,https://pan.quark.cn/s/56f721b6ea8d,,,,
,模型,SWITCH,game,https://pan.quark.cn/s/8ac17152e5dc,,,,
,冒险村物语,SWITCH,game,https://pan.quark.cn/s/b63d89d26df2,,,,
,冒险村物语2,SWITCH,game,https://pan.quark.cn/s/f4fa763c54f0,,,,
,冒险单词,SWITCH,game,https://pan.quark.cn/s/8a865edaffd1,,,,
,墨西哥英雄大混战2,SWITCH,game,https://pan.quark.cn/s/33ebb9368b24,,,,
,梦想家 怀旧奇遇记,SWITCH,game,https://pan.quark.cn/s/b6ebe343dc2a,,,,
,梦现Re：After,SWITCH,game,https://pan.quark.cn/s/d674444906ef,,,,
,梦想协奏曲！少女乐团派对！,SWITCH,game,https://pan.quark.cn/s/8976f1234f7b,,,,
,命运 虚空明镜 复刻版 Fate hollow ataraxia REMASTERED,SWITCH,game,https://pan.quark.cn/s/ff1da63d633a,,,,
,命运的抉择中世纪2,SWITCH,game,https://pan.quark.cn/s/3fc998d2c8ad,,,,
,猫与花毯,SWITCH,game,https://pan.quark.cn/s/3859bdb2d94f,,,,
,魔药经济学,SWITCH,game,https://pan.quark.cn/s/18c0f3339940,,,,
,命运九重奏,SWITCH,game,https://pan.quark.cn/s/9396ad47c4b0,,,,
,命运连结,SWITCH,game,https://pan.quark.cn/s/705a246c2b03,,,,
,秘影曼德拉：巫术树的低语,SWITCH,game,https://pan.quark.cn/s/3b5133506faa,,,,
,魔眼凝望,SWITCH,game,https://pan.quark.cn/s/b8ea8279e501,,,,
,梦魇骑士团,SWITCH,game,https://pan.quark.cn/s/2c2e12ff1274,,,,
,魔岩山传说,SWITCH,game,https://pan.quark.cn/s/a74ead8d0b55,,,,
,命运守护夜：重制版,SWITCH,game,https://pan.quark.cn/s/fd3747d126a5,,,,
,命运英雄,SWITCH,game,https://pan.quark.cn/s/c668685761b3,,,,
,魔域之书,SWITCH,game,https://pan.quark.cn/s/d35ca76b821d,,,,
,猫与众生,SWITCH,game,https://pan.quark.cn/s/781ffc47affb,,,,
,明治东京恋伽：满月,SWITCH,game,https://pan.quark.cn/s/6ce028f13e5e,,,,
,蛮之纪,SWITCH,game,https://pan.quark.cn/s/fcd6e6023df2,,,,
,美洲驼,SWITCH,game,https://pan.quark.cn/s/6a002821bd61,,,,
,萌爪消除乐园,SWITCH,game,https://pan.quark.cn/s/57efd4b038a2,,,,
,梦中影,SWITCH,game,https://pan.quark.cn/s/31bced5f4d8c,,,,
,帽子之王,SWITCH,game,https://pan.quark.cn/s/6bb220980f56,,,,
,麦：时代之子,SWITCH,game,https://pan.quark.cn/s/cfcf30a7c23e,,,,
,NBA 2K23,SWITCH,game,https://pan.quark.cn/s/4d913eccdd58,,,,
,NBA 弹跳 NBA BOUNCE,SWITCH,game,https://pan.quark.cn/s/2304653f5c7b,,,,
,NBA2K21,SWITCH,game,https://pan.quark.cn/s/7f07604fe534,,,,
,NBA2K24,SWITCH,game,https://pan.quark.cn/s/932cae9c580b,,,,
,NBA2K25,SWITCH,game,https://pan.quark.cn/s/4853d8056d97,,,,
,NBA2K26,SWITCH,game,https://pan.quark.cn/s/6663e2d9112f,,,,
,哪边是上 银河游戏,SWITCH,game,https://pan.quark.cn/s/fb17d2846c1b,,,,
,农场,SWITCH,game,https://pan.quark.cn/s/f4a5e2fecf53,,,,
,农场建造者,SWITCH,game,https://pan.quark.cn/s/c808204e31a6,,,,
,牛车水侦探社,SWITCH,game,https://pan.quark.cn/s/f42a71c72286,,,,
,你裁我剪,SWITCH,game,https://pan.quark.cn/s/ccded57dee6a,,,,
,农场主,SWITCH,game,https://pan.quark.cn/s/101f44b86dda,,,,
,脑锻炼 [版本1.1.0],SWITCH,game,https://pan.quark.cn/s/cf306b235352,,,,
,你的农场生活,SWITCH,game,https://pan.quark.cn/s/30f75dedc204,,,,
,你的小可爱死神来咯,SWITCH,game,https://pan.quark.cn/s/2b967c803252,,,,
,尼尔机械纪元,SWITCH,game,https://pan.quark.cn/s/9b90b605bc41,,,,
,南方公园 真理之杖,SWITCH,game,https://pan.quark.cn/s/9ff1b0193dcc,,,,
,n高尔夫,SWITCH,game,https://pan.quark.cn/s/95b9c3354142,,,,
,内鬼搞搞震,SWITCH,game,https://pan.quark.cn/s/bdae54ad44f8,,,,
,女G桥,SWITCH,game,https://pan.quark.cn/s/8570f235bd0e,,,,
,女鬼桥2：释魂路,SWITCH,game,https://pan.quark.cn/s/0e8ee4a8777b,,,,
,那个玩拼图的女孩,SWITCH,game,https://pan.quark.cn/s/a980494329e7,,,,
,怒火 永恒遗迹,SWITCH,game,https://pan.quark.cn/s/39b7c4b3654b,,,,
,鸟魂2：勇者挑战,SWITCH,game,https://pan.quark.cn/s/c9e6dba4ee19,,,,
,霓虹病,SWITCH,game,https://pan.quark.cn/s/49a301ce60fb,,,,
,霓虹白客,SWITCH,game,https://pan.quark.cn/s/f375056bbd04,,,,
,霓虹顶点：超越极限,SWITCH,game,https://pan.quark.cn/s/5a545c62a623,,,,
,霓虹地狱Neon Hell,SWITCH,game,https://pan.quark.cn/s/3edc4d1039e4,,,,
,你好工程师,SWITCH,game,https://pan.quark.cn/s/f2c31f56968d,,,,
,你好好孩子,SWITCH,game,https://pan.quark.cn/s/001136581fd7,,,,
,纳赫鲁博王国地下城：混沌护身符,SWITCH,game,https://pan.quark.cn/s/23897490ef48,,,,
,纳赫鲁博王国：地下城大师,SWITCH,game,https://pan.quark.cn/s/9bf6793ffb90,,,,
,你好邻居2,SWITCH,game,https://pan.quark.cn/s/076627e1d14f,,,,
,霓虹入侵者,SWITCH,game,https://pan.quark.cn/s/2b042daf0eee,,,,
,霓虹深渊,SWITCH,game,https://pan.quark.cn/s/72b8dc2e1c32,,,,
,女孩主播重度依赖,SWITCH,game,https://pan.quark.cn/s/6ed2e4281eac,,,,
,霓虹之血,SWITCH,game,https://pan.quark.cn/s/1fd8436a5d02,,,,
,鸟魂：勇者挑战,SWITCH,game,https://pan.quark.cn/s/f2570ad924fc,,,,
,Nintendo Switch运动 [版本1.5.0],SWITCH,game,https://pan.quark.cn/s/cab03bac83a0,,,,
,男爵领地,SWITCH,game,https://pan.quark.cn/s/0f6918d225cb,,,,
,尼克德里克：魔法世界,SWITCH,game,https://pan.quark.cn/s/f0f69cc82070,,,,
,尼克儿童频道全明星大乱斗2,SWITCH,game,https://pan.quark.cn/s/6bc80abee78b,,,,
,尼克儿童派对探险,SWITCH,game,https://pan.quark.cn/s/d4435ad4a930,,,,
,尼克国际儿童频道全明星争霸赛,SWITCH,game,https://pan.quark.cn/s/3e373f47df8f,,,,
,尼可梦,SWITCH,game,https://pan.quark.cn/s/b56031e4cb53,,,,
,尼可梦：灭绝,SWITCH,game,https://pan.quark.cn/s/42371d1a6fc8,,,,
,奈里 狂潮,SWITCH,game,https://pan.quark.cn/s/480115e08380,,,,
,诺拉的魔药日记,SWITCH,game,https://pan.quark.cn/s/5c364f7b71e5,,,,
,尼罗河勇士2,SWITCH,game,https://pan.quark.cn/s/04a9b8a1807c,,,,
,奴隶求爱记,SWITCH,game,https://pan.quark.cn/s/74daf5d605d5,,,,
,逆流银翼,SWITCH,game,https://pan.quark.cn/s/b14cafe920eb,,,,
,柠檬蛋糕,SWITCH,game,https://pan.quark.cn/s/4e37362cf919,,,,
,纳米使徒,SWITCH,game,https://pan.quark.cn/s/10f8145d0c39,,,,
,碾碾方块,SWITCH,game,https://pan.quark.cn/s/fc77c46ff52c,,,,
,牛奶巧克力,SWITCH,game,https://pan.quark.cn/s/5d85cef8cc97,,,,
,努努之歌：英雄联盟传奇,SWITCH,game,https://pan.quark.cn/s/72256862f849,,,,
,nOS新操作系统,SWITCH,game,https://pan.quark.cn/s/33e88c57f132,,,,
,拿破仑少女,SWITCH,game,https://pan.quark.cn/s/45e9e6a96601,,,,
,N日历,SWITCH,game,https://pan.quark.cn/s/378baef1b70a,,,,
,怒首领蜂大复活,SWITCH,game,https://pan.quark.cn/s/cab4a1f7a609,,,,
,怒首领蜂大往生临回转生,SWITCH,game,https://pan.quark.cn/s/fde1b9faab7d,,,,
,怒首领蜂最大往生,SWITCH,game,https://pan.quark.cn/s/a81751b07f05,,,,
,虐杀熔炉 KIBORG,SWITCH,game,https://pan.quark.cn/s/9341ce287ad4,,,,
,N禅意,SWITCH,game,https://pan.quark.cn/s/6753cf9a8bd3,,,,
,女神异闻录3：携带版,SWITCH,game,https://pan.quark.cn/s/50fb64049981,,,,
,女神异闻录4 无敌究极后桥背摔,SWITCH,game,https://pan.quark.cn/s/0f0515742e8d,,,,
,女神异闻录4黄金版,SWITCH,game,https://pan.quark.cn/s/ff42be3e9cd2,,,,
,女神异闻录5：皇家版,SWITCH,game,https://pan.quark.cn/s/cb35be7429f4,,,,
,Numskull Games黄金档案收藏辑,SWITCH,game,https://pan.quark.cn/s/615451f60bad,,,,
,涅瓦,SWITCH,game,https://pan.quark.cn/s/d928bb0388c5,,,,
,女巫大冒险 Wicce,SWITCH,game,https://pan.quark.cn/s/10037db9cf3f,,,,
,女巫的韵律,SWITCH,game,https://pan.quark.cn/s/f21cbbe84bf0,,,,
,女巫学院捆绑包,SWITCH,game,https://pan.quark.cn/s/850a6a89b31f,,,,
,暖雪,SWITCH,game,https://pan.quark.cn/s/94d30e15f31a,,,,
,内心的过去,SWITCH,game,https://pan.quark.cn/s/e44b262d3e33,,,,
,逆向交叉线 犯罪战争,SWITCH,game,https://pan.quark.cn/s/cf9ba2eb31fa,,,,
,尼西机器人,SWITCH,game,https://pan.quark.cn/s/80a45c22bd72,,,,
,你想经营一家偶像咖啡馆吗,SWITCH,game,https://pan.quark.cn/s/c737923646fc,,,,
,你想经营一家偶像咖啡馆吗3,SWITCH,game,https://pan.quark.cn/s/ff288153b692,,,,
,你想要的未来,SWITCH,game,https://pan.quark.cn/s/be1602fbb5a5,,,,
,男友地下城,SWITCH,game,https://pan.quark.cn/s/8ad1a27e3d0a,,,,
,那由多之轨迹：星之彼方,SWITCH,game,https://pan.quark.cn/s/590d1bf3f216,,,,
,诺亚之雾,SWITCH,game,https://pan.quark.cn/s/6c02c0726ec3,,,,
,逆转裁判123：成步堂精选集,SWITCH,game,https://pan.quark.cn/s/1692f52750b2,,,,
,逆转裁判456：王泥喜精选集,SWITCH,game,https://pan.quark.cn/s/5190c3577727,,,,
,南之町,SWITCH,game,https://pan.quark.cn/s/60a0ecb8764a,,,,
,怒之铁拳4,SWITCH,game,https://pan.quark.cn/s/45bd4c26b641,,,,
,欧,SWITCH,game,https://pan.quark.cn/s/9b3074a3e3c9,,,,
,O-VOID 主机版 O-VOID Console Edition,SWITCH,game,https://pan.quark.cn/s/a5c7c49523d1,,,,
,欧布精灵,SWITCH,game,https://pan.quark.cn/s/39e4c3ab2629,,,,
,欧罗巴,SWITCH,game,https://pan.quark.cn/s/bcf9709531f3,,,,
,Omno,SWITCH,game,https://pan.quark.cn/s/2570aa91238a,,,,
,欧米茄迷宫 人生,SWITCH,game,https://pan.quark.cn/s/8267f076fe57,,,,
,ONI：鬼族武者立志传,SWITCH,game,https://pan.quark.cn/s/712e26021595,,,,
,OPUS：龙脉常歌,SWITCH,game,https://pan.quark.cn/s/55f21a9c7efc,,,,
,OTXO,SWITCH,game,https://pan.quark.cn/s/62aa2e6c392c,,,,
,偶像经纪人,SWITCH,game,https://pan.quark.cn/s/d0f12a1d20ea,,,,
,偶像麻将4,SWITCH,game,https://pan.quark.cn/s/104efe88fa81,,,,
,Paradise Lost,SWITCH,game,https://pan.quark.cn/s/dbd4d51a90fd,,,,
,Pathway,SWITCH,game,https://pan.quark.cn/s/0902b0417f7e,,,,
,PBA职业保龄球2021,SWITCH,game,https://pan.quark.cn/s/5d92718afafd,,,,
,漂泊牧歌 The Wandering Village,SWITCH,game,https://pan.quark.cn/s/8a18155519eb,,,,
,啪嗒砰 1+2 重制版 PATAPON 1+2 REPLAY,SWITCH,game,https://pan.quark.cn/s/da874c1326c2,,,,
,佩蒂特小岛,SWITCH,game,https://pan.quark.cn/s/3f0b681759f3,,,,
,Peace De,SWITCH,game,https://pan.quark.cn/s/49d13ce5f070,,,,
,PGA巡回赛 2K21,SWITCH,game,https://pan.quark.cn/s/56363c210ed3,,,,
,抛竿放松 Cast n Chill,SWITCH,game,https://pan.quark.cn/s/bc96477aaa05,,,,
,旁观者2,SWITCH,game,https://pan.quark.cn/s/43c9667a2c66,,,,
,旁观者3,SWITCH,game,https://pan.quark.cn/s/d6bce8abb77e,,,,
,旁观者：完整版,SWITCH,game,https://pan.quark.cn/s/2725eb6a2543,,,,
,破坏者,SWITCH,game,https://pan.quark.cn/s/a13a041c1c7a,,,,
,叛军之战,SWITCH,game,https://pan.quark.cn/s/5bc8c5766394,,,,
,彭可公园,SWITCH,game,https://pan.quark.cn/s/891f66766d40,,,,
,皮克敏1+2 [版本1.1.0],SWITCH,game,https://pan.quark.cn/s/25c362c3f277,,,,
,皮克敏3：豪华版 [版本1.1.3],SWITCH,game,https://pan.quark.cn/s/d11efe09cc98,,,,
,朋克战士杜罗斯 Dros,SWITCH,game,https://pan.quark.cn/s/e657a4d9694e,,,,
,普罗德斯,SWITCH,game,https://pan.quark.cn/s/4770148ac8ac,,,,
,普利尼呈现 日本一经典合集 卷2,SWITCH,game,https://pan.quark.cn/s/2301d3f90069,,,,
,漂亮女孩 速度,SWITCH,game,https://pan.quark.cn/s/1738052512d2,,,,
,漂亮女孩四王扑克,SWITCH,game,https://pan.quark.cn/s/1aa67092474b,,,,
,PL女孩消消乐,SWITCH,game,https://pan.quark.cn/s/456461a79603,,,,
,帕利亚,SWITCH,game,https://pan.quark.cn/s/cb291488208b,,,,
,漂流佣兵,SWITCH,game,https://pan.quark.cn/s/639d0d713e92,,,,
,皮罗与全息之书,SWITCH,game,https://pan.quark.cn/s/1c2d4aa291e9,,,,
,毗卢遮那战姬,SWITCH,game,https://pan.quark.cn/s/08f2df7eadd8,,,,
,屁力助推器,SWITCH,game,https://pan.quark.cn/s/46fd71da7c9e,,,,
,破灭,SWITCH,game,https://pan.quark.cn/s/c46a0be6558c,,,,
,泡姆泡姆 POPUCOM,SWITCH,game,https://pan.quark.cn/s/64c7b4d41390,,,,
,泡沫乌有史,SWITCH,game,https://pan.quark.cn/s/52edb8b3dd58,,,,
,佩妮大逃脱,SWITCH,game,https://pan.quark.cn/s/2fdf68a1caca,,,,
,普涅夫莫卡普莱卡 多米基,SWITCH,game,https://pan.quark.cn/s/460ca5405dae,,,,
,Pompom 太空大营救,SWITCH,game,https://pan.quark.cn/s/e099a0180600,,,,
,Poosh XL,SWITCH,game,https://pan.quark.cn/s/30094edeed7f,,,,
,泡泡公主,SWITCH,game,https://pan.quark.cn/s/bfb667966960,,,,
,泡泡精灵：重制版,SWITCH,game,https://pan.quark.cn/s/8900945901c0,,,,
,泡泡龙2X&泡泡龙3,SWITCH,game,https://pan.quark.cn/s/422df41cbee6,,,,
,泡泡龙交响曲 BUBBLE SYMPHONY,SWITCH,game,https://pan.quark.cn/s/8f2975884e68,,,,
,碰碰猫,SWITCH,game,https://pan.quark.cn/s/2dc848d4e365,,,,
,泡泡迷题,SWITCH,game,https://pan.quark.cn/s/c2fd3b771afc,,,,
,泡泡枪手,SWITCH,game,https://pan.quark.cn/s/8670cdcc356e,,,,
,泡泡射手农场,SWITCH,game,https://pan.quark.cn/s/c994a7fec53d,,,,
,泡泡糖忍者,SWITCH,game,https://pan.quark.cn/s/343a339954ed,,,,
,泡泡巫师3：传奇,SWITCH,game,https://pan.quark.cn/s/d8ca91ffaeb0,,,,
,屁屁侦探 噗噗 未来的名侦探,SWITCH,game,https://pan.quark.cn/s/8b635dc66fcb,,,,
,乒乓之王 King of Ping Pong MEGAMIX,SWITCH,game,https://pan.quark.cn/s/2a66411af38a,,,,
,Pretty Girls 2048 Strike,SWITCH,game,https://pan.quark.cn/s/9510aec75e74,,,,
,Pretty Girls Rivers,SWITCH,game,https://pan.quark.cn/s/47f4dfa6a3fe,,,,
,烹饪竞技场,SWITCH,game,https://pan.quark.cn/s/145f6128b6a0,,,,
,怦然心动的她们 Charming Hearts,SWITCH,game,https://pan.quark.cn/s/d24e54564181,,,,
,帕斯的领域,SWITCH,game,https://pan.quark.cn/s/4c1fada7d5ab,,,,
,喷神大冒险 8位版 Angry Video Game Nerd 8-bit,SWITCH,game,https://pan.quark.cn/s/ebf89d1e0739,,,,
,喷神James 1+2豪华版,SWITCH,game,https://pan.quark.cn/s/e046c4fb8820,,,,
,帕斯卡契约：决定版,SWITCH,game,https://pan.quark.cn/s/31d65c6d7b6e,,,,
,蓬松米洛,SWITCH,game,https://pan.quark.cn/s/42d001d6bd56,,,,
,披萨塔,SWITCH,game,https://pan.quark.cn/s/e84a9ae01ddb,,,,
,破碎宇宙,SWITCH,game,https://pan.quark.cn/s/a64e0a6e36f1,,,,
,喷射战斗板,SWITCH,game,https://pan.quark.cn/s/8879473fa5df,,,,
,破碎砖块 豪华复刻版,SWITCH,game,https://pan.quark.cn/s/f28ff34624ea,,,,
,破碎之路,SWITCH,game,https://pan.quark.cn/s/727c1895df76,,,,
,喷射战士2 [版本5.5.1],SWITCH,game,https://pan.quark.cn/s/8817ea369f6b,,,,
,喷射战士3 [版本10.0.1],SWITCH,game,https://pan.quark.cn/s/967b0c6695fa,,,,
,破碎：被遗忘的国王,SWITCH,game,https://pan.quark.cn/s/5c17cb86214a,,,,
,拼图3合1,SWITCH,game,https://pan.quark.cn/s/21cea09e87d9,,,,
,帕特里克的箱子无穷奇遇,SWITCH,game,https://pan.quark.cn/s/ddbda44c18ec,,,,
,拼图冒险 符文工房 Piczle Cross Rune Factory,SWITCH,game,https://pan.quark.cn/s/27f5462c2dca,,,,
,披头士,SWITCH,game,https://pan.quark.cn/s/bc0845a1dd2a,,,,
,平坦王国,SWITCH,game,https://pan.quark.cn/s/5766b3f63f6d,,,,
,PUI PUI天竺鼠车车 一起来！,SWITCH,game,https://pan.quark.cn/s/dd6e3a4330d3,,,,
,螃蟹大战,SWITCH,game,https://pan.quark.cn/s/3791533e26b3,,,,
,帕夏时代,SWITCH,game,https://pan.quark.cn/s/e09595c91ec4,,,,
,漂移传奇2,SWITCH,game,https://pan.quark.cn/s/45241bfd5775,,,,
,噗哟噗哟VS俄罗斯方块2 Puyo Puyo Tetris 2,SWITCH,game,https://pan.quark.cn/s/2317383b164e,,,,
,痞子英雄：泰索斯遗迹,SWITCH,game,https://pan.quark.cn/s/db5b919d1f81,,,,
,偏转者,SWITCH,game,https://pan.quark.cn/s/ad6a454c3bc1,,,,
,砰！砰！土匪！,SWITCH,game,https://pan.quark.cn/s/52a05725a340,,,,
,Q 复刻版,SWITCH,game,https://pan.quark.cn/s/069b6485ba5f,,,,
,Q&Q2 实体版,SWITCH,game,https://pan.quark.cn/s/6cf696b13378,,,,
,起爆光束打击1000,SWITCH,game,https://pan.quark.cn/s/cfc6738cd4cc,,,,
,球比伦战记 BALL x PIT,SWITCH,game,https://pan.quark.cn/s/6af4b10140c4,,,,
,弃船,SWITCH,game,https://pan.quark.cn/s/e4cdd4a86b17,,,,
,青城&红线 HD复刻版,SWITCH,game,https://pan.quark.cn/s/1c884b854707,,,,
,汽车美容模拟器,SWITCH,game,https://pan.quark.cn/s/5eca55f1e197,,,,
,请触摸艺术品,SWITCH,game,https://pan.quark.cn/s/3c3416514a7a,,,,
,虔诚之花的晚钟,SWITCH,game,https://pan.quark.cn/s/3c212801ad9d,,,,
,七度荒域 混沌之树  7th Domain Tree of Chaos,SWITCH,game,https://pan.quark.cn/s/4e493fb23a33,,,,
,切尔诺贝利人：完整版,SWITCH,game,https://pan.quark.cn/s/d96a5d48fcff,,,,
,青鬼,SWITCH,game,https://pan.quark.cn/s/578f3414f1d2,,,,
,奇怪旅行,SWITCH,game,https://pan.quark.cn/s/e660e78a6655,,,,
,乞丐模拟器,SWITCH,game,https://pan.quark.cn/s/4fc8f64e9892,,,,
,弃海,SWITCH,game,https://pan.quark.cn/s/9d313fa816c0,,,,
,枪火 人工智能叛乱,SWITCH,game,https://pan.quark.cn/s/009e242c454b,,,,
,浅红2 Easy Red 2,SWITCH,game,https://pan.quark.cn/s/ac1e567c8f96,,,,
,拳皇13：全球对决,SWITCH,game,https://pan.quark.cn/s/24b6c8d7205f,,,,
,枪和马刺2,SWITCH,game,https://pan.quark.cn/s/ccf604cd720f,,,,
,枪和跑,SWITCH,game,https://pan.quark.cn/s/f4853778ce11,,,,
,囚禁,SWITCH,game,https://pan.quark.cn/s/35bbcd7b3634,,,,
,拳击俱乐部2：快进,SWITCH,game,https://pan.quark.cn/s/8954cf044d6b,,,,
,全景视界：本庄的七大谜团,SWITCH,game,https://pan.quark.cn/s/63b1b0bab096,,,,
,千爵史诗,SWITCH,game,https://pan.quark.cn/s/354d24b3c99c,,,,
,去救援,SWITCH,game,https://pan.quark.cn/s/6acfed9a1385,,,,
,前进！奇诺比奥队长 Captain Toad Treasure Tracker,SWITCH,game,https://pan.quark.cn/s/c4b08cf91122,,,,
,青空,SWITCH,game,https://pan.quark.cn/s/3bb2feeb54d5,,,,
,奇珂和魔法果园DX Chico and the Magic Orchards DX,SWITCH,game,https://pan.quark.cn/s/e4c85b79e34a,,,,
,晴空农场物语,SWITCH,game,https://pan.quark.cn/s/f32f7e0abaf0,,,,
,巧可甜恋,SWITCH,game,https://pan.quark.cn/s/47f3d871dbd6,,,,
,Q立方10周年纪念版,SWITCH,game,https://pan.quark.cn/s/fcf4819cfe96,,,,
,强力四轮越野车,SWITCH,game,https://pan.quark.cn/s/21a71a3cdb79,,,,
,七龙珠 电光炸裂！ZERO  DRAGON BALL Sparking! ZERO,SWITCH,game,https://pan.quark.cn/s/c9511f1e40d7,,,,
,全面冲击,SWITCH,game,https://pan.quark.cn/s/7b974dc7320a,,,,
,奇妙烘焙店,SWITCH,game,https://pan.quark.cn/s/f200f4d64ee2,,,,
,群马乱斗,SWITCH,game,https://pan.quark.cn/s/f7dbc5e3c3ad,,,,
,奇妙探险队2,SWITCH,game,https://pan.quark.cn/s/28c7f5778273,,,,
,全明星大乱斗 [版本13.0.4],SWITCH,game,https://pan.quark.cn/s/f97da5c6a81e,,,,
,全面战争模拟器,SWITCH,game,https://pan.quark.cn/s/2ed2a96599cb,,,,
,齐皮和诺波,SWITCH,game,https://pan.quark.cn/s/786c0985a3ab,,,,
,奇奇怪界,SWITCH,game,https://pan.quark.cn/s/597944187cf1,,,,
,球球实验室2,SWITCH,game,https://pan.quark.cn/s/ea59316a7b8a,,,,
,骑士出征,SWITCH,game,https://pan.quark.cn/s/1e477cb8bf8b,,,,
,球胜大本营,SWITCH,game,https://pan.quark.cn/s/082e2c0a8fc9,,,,
,骑士对巨人,SWITCH,game,https://pan.quark.cn/s/0946bde9ea4c,,,,
,墙世界 Wall World,SWITCH,game,https://pan.quark.cn/s/8d923fd08a38,,,,
,骑士历险记,SWITCH,game,https://pan.quark.cn/s/92734223528f,,,,
,七扇门,SWITCH,game,https://pan.quark.cn/s/0c652d7ddc0a,,,,
,潜水员戴夫 Dave the Diver ,SWITCH,game,https://pan.quark.cn/s/c60cb9991dd2,,,,
,骑士与枪支,SWITCH,game,https://pan.quark.cn/s/f90f1db083e2,,,,
,枪伞游侠,SWITCH,game,https://pan.quark.cn/s/1b8f4d9417ea,,,,
,千手英雄,SWITCH,game,https://pan.quark.cn/s/5c156a666d09,,,,
,骑士之旅,SWITCH,game,https://pan.quark.cn/s/a4778773a7a2,,,,
,曲途,SWITCH,game,https://pan.quark.cn/s/ea9fc527f5b3,,,,
,倾听画语：最美好的景色,SWITCH,game,https://pan.quark.cn/s/b56435739415,,,,
,奇塔利亚童话 Kitaria Fables,SWITCH,game,https://pan.quark.cn/s/5b6bd979f7c0,,,,
,QuickSpot,SWITCH,game,https://pan.quark.cn/s/a0c1afef384b,,,,
,切勿回头,SWITCH,game,https://pan.quark.cn/s/6981c8111c98,,,,
,奇巫妙森,SWITCH,game,https://pan.quark.cn/s/099d5708d51a,,,,
,轻物心语,SWITCH,game,https://pan.quark.cn/s/94f3ebb83568,,,,
,蔷薇与椿,SWITCH,game,https://pan.quark.cn/s/25368342926a,,,,
,青蛙之歌,SWITCH,game,https://pan.quark.cn/s/af1787cef912,,,,
,前线任务2：重制版,SWITCH,game,https://pan.quark.cn/s/f9b24a152f2e,,,,
,前线任务3 重制版 Front Mission 3 Remake,SWITCH,game,https://pan.quark.cn/s/0afaa6ab9904,,,,
,强袭人形：原体,SWITCH,game,https://pan.quark.cn/s/7a9b8324f90d,,,,
,枪血意大利黑手党,SWITCH,game,https://pan.quark.cn/s/ea6cdf0a563e,,,,
,枪血意大利黑手党2,SWITCH,game,https://pan.quark.cn/s/6748b605acbd,,,,
,前线战壕勇士队,SWITCH,game,https://pan.quark.cn/s/31b6f96ba446,,,,
,前线战壕勇士队 作战行动,SWITCH,game,https://pan.quark.cn/s/d7a45e07d8d9,,,,
,乔希之旅 黑暗图腾,SWITCH,game,https://pan.quark.cn/s/03aa7c1acb44,,,,
,潜行者：封锁区传奇三部曲合集,SWITCH,game,https://pan.quark.cn/s/07f7e28ce300,,,,
,枪与奔跑,SWITCH,game,https://pan.quark.cn/s/a93f91ebec46,,,,
,全员恶人 Bustafellows,SWITCH,game,https://pan.quark.cn/s/08e074ca2292,,,,
,囚狱公主,SWITCH,game,https://pan.quark.cn/s/7250464f70b4,,,,
,奇异鸟邮局,SWITCH,game,https://pan.quark.cn/s/e6c215205db3,,,,
,去月球,SWITCH,game,https://pan.quark.cn/s/baaa479269b9,,,,
,奇异人生2,SWITCH,game,https://pan.quark.cn/s/7c550a8b9656,,,,
,奇异人生：本色,SWITCH,game,https://pan.quark.cn/s/cebbe5936dba,,,,
,奇异人生：双重曝光,SWITCH,game,https://pan.quark.cn/s/7ca72ec82ba1,,,,
,奇异人生：重置版,SWITCH,game,https://pan.quark.cn/s/b57acbb1e63f,,,,
,祈愿融雪间,SWITCH,game,https://pan.quark.cn/s/93979919f1e3,,,,
,奇异世界：灵魂风暴,SWITCH,game,https://pan.quark.cn/s/810ed1129cb1,,,,
,契约石：数字版,SWITCH,game,https://pan.quark.cn/s/59875ec4d054,,,,
,棋弈无限：中国象棋,SWITCH,game,https://pan.quark.cn/s/aac71e2a35af,,,,
,奇异小队,SWITCH,game,https://pan.quark.cn/s/7aeb239df41b,,,,
,枪与香蕉,SWITCH,game,https://pan.quark.cn/s/82d12b615ff3,,,,
,七夜幽魂,SWITCH,game,https://pan.quark.cn/s/6d1ffe068200,,,,
,奇异园艺,SWITCH,game,https://pan.quark.cn/s/4fcb9258c064,,,,
,秋叶原之旅2,SWITCH,game,https://pan.quark.cn/s/74e00d0e2b79,,,,
,区域：进化,SWITCH,game,https://pan.quark.cn/s/d8199249c325,,,,
,弃子,SWITCH,game,https://pan.quark.cn/s/c1d5e606a851,,,,
,七罪绯红,SWITCH,game,https://pan.quark.cn/s/7ba370b17e2e,,,,
,秋之回忆 合集,SWITCH,game,https://pan.quark.cn/s/9c1de7ae65bb,,,,
,秋之回忆8：无垢少女,SWITCH,game,https://pan.quark.cn/s/7df2abe794e4,,,,
,全职猎人 念力冲击 HUNTER×HUNTER NEN×IMPACT,SWITCH,game,https://pan.quark.cn/s/1c9e5a4d01aa,,,,
,欺诈领主,SWITCH,game,https://pan.quark.cn/s/19c737ae9a20,,,,
,倾注世界所有的少女,SWITCH,game,https://pan.quark.cn/s/c2337b5b2dec,,,,
,若不疯魔何言爱过 from Madness with Love,SWITCH,game,https://pan.quark.cn/s/c7a5ac92c394,,,,
,日本铁道路线：小田急电铁篇,SWITCH,game,https://pan.quark.cn/s/23d02732ef3a,,,,
,日薄西山,SWITCH,game,https://pan.quark.cn/s/3d9cbe0d07db,,,,
,REDO! ,SWITCH,game,https://pan.quark.cn/s/d524f8f96c51,,,,
,Rento 大富翁,SWITCH,game,https://pan.quark.cn/s/f830911b143d,,,,
,Return,SWITCH,game,https://pan.quark.cn/s/52d73b600fcd,,,,
,REZ PLZ,SWITCH,game,https://pan.quark.cn/s/577341a61653,,,,
,如果这个世界有神明大人存在的话,SWITCH,game,https://pan.quark.cn/s/4c17425bd69d,,,,
,热合无尽,SWITCH,game,https://pan.quark.cn/s/576e1b2edfeb,,,,
,Rick Henderson,SWITCH,game,https://pan.quark.cn/s/7193c11820bc,,,,
,RIZAP,SWITCH,game,https://pan.quark.cn/s/5ba3dfbfc737,,,,
,人见人爱的块魂安可+国王大人的小小回忆,SWITCH,game,https://pan.quark.cn/s/1fcec5b70ca1,,,,
,人狼村之谜,SWITCH,game,https://pan.quark.cn/s/508f8514a485,,,,
,人类！ Hoomanz!,SWITCH,game,https://pan.quark.cn/s/1f1d974a5af2,,,,
,人类：一败涂地,SWITCH,game,https://pan.quark.cn/s/71e64bc6b0bb,,,,
,热门车手赛车模拟器,SWITCH,game,https://pan.quark.cn/s/5cb2ef900d97,,,,
,人面蜈蚣,SWITCH,game,https://pan.quark.cn/s/a1b6bc40097a,,,,
,瑞娜：致错旋律,SWITCH,game,https://pan.quark.cn/s/5205e212c4f4,,,,
,ROAD59 新时代任侠特区 摩天楼黑白抗争 ROAD59 -A Yakuza’s Last Stand-,SWITCH,game,https://pan.quark.cn/s/94e2b0cc47ed,,,,
,Rogue Company,SWITCH,game,https://pan.quark.cn/s/e842a51a2fc9,,,,
,人偶探险家,SWITCH,game,https://pan.quark.cn/s/a3b535928ad8,,,,
,RPG Maker MV,SWITCH,game,https://pan.quark.cn/s/2d4072b2cf84,,,,
,RPG高尔夫传说,SWITCH,game,https://pan.quark.cn/s/d27f74a0f612,,,,
,燃烧吧 蜘蛛,SWITCH,game,https://pan.quark.cn/s/9144ed9f717e,,,,
,人生的选择 中世纪,SWITCH,game,https://pan.quark.cn/s/6ebfa556c10b,,,,
,人生游戏,SWITCH,game,https://pan.quark.cn/s/577d055b8719,,,,
,人生的选择 中世纪,SWITCH,game,https://pan.quark.cn/s/0384c8f57f62,,,,
,人生游戏,SWITCH,game,https://pan.quark.cn/s/cc22e6fdd6ad,,,,
,人生游戏 人生ゲーム for Nintendo Switc,SWITCH,game,https://pan.quark.cn/s/9cb51be1bdef,,,,
,熔铁少女,SWITCH,game,https://pan.quark.cn/s/0c93eb6213f1,,,,
,RunBean银河,SWITCH,game,https://pan.quark.cn/s/b6ee9e95c678,,,,
,RWBY：戮兽之蚀,SWITCH,game,https://pan.quark.cn/s/71ab478fbf25,,,,
,热血,SWITCH,game,https://pan.quark.cn/s/f8695f2f89ff,,,,
,人向钱看,SWITCH,game,https://pan.quark.cn/s/5a3f09e4374a,,,,
,日先生的帽盒,SWITCH,game,https://pan.quark.cn/s/1c2feae22c5a,,,,
,热血三国志 乱世风云 River City Saga Three Kingdoms Next,SWITCH,game,https://pan.quark.cn/s/ef0f7655f21d,,,,
,热血三国志 全员集合,SWITCH,game,https://pan.quark.cn/s/dcf86fb78599,,,,
,热血少女 Zero,SWITCH,game,https://pan.quark.cn/s/a4c7bce98fbf,,,,
,热血外传 好酷啊！小林,SWITCH,game,https://pan.quark.cn/s/abfd317ee1f6,,,,
,热血物语SP,SWITCH,game,https://pan.quark.cn/s/eeba7ebef9ae,,,,
,濡鸦之WN,SWITCH,game,https://pan.quark.cn/s/d1ad3b3036f7,,,,
,日焱之子,SWITCH,game,https://pan.quark.cn/s/2e1463b43f36,,,,
,忍者茶茶丸 妖怪大决战+地狱,SWITCH,game,https://pan.quark.cn/s/d43e16334992,,,,
,忍者封魔传,SWITCH,game,https://pan.quark.cn/s/49f64d2652ea,,,,
,忍者龙剑传 大师合集,SWITCH,game,https://pan.quark.cn/s/50200d5cf774,,,,
,忍者龙剑传外传 怒之羁绊 NINJA GAIDEN Ragebound,SWITCH,game,https://pan.quark.cn/s/29db76ee87cd,,,,
,忍者明 Ninja Ming,SWITCH,game,https://pan.quark.cn/s/675a5223aeb0,,,,
,忍者神龟 史林特的命运 Teenage Mutant Ninja Turtles Splintered Fate,SWITCH,game,https://pan.quark.cn/s/c4fc7cc6b6e9,,,,
,忍者神龟：变种解放,SWITCH,game,https://pan.quark.cn/s/8b540ae5e1fa,,,,
,忍者神龟：变种人之怒,SWITCH,game,https://pan.quark.cn/s/bb5d9a4b021b,,,,
,忍者神龟：考瓦本加合集,SWITCH,game,https://pan.quark.cn/s/64b1db491c67,,,,
,忍者神龟：施莱德的复仇,SWITCH,game,https://pan.quark.cn/s/8258323c9085,,,,
,忍者杀手：火烧新埼玉,SWITCH,game,https://pan.quark.cn/s/f45bc902e150,,,,
,忍者武士：战士归来,SWITCH,game,https://pan.quark.cn/s/9492b0e02859,,,,
,忍者印记：重置版,SWITCH,game,https://pan.quark.cn/s/7ce2acaff100,,,,
,忍者一闪,SWITCH,game,https://pan.quark.cn/s/8500d6cd3333,,,,
,人中之龙：极,SWITCH,game,https://pan.quark.cn/s/4b5388ce7411,,,,
,柔足战术,SWITCH,game,https://pan.quark.cn/s/b73bd27dc2fe,,,,
,赛博AI防御,SWITCH,game,https://pan.quark.cn/s/a1942b89bf6e,,,,
,闪避刺客,SWITCH,game,https://pan.quark.cn/s/4f4bd40d427f,,,,
,神臂斗士 [版本5.5.1],SWITCH,game,https://pan.quark.cn/s/ea89423cf110,,,,
,神笔狗良,SWITCH,game,https://pan.quark.cn/s/f6b8285eb862,,,,
,随便境,SWITCH,game,https://pan.quark.cn/s/aa823842a469,,,,
,赛博牛仔传奇,SWITCH,game,https://pan.quark.cn/s/3e72888ffced,,,,
,四步杀,SWITCH,game,https://pan.quark.cn/s/fa7b908a7233,,,,
,赛博速跑,SWITCH,game,https://pan.quark.cn/s/1833a030adc5,,,,
,圣杯誓约  SWORN,SWITCH,game,https://pan.quark.cn/s/421b19b42a66,,,,
,神笔谈兵,SWITCH,game,https://pan.quark.cn/s/fe222a5de01d,,,,
,赛博塔防,SWITCH,game,https://pan.quark.cn/s/84a53f17d994,,,,
,赛博协议,SWITCH,game,https://pan.quark.cn/s/72da7296f779,,,,
,哨兵召唤,SWITCH,game,https://pan.quark.cn/s/dda212a0d380,,,,
,蔬菜泡泡龙,SWITCH,game,https://pan.quark.cn/s/827e8311abc2,,,,
,Scrapnaut,SWITCH,game,https://pan.quark.cn/s/af68a5d4a904,,,,
,神椿市建设中：再生,SWITCH,game,https://pan.quark.cn/s/af15b6e50e9d,,,,
,神椿市协奏中,SWITCH,game,https://pan.quark.cn/s/9b5abf60346e,,,,
,神椿市协奏中 Kamitsubaki City Ensemble,SWITCH,game,https://pan.quark.cn/s/9b856d09d0e6,,,,
,似曾相识的游戏,SWITCH,game,https://pan.quark.cn/s/41f0d111ee1c,,,,
,似曾相识的「那些游戏」都换火柴人当主角了2,SWITCH,game,https://pan.quark.cn/s/992f83358e39,,,,
,沙尘与霓虹,SWITCH,game,https://pan.quark.cn/s/52245b994e8a,,,,
,神的超级大宝贝 The Holy Gosh Darn,SWITCH,game,https://pan.quark.cn/s/73154d37475e,,,,
,圣殿春秋,SWITCH,game,https://pan.quark.cn/s/bcbdd3482a79,,,,
,沙嗲大亨,SWITCH,game,https://pan.quark.cn/s/43271e32edcd,,,,
,SD高达 激斗同盟,SWITCH,game,https://pan.quark.cn/s/fc312c472a8f,,,,
,SD高达G世纪：火线纵横,SWITCH,game,https://pan.quark.cn/s/e6e622da1c91,,,,
,速度或死亡,SWITCH,game,https://pan.quark.cn/s/4d9b41aaf0ba,,,,
,随动回旋镖 Boomerang Fu,SWITCH,game,https://pan.quark.cn/s/dbe55de39789,,,,
,闪电柯基,SWITCH,game,https://pan.quark.cn/s/abb12bb81652,,,,
,史丹利的寓言：超级豪华版,SWITCH,game,https://pan.quark.cn/s/519ed822dbc8,,,,
,深度灭绝,SWITCH,game,https://pan.quark.cn/s/ce62b81d442b,,,,
,商店模拟器 超市,SWITCH,game,https://pan.quark.cn/s/fe3e95601304,,,,
,商店模拟器 宠物店,SWITCH,game,https://pan.quark.cn/s/63ea2ec47235,,,,
,圣诞泡泡龙,SWITCH,game,https://pan.quark.cn/s/e7b1dad766cb,,,,
,闪电十一人 英雄们的胜利之路 INAZUMA ELEVEN Victory Road,SWITCH,game,https://pan.quark.cn/s/49a5aa5c76f6,,,,
,SD新假面骑士：乱舞,SWITCH,game,https://pan.quark.cn/s/cb7ee39ba46e,,,,
,双点校园,SWITCH,game,https://pan.quark.cn/s/2d3b7971dc54,,,,
,速度与激情 街机版 fast and furious arcade edition,SWITCH,game,https://pan.quark.cn/s/8c4563792237,,,,
,速度与激情：间谍赛车手,SWITCH,game,https://pan.quark.cn/s/e550d475e314,,,,
,双点医院,SWITCH,game,https://pan.quark.cn/s/c238aafd8d65,,,,
,数独宇宙 Sudoku Universe,SWITCH,game,https://pan.quark.cn/s/ef7d1a7500e8,,,,
,圣诞益智故事,SWITCH,game,https://pan.quark.cn/s/580743b60678,,,,
,首都知识问答比赛,SWITCH,game,https://pan.quark.cn/s/866207118592,,,,
,书呆子幸存者,SWITCH,game,https://pan.quark.cn/s/0f85e7ba9315,,,,
,是的！ 格斗少女,SWITCH,game,https://pan.quark.cn/s/0aa33858c32f,,,,
,赛尔,SWITCH,game,https://pan.quark.cn/s/f27d786bb972,,,,
,圣恩传说F：重制版,SWITCH,game,https://pan.quark.cn/s/c90ef01c29fa,,,,
,圣恩传说F：重制版,SWITCH,game,https://pan.quark.cn/s/f236a2287ccc,,,,
,塞尔达传说：旷野之息 [版本1.8.2],SWITCH,game,https://pan.quark.cn/s/3028e0995189,,,,
,塞尔达传说：天空之剑 [版本1.0.1],SWITCH,game,https://pan.quark.cn/s/10d33b2fcce4,,,,
,塞尔达传说：王国之泪  [版本1.4.2],SWITCH,game,https://pan.quark.cn/s/4abe3fbe8cfe,,,,
,塞尔达传说：智慧的再现 [版本1.1.0],SWITCH,game,https://pan.quark.cn/s/fd6b6ebddcbb,,,,
,塞尔达传说：织梦岛 [版本1.1.0],SWITCH,game,https://pan.quark.cn/s/368d16cdb7e2,,,,
,塞尔达无双：海拉尔全明星 [版本1.0.1],SWITCH,game,https://pan.quark.cn/s/e0a4f7218f7a,,,,
,塞尔达无双：灾厄启示录 [版本1.3.0],SWITCH,game,https://pan.quark.cn/s/f6c5fbc750fd,,,,
,十二分钟 Twelve Minutes,SWITCH,game,https://pan.quark.cn/s/61b29abb4e52,,,,
,Senren Banka,SWITCH,game,https://pan.quark.cn/s/b2d8efb016d4,,,,
,Sephonie,SWITCH,game,https://pan.quark.cn/s/dade23a8f7be,,,,
,师傅,SWITCH,game,https://pan.quark.cn/s/6f0313608260,,,,
,苏菲的炼金工房２～不可思议梦的炼金术士～,SWITCH,game,https://pan.quark.cn/s/a10df29413e6,,,,
,神风蔬菜,SWITCH,game,https://pan.quark.cn/s/75a413d70f74,,,,
,水果巴士 Fruitbus,SWITCH,game,https://pan.quark.cn/s/07e4be48469a,,,,
,上古卷轴 5,SWITCH,game,https://pan.quark.cn/s/24fcaad958db,,,,
,思古塔加亚最后的英雄,SWITCH,game,https://pan.quark.cn/s/4067b75f97ee,,,,
,三国志8 重制版 Romance of the Three Kingdoms 8 Remake,SWITCH,game,https://pan.quark.cn/s/56b35d14e0b8,,,,
,三国志8：重制版,SWITCH,game,https://pan.quark.cn/s/6942c2b03acb,,,,
,三国志14：豪华版,SWITCH,game,https://pan.quark.cn/s/5e4f5d6eaeec,,,,
,上古之魂,SWITCH,game,https://pan.quark.cn/s/4f186c7a7fb5,,,,
,四国战机 重聚 Sonic Wings Reunion,SWITCH,game,https://pan.quark.cn/s/1f5d25851d79,,,,
,说谎,SWITCH,game,https://pan.quark.cn/s/deeee384cc08,,,,
,升华 一个平凡故事,SWITCH,game,https://pan.quark.cn/s/d6e8ca647482,,,,
,生化变种,SWITCH,game,https://pan.quark.cn/s/a96fcf34e102,,,,
,shenghua危机系列,SWITCH,game,https://pan.quark.cn/s/2e100a591bfb,,,,
,神话故事麻将,SWITCH,game,https://pan.quark.cn/s/0979e41f134b,,,,
,Shirone 龙族少女,SWITCH,game,https://pan.quark.cn/s/d6aeb310a742,,,,
,shishi,SWITCH,game,https://pan.quark.cn/s/99c0a905c213,,,,
,上海LEGEND,SWITCH,game,https://pan.quark.cn/s/ec5bdf5769b8,,,,
,四海旅人,SWITCH,game,https://pan.quark.cn/s/c32e299e603e,,,,
,山海旅人,SWITCH,game,https://pan.quark.cn/s/a8352bc454e1,,,,
,石河伦吾和他的朋友们,SWITCH,game,https://pan.quark.cn/s/72f8e4a49e35,,,,
,深海迷航：冰点之下,SWITCH,game,https://pan.quark.cn/s/765821eee3a3,,,,
,生化奇兵：无限 中文,SWITCH,game,https://pan.quark.cn/s/b04f103c1689,,,,
,沙盒生存,SWITCH,game,https://pan.quark.cn/s/81c6970a425a,,,,
,食魂徒,SWITCH,game,https://pan.quark.cn/s/918cdfa4f9ee,,,,
,Shuttlecock-H,SWITCH,game,https://pan.quark.cn/s/38e7a60aa12a,,,,
,失魂者,SWITCH,game,https://pan.quark.cn/s/a1f6932b7f50,,,,
,时廻者,SWITCH,game,https://pan.quark.cn/s/4c60a23cb8fa,,,,
,守护者传奇,SWITCH,game,https://pan.quark.cn/s/9208c5073753,,,,
,送货战斗,SWITCH,game,https://pan.quark.cn/s/7518071da4ff,,,,
,神话之力 MythForce,SWITCH,game,https://pan.quark.cn/s/1b7dba51bd22,,,,
,收获之星,SWITCH,game,https://pan.quark.cn/s/1cb950bfda12,,,,
,守护者之魂 Keeper s Toll,SWITCH,game,https://pan.quark.cn/s/94b307a2e2bf,,,,
,侍魂：晓,SWITCH,game,https://pan.quark.cn/s/e60bfa51a059,,,,
,神击,SWITCH,game,https://pan.quark.cn/s/1013227d7363,,,,
,沙加 碧翠之境 SaGa Emerald Beyond,SWITCH,game,https://pan.quark.cn/s/796160c2212e,,,,
,沙迦 绯红恩典 绯色的野望,SWITCH,game,https://pan.quark.cn/s/be5b6b4557f0,,,,
,神界 原罪2 Divinity Original Sin 2,SWITCH,game,https://pan.quark.cn/s/c9df74d30e05,,,,
,死机010,SWITCH,game,https://pan.quark.cn/s/4a854b1020b3,,,,
,世界51Game,SWITCH,game,https://pan.quark.cn/s/c79134acecde,,,,
,水晶传说,SWITCH,game,https://pan.quark.cn/s/c42812fc5884,,,,
,圣剑传说3重制版,SWITCH,game,https://pan.quark.cn/s/12e9f176f16e,,,,
,森久城物语,SWITCH,game,https://pan.quark.cn/s/3b9c9e30c985,,,,
,时间调节器,SWITCH,game,https://pan.quark.cn/s/5e5f0f4d774b,,,,
,时间的幽灵,SWITCH,game,https://pan.quark.cn/s/3e87a8c99240,,,,
,世界大战 怒涛,SWITCH,game,https://pan.quark.cn/s/12d599fa2ba3,,,,
,世界DZ 序章,SWITCH,game,https://pan.quark.cn/s/1225b23481a6,,,,
,世界大战1-5,SWITCH,game,https://pan.quark.cn/s/620ad7dd712c,,,,
,世界大战：诺曼第登陆,SWITCH,game,https://pan.quark.cn/s/ff9a54aa5ac5,,,,
,世界大战：眼镜蛇,SWITCH,game,https://pan.quark.cn/s/34e3c3ff2b9a,,,,
,水晶计划,SWITCH,game,https://pan.quark.cn/s/f62270ac8286,,,,
,双截龙1,SWITCH,game,https://pan.quark.cn/s/e9d2e0f63247,,,,
,双截龙2,SWITCH,game,https://pan.quark.cn/s/089cc28d1b14,,,,
,双截龙3,SWITCH,game,https://pan.quark.cn/s/af362827e74f,,,,
,双截龙4,SWITCH,game,https://pan.quark.cn/s/e1cae2519901,,,,
,双截龙Advance,SWITCH,game,https://pan.quark.cn/s/bb7f0b12d782,,,,
,双截龙外传：双龙出海,SWITCH,game,https://pan.quark.cn/s/b3295f7c7fcd,,,,
,时间旅行者的美食指南,SWITCH,game,https://pan.quark.cn/s/1219f5412cc7,,,,
,双截龙再临,SWITCH,game,https://pan.quark.cn/s/5eae1875a0ae,,,,
,苏加梅尼亚,SWITCH,game,https://pan.quark.cn/s/ccf9ea56e316,,,,
,世界末日俱乐部,SWITCH,game,https://pan.quark.cn/s/011fbbf63e91,,,,
,世界摩托车锦标赛25,SWITCH,game,https://pan.quark.cn/s/544d045b334d,,,,
,水晶女神,SWITCH,game,https://pan.quark.cn/s/d811b22ebbf5,,,,
,世界拳击锦标赛经理2,SWITCH,game,https://pan.quark.cn/s/5be93e58668a,,,,
,世界树的迷宫HD1+2+3合集,SWITCH,game,https://pan.quark.cn/s/57ff3b262d13,,,,
,时间线,SWITCH,game,https://pan.quark.cn/s/9e6c2915c9a8,,,,
,时间陷阱 隐藏对象,SWITCH,game,https://pan.quark.cn/s/0f4198fb33fd,,,,
,摔跤运动,SWITCH,game,https://pan.quark.cn/s/96e8a729271a,,,,
,世界游戏大全51,SWITCH,game,https://pan.quark.cn/s/2ef3be6e92fc,,,,
,时间之间 密室脱逃,SWITCH,game,https://pan.quark.cn/s/ccd4b5990546,,,,
,三角战略 [版本1.1.1],SWITCH,game,https://pan.quark.cn/s/e6c2d3a877ff,,,,
,社交足球24,SWITCH,game,https://pan.quark.cn/s/cace87628ed2,,,,
,时间载入器,SWITCH,game,https://pan.quark.cn/s/3a23dcf73504,,,,
,世纪之石3：创造和破坏,SWITCH,game,https://pan.quark.cn/s/f08614062e60,,,,
,时间之塔,SWITCH,game,https://pan.quark.cn/s/4edc57ea06ba,,,,
,神技：盗来,SWITCH,game,https://pan.quark.cn/s/c82672771fbe,,,,
,时空错乱之旅,SWITCH,game,https://pan.quark.cn/s/fc6f0d40ccfa,,,,
,斯凯岛的故事,SWITCH,game,https://pan.quark.cn/s/343a8e29d450,,,,
,时空幻境,SWITCH,game,https://pan.quark.cn/s/cf226bd09e0a,,,,
,时空轮回Ever17,SWITCH,game,https://pan.quark.cn/s/e6e4ea710627,,,,
,时空幻境,SWITCH,game,https://pan.quark.cn/s/bd3ad5a5d579,,,,
,时空轮回Ever17,SWITCH,game,https://pan.quark.cn/s/f8635a11d792,,,,
,实况力量棒球2022,SWITCH,game,https://pan.quark.cn/s/50ddb8628c66,,,,
,实况力量棒球2024-2025,SWITCH,game,https://pan.quark.cn/s/bc1e4a05c673,,,,
,时空裂隙,SWITCH,game,https://pan.quark.cn/s/db4ad5c31ea8,,,,
,深空梦里人2 逐星之旅  Citizen Sleeper 2 Starward,SWITCH,game,https://pan.quark.cn/s/599f18e08aca,,,,
,深空梦里人2：逐星航线,SWITCH,game,https://pan.quark.cn/s/66ead013760e,,,,
,时空叛客,SWITCH,game,https://pan.quark.cn/s/7b850a489a89,,,,
,圣科塔尔,SWITCH,game,https://pan.quark.cn/s/a9440a54aba0,,,,
,时空勇士,SWITCH,game,https://pan.quark.cn/s/4ead0686e304,,,,
,沙漏,SWITCH,game,https://pan.quark.cn/s/6c30d54e5180,,,,
,时灵 星辰愚者,SWITCH,game,https://pan.quark.cn/s/a9b6e9cea260,,,,
,神领编年史,SWITCH,game,https://pan.quark.cn/s/c0a37dac9de6,,,,
,失落城堡,SWITCH,game,https://pan.quark.cn/s/38fbb049fc6e,,,,
,失落的阿什福德戒指,SWITCH,game,https://pan.quark.cn/s/a119fea19b1a,,,,
,杀戮的天使,SWITCH,game,https://pan.quark.cn/s/174f0cc40438,,,,
,失落的遗迹,SWITCH,game,https://pan.quark.cn/s/173c868f2612,,,,
,神力刚巴尔特爆裂,SWITCH,game,https://pan.quark.cn/s/1926c68aec0f,,,,
,骚乱格斗,SWITCH,game,https://pan.quark.cn/s/5ff33b45aff3,,,,
,锁链回声,SWITCH,game,https://pan.quark.cn/s/9ad820cd0f30,,,,
,丧灵激汤,SWITCH,game,https://pan.quark.cn/s/d2c1a4d717a2,,,,
,杀戮尖塔,SWITCH,game,https://pan.quark.cn/s/3ab29d5fb675,,,,
,圣灵家族Rinato,SWITCH,game,https://pan.quark.cn/s/b91500556fc5,,,,
,瑟拉利姆终极版 Siralim Ultimate,SWITCH,game,https://pan.quark.cn/s/1917d7e7833b,,,,
,失落领域,SWITCH,game,https://pan.quark.cn/s/828bfb3bbe9e,,,,
,史莱姆3K：暴君的游戏,SWITCH,game,https://pan.quark.cn/s/d075d983e53a,,,,
,史莱姆牧场：便携版,SWITCH,game,https://pan.quark.cn/s/0fb14f5e2e41,,,,
,狩猎模拟2,SWITCH,game,https://pan.quark.cn/s/dc672a890433,,,,
,史莱姆英雄,SWITCH,game,https://pan.quark.cn/s/d4ca1f5bd505,,,,
,双陆棋专业版,SWITCH,game,https://pan.quark.cn/s/937123989bf4,,,,
,史力奇：姆明谷的旋律,SWITCH,game,https://pan.quark.cn/s/686ecf31f3d8,,,,
,闪乱忍忍忍者大战海王星 -少女们的响艳-,SWITCH,game,https://pan.quark.cn/s/50ccbcef76a3,,,,
,塞莱斯蒂亚：命运之链,SWITCH,game,https://pan.quark.cn/s/0919a500099b,,,,
,失落史诗,SWITCH,game,https://pan.quark.cn/s/2cff98160da9,,,,
,森林四重奏,SWITCH,game,https://pan.quark.cn/s/c0f640a1bcf5,,,,
,杀戮台球 Rack and Slay,SWITCH,game,https://pan.quark.cn/s/9091407bce9a,,,,
,死灵舞者之裂隙,SWITCH,game,https://pan.quark.cn/s/eb6aca642b99,,,,
,森林营物语,SWITCH,game,https://pan.quark.cn/s/547e61230760,,,,
,森林之火,SWITCH,game,https://pan.quark.cn/s/9b92a8df7a6b,,,,
,森林之心,SWITCH,game,https://pan.quark.cn/s/ee8905d73d8f,,,,
,杀戮之源,SWITCH,game,https://pan.quark.cn/s/488a8e6e7b1e,,,,
,森林之心,SWITCH,game,https://pan.quark.cn/s/6bb274616f97,,,,
,杀戮之源,SWITCH,game,https://pan.quark.cn/s/28c4f46934cc,,,,
,数码宝贝物语：赛博侦探 骇客追忆,SWITCH,game,https://pan.quark.cn/s/6272aafebdda,,,,
,数码宝贝：绝境求生,SWITCH,game,https://pan.quark.cn/s/58fa6ce2fc62,,,,
,数码宝贝：新秩序,SWITCH,game,https://pan.quark.cn/s/c62d25d743b0,,,,
,神秘博士：孤独的刺客,SWITCH,game,https://pan.quark.cn/s/8ceca89dc01a,,,,
,神秘博士：现实边缘,SWITCH,game,https://pan.quark.cn/s/c7f12cb291ba,,,,
,双盲把戏,SWITCH,game,https://pan.quark.cn/s/56f83038331a,,,,
,赛马大亨10 2024,SWITCH,game,https://pan.quark.cn/s/ac8962b7c41d,,,,
,苏弥尔,SWITCH,game,https://pan.quark.cn/s/9aa00f628c10,,,,
,数码方块地球防卫军2,SWITCH,game,https://pan.quark.cn/s/7cf98be856a3,,,,
,生命回响,SWITCH,game,https://pan.quark.cn/s/b67a16ee4bb3,,,,
,神秘邻居,SWITCH,game,https://pan.quark.cn/s/138ab8959381,,,,
,赛马牧场物语,SWITCH,game,https://pan.quark.cn/s/534cc3a5bb29,,,,
,生命气泡,SWITCH,game,https://pan.quark.cn/s/d673da0928dc,,,,
,守墓人,SWITCH,game,https://pan.quark.cn/s/37e01e01d6cd,,,,
,搜魔人：英雄联盟传奇,SWITCH,game,https://pan.quark.cn/s/cfb229fbd799,,,,
,失眠症,SWITCH,game,https://pan.quark.cn/s/a4eea033de3f,,,,
,神秘之地 ~迪亚尼夫遗迹,SWITCH,game,https://pan.quark.cn/s/1fe6b15a022c,,,,
,神秘之门,SWITCH,game,https://pan.quark.cn/s/b2005638c0c8,,,,
,生命之种,SWITCH,game,https://pan.quark.cn/s/bd84f2990818,,,,
,睡梦之中：增强版,SWITCH,game,https://pan.quark.cn/s/a03d629a4d07,,,,
,睡梦之中：增强版(1),SWITCH,game,https://pan.quark.cn/s/5b64d929e9ab,,,,
,少女的噩梦,SWITCH,game,https://pan.quark.cn/s/c2a7bce36a32,,,,
,少女歌剧：乐队星光舞台奏像剧,SWITCH,game,https://pan.quark.cn/s/6c6cb1b737e2,,,,
,少年骇客：能量之旅,SWITCH,game,https://pan.quark.cn/s/d76f9bc33934,,,,
,少女警察,SWITCH,game,https://pan.quark.cn/s/316f428a7230,,,,
,私酿酒公司,SWITCH,game,https://pan.quark.cn/s/3ebbbc353cd4,,,,
,索尼克 未知边境,SWITCH,game,https://pan.quark.cn/s/5ac17983b619,,,,
,索尼克缤纷色彩：究极版,SWITCH,game,https://pan.quark.cn/s/f13ce49144f5,,,,
,SNK对卡普空：千年乱舞,SWITCH,game,https://pan.quark.cn/s/9657a9dedff2,,,,
,斯诺克狂热,SWITCH,game,https://pan.quark.cn/s/c52b4958f78b,,,,
,SNK女主大乱斗,SWITCH,game,https://pan.quark.cn/s/444ca29c1758,,,,
,索尼克起源,SWITCH,game,https://pan.quark.cn/s/3eb530a0edeb,,,,
,索尼克赛车 交叉世界 Sonic Racing CrossWorlds,SWITCH,game,https://pan.quark.cn/s/4a92fa92c239,,,,
,索尼克团队赛车,SWITCH,game,https://pan.quark.cn/s/2d3b027b2b26,,,,
,索尼克×夏特：世代重启,SWITCH,game,https://pan.quark.cn/s/3762dfe27f8c,,,,
,索尼克：超级巨星,SWITCH,game,https://pan.quark.cn/s/3761e82c056c,,,,
,少女魔净,SWITCH,game,https://pan.quark.cn/s/7a70e26f4f8a,,,,
,少女魔役 Gal Guardians Servants of the Dark,SWITCH,game,https://pan.quark.cn/s/beb8d6868843,,,,
,少女射击 回归初心,SWITCH,game,https://pan.quark.cn/s/1144d9ebbee1,,,,
,Snug Finder,SWITCH,game,https://pan.quark.cn/s/9e38a72214bf,,,,
,少女与战车：梦幻战车对决DX,SWITCH,game,https://pan.quark.cn/s/72f8e7f68690,,,,
,少年佐罗：英雄诞生记,SWITCH,game,https://pan.quark.cn/s/22d8cb4d882b,,,,
,神奇101重制版,SWITCH,game,https://pan.quark.cn/s/2d05074bd71e,,,,
,山丘查梅尔,SWITCH,game,https://pan.quark.cn/s/e083684bc3eb,,,,
,失窃国度,SWITCH,game,https://pan.quark.cn/s/0db7bce1b51d,,,,
,手牵手,SWITCH,game,https://pan.quark.cn/s/e0567f35307f,,,,
,神枪手：猎人范围,SWITCH,game,https://pan.quark.cn/s/624d30e5c2cc,,,,
,神器行者,SWITCH,game,https://pan.quark.cn/s/1f18d61ba8ad,,,,
,神奇英侠,SWITCH,game,https://pan.quark.cn/s/bc28d0538955,,,,
,双人成行,SWITCH,game,https://pan.quark.cn/s/f99ce49ede4d,,,,
,双人大逃脱：失落的潜艇,SWITCH,game,https://pan.quark.cn/s/b533a23f3d19,,,,
,烧肉模拟器,SWITCH,game,https://pan.quark.cn/s/637873a3d25f,,,,
,杀手 赦免 Hitman Absolution,SWITCH,game,https://pan.quark.cn/s/74377ffec2c9,,,,
,绅士 要爱不要战争,SWITCH,game,https://pan.quark.cn/s/34804f5d8d78,,,,
,寿司吧快递,SWITCH,game,https://pan.quark.cn/s/e419252efd08,,,,
,上升的黄昏,SWITCH,game,https://pan.quark.cn/s/6c90f7723bfe,,,,
,侍神大乱战,SWITCH,game,https://pan.quark.cn/s/5e6e17cc805c,,,,
,绅士大学,SWITCH,game,https://pan.quark.cn/s/7b5ca77d0ed1,,,,
,神圣的佐东加防御,SWITCH,game,https://pan.quark.cn/s/947f9d81b49b,,,,
,剩食大作战！ Leftovers KO!,SWITCH,game,https://pan.quark.cn/s/df3da4f132c8,,,,
,蛇上而生,SWITCH,game,https://pan.quark.cn/s/1518e9eb4c3b,,,,
,死神诡计：来生,SWITCH,game,https://pan.quark.cn/s/7da139d73f68,,,,
,时尚闺蜜,SWITCH,game,https://pan.quark.cn/s/67187e99df6d,,,,
,杀死公主：原始剪辑,SWITCH,game,https://pan.quark.cn/s/336492edd868,,,,
,深世海,SWITCH,game,https://pan.quark.cn/s/eb7d17447d9c,,,,
,十三机兵防卫圈,SWITCH,game,https://pan.quark.cn/s/c25069335518,,,,
,术士计划,SWITCH,game,https://pan.quark.cn/s/0a49674137f8,,,,
,谁是僵尸,SWITCH,game,https://pan.quark.cn/s/27a4a38b7f40,,,,
,索斯机械兽：无限轰炸,SWITCH,game,https://pan.quark.cn/s/58eada82e244,,,,
,绅士JY,SWITCH,game,https://pan.quark.cn/s/c5b9818fddeb,,,,
,丧尸克星进阶版,SWITCH,game,https://pan.quark.cn/s/66cdafdf66d3,,,,
,时尚梦想家,SWITCH,game,https://pan.quark.cn/s/b1999431d981,,,,
,时尚女孩,SWITCH,game,https://pan.quark.cn/s/234a7c881e07,,,,
,水上喷气赛车,SWITCH,game,https://pan.quark.cn/s/ac60b3146670,,,,
,双手奇谋,SWITCH,game,https://pan.quark.cn/s/c1b420b586ff,,,,
,速速上菜 PlateUp,SWITCH,game,https://pan.quark.cn/s/69940ee7ff72,,,,
,SS三国志系列,SWITCH,game,https://pan.quark.cn/s/ebbdaee38525,,,,
,时尚世界,SWITCH,game,https://pan.quark.cn/s/43616cbb72bd,,,,
,杀死乌鸦,SWITCH,game,https://pan.quark.cn/s/dbe44aae2528,,,,
,时尚洋品店物语,SWITCH,game,https://pan.quark.cn/s/5c545cf9b355,,,,
,食尸者的冒险饭,SWITCH,game,https://pan.quark.cn/s/388dc1fdd5e9,,,,
,沙石镇时光,SWITCH,game,https://pan.quark.cn/s/e519304f927f,,,,
,圣兽之王,SWITCH,game,https://pan.quark.cn/s/e73c9e080e55,,,,
,松树之心 Pine Hearts,SWITCH,game,https://pan.quark.cn/s/50462f4e7f53,,,,
,十三支演义 偃月三国传1?2,SWITCH,game,https://pan.quark.cn/s/24ffab3df932,,,,
,松树：失去的故事,SWITCH,game,https://pan.quark.cn/s/83d72877ff8c,,,,
,桑塔 里丝琦的逆袭 导演剪辑版 Shantae Riskys Revenge - Directors Cut,SWITCH,game,https://pan.quark.cn/s/21f5efba8e1a,,,,
,神探 星扉失踪案,SWITCH,game,https://pan.quark.cn/s/4183023cdc4f,,,,
,神骰传说,SWITCH,game,https://pan.quark.cn/s/3021655445c1,,,,
,史提芬宇宙：拯救光芒,SWITCH,game,https://pan.quark.cn/s/3fb14115a2bc,,,,
,神探狗狗：爪不可及,SWITCH,game,https://pan.quark.cn/s/963cd617be41,,,,
,神探加杰特：疯狂时光派对,SWITCH,game,https://pan.quark.cn/s/21586d77fe59,,,,
,圣塔神记,SWITCH,game,https://pan.quark.cn/s/5836c615fb0a,,,,
,桑塔与七神,SWITCH,game,https://pan.quark.cn/s/04c07e244a58,,,,
,食物餐车大亨,SWITCH,game,https://pan.quark.cn/s/44774cf6e330,,,,
,守望传说,SWITCH,game,https://pan.quark.cn/s/eee73860eefa,,,,
,生物公司：救赎,SWITCH,game,https://pan.quark.cn/s/173bdbd3b22f,,,,
,死亡公园,SWITCH,game,https://pan.quark.cn/s/4af08735e7d0,,,,
,Switch Army Knife (SAK),SWITCH,game,https://pan.quark.cn/s/eb770e9dacc5,,,,
,商务旅行豪华版,SWITCH,game,https://pan.quark.cn/s/9884481edcf2,,,,
,神无迷宫,SWITCH,game,https://pan.quark.cn/s/d24a9630aa66,,,,
,死亡面具,SWITCH,game,https://pan.quark.cn/s/1c63533c9bb7,,,,
,死亡面条派送,SWITCH,game,https://pan.quark.cn/s/31026353a34d,,,,
,死亡生物,SWITCH,game,https://pan.quark.cn/s/8fd4378959d3,,,,
,死亡微笑 1+2,SWITCH,game,https://pan.quark.cn/s/9d484e3cd98b,,,,
,死亡细胞,SWITCH,game,https://pan.quark.cn/s/acd2e46a8fdd,,,,
,三位一体5：发条阴谋,SWITCH,game,https://pan.quark.cn/s/4ee5699de715,,,,
,三位一体融合,SWITCH,game,https://pan.quark.cn/s/7ff2f07a98b4,,,,
,三位一体：1-4合集,SWITCH,game,https://pan.quark.cn/s/d4f1e921194e,,,,
,守望者编年史,SWITCH,game,https://pan.quark.cn/s/dd9385254ed2,,,,
,世外之地 Outlanders,SWITCH,game,https://pan.quark.cn/s/53517681aac8,,,,
,死亡终局 轮回试炼代码Z Death end re Quest Code Z,SWITCH,game,https://pan.quark.cn/s/c71a0fc5f719,,,,
,死亡之门,SWITCH,game,https://pan.quark.cn/s/cf4a2f99edbd,,,,
,死亡重启,SWITCH,game,https://pan.quark.cn/s/38bed3e15440,,,,
,死亡之屋2：重制版,SWITCH,game,https://pan.quark.cn/s/dc76a2f54e56,,,,
,死亡之屋：重置版,SWITCH,game,https://pan.quark.cn/s/bf4f836dfe80,,,,
,死亡之子,SWITCH,game,https://pan.quark.cn/s/f9dea1335720,,,,
,嗜血本性,SWITCH,game,https://pan.quark.cn/s/a61a711908c1,,,,
,森喜刚：热带冻结 [版本1.0.2],SWITCH,game,https://pan.quark.cn/s/351f5fbeacd5,,,,
,善心守卫者,SWITCH,game,https://pan.quark.cn/s/7699ffb7a8d1,,,,
,苏醒之路,SWITCH,game,https://pan.quark.cn/s/8b9738fe351d,,,,
,善心守卫者,SWITCH,game,https://pan.quark.cn/s/fdc43a71477f,,,,
,苏醒之路,SWITCH,game,https://pan.quark.cn/s/0f23a8af9278,,,,
,蛇香之夜,SWITCH,game,https://pan.quark.cn/s/f07b83e25d26,,,,
,时行者：黑暗世界,SWITCH,game,https://pan.quark.cn/s/ebcfaa90d2f4,,,,
,神箱：方块的神话,SWITCH,game,https://pan.quark.cn/s/e61e24b10372,,,,
,鲨鱼宝贝：歌唱与游泳派对,SWITCH,game,https://pan.quark.cn/s/a78173edaa2a,,,,
,书雁传奇,SWITCH,game,https://pan.quark.cn/s/655b1fc5c80f,,,,
,鲨鱼弹珠台,SWITCH,game,https://pan.quark.cn/s/a10c9d361fb3,,,,
,闪耀滑雪场物语,SWITCH,game,https://pan.quark.cn/s/e1f83f01089d,,,,
,深渊绝赌：千王处刑,SWITCH,game,https://pan.quark.cn/s/6e5ce61bf721,,,,
,深渊救世主,SWITCH,game,https://pan.quark.cn/s/b67d55bb93ac,,,,
,深渊狂猎,SWITCH,game,https://pan.quark.cn/s/d423c04cf6b8,,,,
,神与恋心,SWITCH,game,https://pan.quark.cn/s/d0860fc494e7,,,,
,守夜人 长夜 Vigil The Longest Night,SWITCH,game,https://pan.quark.cn/s/842fd19c5fd9,,,,
,石油骚动,SWITCH,game,https://pan.quark.cn/s/6f1480b83036,,,,
,深渊曙光,SWITCH,game,https://pan.quark.cn/s/09390a12cf16,,,,
,水烟水雾,SWITCH,game,https://pan.quark.cn/s/4edbb82eec5d,,,,
,神狱塔：断罪玛丽2,SWITCH,game,https://pan.quark.cn/s/3f42c07c8d30,,,,
,食用系少女,SWITCH,game,https://pan.quark.cn/s/84a4f1eeff34,,,,
,食用系少女2：美食内战,SWITCH,game,https://pan.quark.cn/s/2a4ca0386b7a,,,,
,睡衣小英：黑夜英雄,SWITCH,game,https://pan.quark.cn/s/484e8128eb58,,,,
,失忆症,SWITCH,game,https://pan.quark.cn/s/3c0a5e2c91e2,,,,
,水隐之城,SWITCH,game,https://pan.quark.cn/s/5cc4ca2153fe,,,,
,神意之星 Star of Providence,SWITCH,game,https://pan.quark.cn/s/d34ae428c118,,,,
,深渊之印,SWITCH,game,https://pan.quark.cn/s/efaf168e29b6,,,,
,素媛：玩具仙境,SWITCH,game,https://pan.quark.cn/s/e15b9f6ccede,,,,
,死雨：新僵尸病毒,SWITCH,game,https://pan.quark.cn/s/22adba0529f0,,,,
,双子,SWITCH,game,https://pan.quark.cn/s/7aea000c813f,,,,
,数织 逻辑艺术魔导书,SWITCH,game,https://pan.quark.cn/s/75dd85677883,,,,
,赎罪 世界树之心,SWITCH,game,https://pan.quark.cn/s/62d125b064eb,,,,
,失踪的斑斑,SWITCH,game,https://pan.quark.cn/s/90d64c1c89aa,,,,
,设置俄罗斯方块,SWITCH,game,https://pan.quark.cn/s/06c3462d52cb,,,,
,水族馆不跳舞 The Aquarium does not dance,SWITCH,game,https://pan.quark.cn/s/9b13cbffad62,,,,
,双重交叉,SWITCH,game,https://pan.quark.cn/s/6342494cb5c8,,,,
,时钟机关默示录,SWITCH,game,https://pan.quark.cn/s/2846b0d4dec9,,,,
,受折磨的灵魂,SWITCH,game,https://pan.quark.cn/s/51c4b2e0b6b0,,,,
,时之刃,SWITCH,game,https://pan.quark.cn/s/0636179a7845,,,,
,逝者如斯蝇,SWITCH,game,https://pan.quark.cn/s/cdb9a5756eee,,,,
,神奏三国诗,SWITCH,game,https://pan.quark.cn/s/00cf142288f8,,,,
,石之守护者,SWITCH,game,https://pan.quark.cn/s/b471c3e6c764,,,,
,蛇之守望者,SWITCH,game,https://pan.quark.cn/s/61f736b37fdf,,,,
,时钟塔 恐惧重播,SWITCH,game,https://pan.quark.cn/s/b49347a95747,,,,
,双子兔耳娘兜风之旅,SWITCH,game,https://pan.quark.cn/s/40522857db58,,,,
,神之天平外传：幻雾之洞窟,SWITCH,game,https://pan.quark.cn/s/92ed03c7d216,,,,
,双子星传奇,SWITCH,game,https://pan.quark.cn/s/cd193fe3b537,,,,
,鼠织小家,SWITCH,game,https://pan.quark.cn/s/138687dd3cde,,,,
,双子星：盛气凌人,SWITCH,game,https://pan.quark.cn/s/4030bf6744e6,,,,
,十字纵错的未来,SWITCH,game,https://pan.quark.cn/s/e5f00ed4ad07,,,,
,熵值中心,SWITCH,game,https://pan.quark.cn/s/721e63967a66,,,,
,SZ之翼,SWITCH,game,https://pan.quark.cn/s/d17306b903b7,,,,
,失踪：J.J.马克菲尔德和追忆岛,SWITCH,game,https://pan.quark.cn/s/1016863a8ced,,,,
,神凪之杜 五月雨缀,SWITCH,game,https://pan.quark.cn/s/99b22ec7d99d,,,,
,Taito 里程碑 3,SWITCH,game,https://pan.quark.cn/s/7e556e762c14,,,,
,台北大空袭,SWITCH,game,https://pan.quark.cn/s/5fa5f6b15526,,,,
,托布拉,SWITCH,game,https://pan.quark.cn/s/3e4f8fb09d98,,,,
,突波旅行者,SWITCH,game,https://pan.quark.cn/s/3ae4968ff774,,,,
,同步音律喵赛克,SWITCH,game,https://pan.quark.cn/s/ff3199cd1945,,,,
,跳车,SWITCH,game,https://pan.quark.cn/s/c0be28d996fb,,,,
,同场竞技,SWITCH,game,https://pan.quark.cn/s/5f00e5ac0289,,,,
,铁锤拼图 锤子先生,SWITCH,game,https://pan.quark.cn/s/cea3b95f12f1,,,,
,铁锤守卫2,SWITCH,game,https://pan.quark.cn/s/6400772c7e15,,,,
,铁锤守卫英雄,SWITCH,game,https://pan.quark.cn/s/6d32597bac33,,,,
,铁锤守卫：周年纪念版,SWITCH,game,https://pan.quark.cn/s/6152bb81a829,,,,
,天底,SWITCH,game,https://pan.quark.cn/s/006625df588f,,,,
,托迪和托普迪,SWITCH,game,https://pan.quark.cn/s/52c71bace3ad,,,,
,土豆竞技场,SWITCH,game,https://pan.quark.cn/s/217c5143ea05,,,,
,铁道建设师,SWITCH,game,https://pan.quark.cn/s/0dcfdb111c39,,,,
,铁道日本路线之旅 睿山电车篇 Japanese Rail Sim Journey to Kyoto,SWITCH,game,https://pan.quark.cn/s/5960aa422ee0,,,,
,他的时光,SWITCH,game,https://pan.quark.cn/s/5fee79a7c502,,,,
,土豆兄弟 Brotato,SWITCH,game,https://pan.quark.cn/s/a5b588b5d935,,,,
,头顶相机的猫,SWITCH,game,https://pan.quark.cn/s/d5d072393ec7,,,,
,胎儿博士的bb肉机,SWITCH,game,https://pan.quark.cn/s/8185b959a64a,,,,
,天鹅绒流星队长 JUMP+异世界的小冒险,SWITCH,game,https://pan.quark.cn/s/35362c46dbf9,,,,
,塌方,SWITCH,game,https://pan.quark.cn/s/e2379ffea85b,,,,
,糖果2048挑战,SWITCH,game,https://pan.quark.cn/s/3187c9e88a82,,,,
,特工A：伪装游戏,SWITCH,game,https://pan.quark.cn/s/8e5dda4f2a4d,,,,
,太鼓达人,SWITCH,game,https://pan.quark.cn/s/2af2e8e23fd9,,,,
,太鼓达人咚咚雷音祭,SWITCH,game,https://pan.quark.cn/s/37051e48f12f,,,,
,太阁立志传V DX,SWITCH,game,https://pan.quark.cn/s/428795872403,,,,
,太古宙 光之路,SWITCH,game,https://pan.quark.cn/s/64f0f82fe99c,,,,
,特工坠落,SWITCH,game,https://pan.quark.cn/s/92dc5ef00fc3,,,,
,甜瓜之旅：苦乐参半的回忆,SWITCH,game,https://pan.quark.cn/s/22c574a00909,,,,
,天国：拯救皇家版,SWITCH,game,https://pan.quark.cn/s/9956f8748528,,,,
,兔猴大冒险,SWITCH,game,https://pan.quark.cn/s/e34e5df6ea4b,,,,
,The Big Con,SWITCH,game,https://pan.quark.cn/s/11643ec76a0a,,,,
,The Ramp,SWITCH,game,https://pan.quark.cn/s/f902ae8a7283,,,,
,The Big Con,SWITCH,game,https://pan.quark.cn/s/149804e9aea9,,,,
,The Ramp,SWITCH,game,https://pan.quark.cn/s/72ff9fa914fd,,,,
,The Walking Dead 第一季,SWITCH,game,https://pan.quark.cn/s/f19021f11daf,,,,
,褪黑素,SWITCH,game,https://pan.quark.cn/s/8dd914b65353,,,,
,徒花异谭,SWITCH,game,https://pan.quark.cn/s/0b79de357e2b,,,,
,太极 Taiji,SWITCH,game,https://pan.quark.cn/s/9605e007a743,,,,
,特级厨师,SWITCH,game,https://pan.quark.cn/s/1a52ba7e7fbb,,,,
,天际海洋：雇佣之翼,SWITCH,game,https://pan.quark.cn/s/f5c5ac431da0,,,,
,太空对决2,SWITCH,game,https://pan.quark.cn/s/a45c9badfcc3,,,,
,天空的幸存者,SWITCH,game,https://pan.quark.cn/s/3bb18e32ab40,,,,
,太空海盗的崛起X2,SWITCH,game,https://pan.quark.cn/s/def64bb893a0,,,,
,太空恒星：未知星球,SWITCH,game,https://pan.quark.cn/s/93f3a152cb8a,,,,
,太空军F,SWITCH,game,https://pan.quark.cn/s/538bb14b8189,,,,
,恸哭机巧,SWITCH,game,https://pan.quark.cn/s/9d24888766f2,,,,
,太空冒险哥普拉 觉醒 Space Adventure Cobra - The Awakening,SWITCH,game,https://pan.quark.cn/s/45baef24ac8d,,,,
,太空清道夫,SWITCH,game,https://pan.quark.cn/s/a1b3e9a2cd4e,,,,
,太空刑警,SWITCH,game,https://pan.quark.cn/s/7a510597fad2,,,,
,太空刑警1-3,SWITCH,game,https://pan.quark.cn/s/3a53f7939380,,,,
,太空刑警3,SWITCH,game,https://pan.quark.cn/s/2030c3f7abc9,,,,
,天空游戏,SWITCH,game,https://pan.quark.cn/s/0a62e6a36f8a,,,,
,太空战斗,SWITCH,game,https://pan.quark.cn/s/4a2405cab5be,,,,
,太空战斗机G HD重制版,SWITCH,game,https://pan.quark.cn/s/d903dfd55281,,,,
,痛苦之戒,SWITCH,game,https://pan.quark.cn/s/9acaa9e71a4a,,,,
,塔楼,SWITCH,game,https://pan.quark.cn/s/1528afb8e325,,,,
,泰拉艾莉雅,SWITCH,game,https://pan.quark.cn/s/792188779c12,,,,
,铁路帝国,SWITCH,game,https://pan.quark.cn/s/ab733e3dc37c,,,,
,铁路帝国2 Railway Empire 2,SWITCH,game,https://pan.quark.cn/s/f2673269d93c,,,,
,贪婪地牢,SWITCH,game,https://pan.quark.cn/s/ef1bfd7f64e7,,,,
,贪婪的魔鬼,SWITCH,game,https://pan.quark.cn/s/fc4763b50327,,,,
,逃离房间,SWITCH,game,https://pan.quark.cn/s/310d9ad3e75b,,,,
,塔楼公主,SWITCH,game,https://pan.quark.cn/s/97b5c44ca6da,,,,
,逃离后室,SWITCH,game,https://pan.quark.cn/s/2f9b447ef8ea,,,,
,泰拉科技,SWITCH,game,https://pan.quark.cn/s/0d37a8221732,,,,
,铁路浪漫谭,SWITCH,game,https://pan.quark.cn/s/26db5709cb2f,,,,
,泰拉瑞亚,SWITCH,game,https://pan.quark.cn/s/ee18fe8e0ab8,,,,
,特罗塔皮亚,SWITCH,game,https://pan.quark.cn/s/0459fb160e0d,,,,
,泰拉往事,SWITCH,game,https://pan.quark.cn/s/f79b9b0e3f97,,,,
,泰拉维特,SWITCH,game,https://pan.quark.cn/s/bbb504d94e6d,,,,
,屠龙者 起源,SWITCH,game,https://pan.quark.cn/s/32a5b0ae8817,,,,
,探灵直播,SWITCH,game,https://pan.quark.cn/s/0c0a11989364,,,,
,探灵直播2,SWITCH,game,https://pan.quark.cn/s/969082b7830c,,,,
,天籁之国 Symphonia,SWITCH,game,https://pan.quark.cn/s/7b741ad3f563,,,,
,通灵战士,SWITCH,game,https://pan.quark.cn/s/ca1fd7572361,,,,
,通灵战士：幽灵舰队与消失的英雄,SWITCH,game,https://pan.quark.cn/s/539a192a66c4,,,,
,托米,SWITCH,game,https://pan.quark.cn/s/efb298cb0112,,,,
,塔玛拉克小径,SWITCH,game,https://pan.quark.cn/s/5eab9e28704f,,,,
,提米拉纳国的好运公主与衰运骑士团 テミラーナ国の強運姫と悲運騎士団,SWITCH,game,https://pan.quark.cn/s/4ec88b379cc4,,,,
,退魔忍法帖 妖怪地狱变,SWITCH,game,https://pan.quark.cn/s/6980d0b96588,,,,
,甜蜜夏日,SWITCH,game,https://pan.quark.cn/s/c121f563fdf6,,,,
,天命与厄运：世界,SWITCH,game,https://pan.quark.cn/s/065a7c0b90a8,,,,
,天幕陨落 Celestial Fall,SWITCH,game,https://pan.quark.cn/s/e08d018d8acc,,,,
,Toaplan街机合集,SWITCH,game,https://pan.quark.cn/s/7bdc5e4b8b48,,,,
,Togges,SWITCH,game,https://pan.quark.cn/s/011b7727d6d4,,,,
,天穹卡牌录 Card-en-Ciel,SWITCH,game,https://pan.quark.cn/s/2cfd9b6e8e70,,,,
,台球狂热,SWITCH,game,https://pan.quark.cn/s/34cbb631bd97,,,,
,同情之吻,SWITCH,game,https://pan.quark.cn/s/de2b058cb1db,,,,
,替身,SWITCH,game,https://pan.quark.cn/s/f4be175f26eb,,,,
,逃生1+2,SWITCH,game,https://pan.quark.cn/s/851991f2891a,,,,
,通神榜,SWITCH,game,https://pan.quark.cn/s/417c88f5a7be,,,,
,天杀的花园,SWITCH,game,https://pan.quark.cn/s/79d1bdad0c43,,,,
,特斯拉学徒 复刻版 Teslagrad Remastered,SWITCH,game,https://pan.quark.cn/s/22704d6480dc,,,,
,特斯拉学徒2,SWITCH,game,https://pan.quark.cn/s/065ad62e8e61,,,,
,吐司球,SWITCH,game,https://pan.quark.cn/s/c0d2777f4afd,,,,
,贪食蛇游戏,SWITCH,game,https://pan.quark.cn/s/050445777529,,,,
,天使之王：梅塔特隆的飞升,SWITCH,game,https://pan.quark.cn/s/df576b60cc69,,,,
,天穗之咲稻姬,SWITCH,game,https://pan.quark.cn/s/328d7d5e60c4,,,,
,屠杀：失守的前哨,SWITCH,game,https://pan.quark.cn/s/460fc3c73afc,,,,
,天体,SWITCH,game,https://pan.quark.cn/s/e6e3816e4445,,,,
,偷偷当个召唤师,SWITCH,game,https://pan.quark.cn/s/9bab7daf4493,,,,
,踢踢地牢,SWITCH,game,https://pan.quark.cn/s/af30766a4cfa,,,,
,天堂岛杀手 Paradise Killer,SWITCH,game,https://pan.quark.cn/s/67c0ccadf5e3,,,,
,天天过马路之登高塔 Crossy Road Castle,SWITCH,game,https://pan.quark.cn/s/83e6c42bd08c,,,,
,天台狂怒,SWITCH,game,https://pan.quark.cn/s/db8ebb8ccd6c,,,,
,桃太郎电铁世界：地球带着希望旋转,SWITCH,game,https://pan.quark.cn/s/32e345563c4e,,,,
,泰特姆,SWITCH,game,https://pan.quark.cn/s/26637a5fce36,,,,
,跳投乔恩,SWITCH,game,https://pan.quark.cn/s/66c255b88536,,,,
,头条新闻：诺维新闻,SWITCH,game,https://pan.quark.cn/s/e9f57889f136,,,,
,抬头只看到天花板,SWITCH,game,https://pan.quark.cn/s/7078d95360ed,,,,
,Tunche,SWITCH,game,https://pan.quark.cn/s/cdef17e002f4,,,,
,跳舞女孩Kohane EX,SWITCH,game,https://pan.quark.cn/s/89d54280e8c6,,,,
,图形和节拍,SWITCH,game,https://pan.quark.cn/s/3b1fc9075c97,,,,
,逃向海洋,SWITCH,game,https://pan.quark.cn/s/27f655be3b1d,,,,
,提线木偶的故事,SWITCH,game,https://pan.quark.cn/s/58486cc0ab8e,,,,
,天下统一,SWITCH,game,https://pan.quark.cn/s/233c3e13247e,,,,
,天翔铁骑,SWITCH,game,https://pan.quark.cn/s/f69ea4dbc47d,,,,
,探险顽皮动物园,SWITCH,game,https://pan.quark.cn/s/8500f2d73239,,,,
,涂鸦掉落,SWITCH,game,https://pan.quark.cn/s/7d27f518b5f5,,,,
,太阳登陆舰,SWITCH,game,https://pan.quark.cn/s/04dc5903dde1,,,,
,涂鸦恶魔,SWITCH,game,https://pan.quark.cn/s/be27019a8c7e,,,,
,太阳港,SWITCH,game,https://pan.quark.cn/s/e2ec47a88b05,,,,
,太阳灰国,SWITCH,game,https://pan.quark.cn/s/ac9c4e734c33,,,,
,田园记,SWITCH,game,https://pan.quark.cn/s/16c9cb8cca6d,,,,
,天狱乱斗,SWITCH,game,https://pan.quark.cn/s/56edf8ada43d,,,,
,涂鸦上帝：进化,SWITCH,game,https://pan.quark.cn/s/d70cccd766a8,,,,
,涂鸦世界豪华版,SWITCH,game,https://pan.quark.cn/s/5f51b326b7c6,,,,
,跳跃挑战,SWITCH,game,https://pan.quark.cn/s/9201ca02a884,,,,
,特异体质者,SWITCH,game,https://pan.quark.cn/s/8a643e45526d,,,,
,体育夏令营  35项挑战大冒险 Sports Camp A 35-Game Adventure,SWITCH,game,https://pan.quark.cn/s/75b5d9182d14,,,,
,体育游戏30合1,SWITCH,game,https://pan.quark.cn/s/88da9779148f,,,,
,涂鸦英雄工厂 ShapeHero Factory,SWITCH,game,https://pan.quark.cn/s/fc93daf4e346,,,,
,跳跃之王,SWITCH,game,https://pan.quark.cn/s/d596d6c3ade8,,,,
,特种部队：眼镜蛇之怒,SWITCH,game,https://pan.quark.cn/s/d876b9e114e9,,,,
,童真岛,SWITCH,game,https://pan.quark.cn/s/80f01f4d47f4,,,,
,骰子地下城,SWITCH,game,https://pan.quark.cn/s/36be8599dbf7,,,,
,同舟共济,SWITCH,game,https://pan.quark.cn/s/a7923179e618,,,,
,团战经理,SWITCH,game,https://pan.quark.cn/s/d4cd79cac335,,,,
,特种突击,SWITCH,game,https://pan.quark.cn/s/d7d00cf4f992,,,,
,骰子遗产,SWITCH,game,https://pan.quark.cn/s/b5dafb04a508,,,,
,特战之王,SWITCH,game,https://pan.quark.cn/s/7108177c4b59,,,,
,兔子之夜,SWITCH,game,https://pan.quark.cn/s/a39d8a53a45e,,,,
,UFO找工作 [版本1.0.0],SWITCH,game,https://pan.quark.cn/s/20b8e2d3c4c8,,,,
,UFO：不明高空坠物,SWITCH,game,https://pan.quark.cn/s/8f1508024e5d,,,,
,Vostok 2061,SWITCH,game,https://pan.quark.cn/s/00195e0c8570,,,,
,WAIFU岛冲击,SWITCH,game,https://pan.quark.cn/s/95fd7b3804ff,,,,
,卫兵利尔,SWITCH,game,https://pan.quark.cn/s/da20063ae669,,,,
,无彩世界2,SWITCH,game,https://pan.quark.cn/s/d3afdf6ebdd0,,,,
,维德,SWITCH,game,https://pan.quark.cn/s/afd2db3beeaf,,,,
,完蛋 我被美女包围了 Love is all around,SWITCH,game,https://pan.quark.cn/s/1d3bf95a3197,,,,
,我的超级现充生活,SWITCH,game,https://pan.quark.cn/s/37bbaf5fc035,,,,
,我的成名之路,SWITCH,game,https://pan.quark.cn/s/a5eb95e85041,,,,
,五等分的新娘双合辑,SWITCH,game,https://pan.quark.cn/s/fa9f78b16341,,,,
,我的好友小猪佩奇,SWITCH,game,https://pan.quark.cn/s/8bcd3866fd4c,,,,
,我的孩子生命之泉,SWITCH,game,https://pan.quark.cn/s/fb0a45b861f0,,,,
,我的可爱皇后,SWITCH,game,https://pan.quark.cn/s/b79aab2d459d,,,,
,我的可爱女儿,SWITCH,game,https://pan.quark.cn/s/ca24b476d735,,,,
,我的可爱妻子,SWITCH,game,https://pan.quark.cn/s/f2556996b94a,,,,
,武德岭DX 初级小兵反击战,SWITCH,game,https://pan.quark.cn/s/06598feabd8d,,,,
,我的领域-我的龙宝宝,SWITCH,game,https://pan.quark.cn/s/90627585b863,,,,
,舞蹈迷藏,SWITCH,game,https://pan.quark.cn/s/18ffa2d4cbc0,,,,
,屋顶叛变者,SWITCH,game,https://pan.quark.cn/s/b6aff162f871,,,,
,我的世界 基岩版 Minecraft,SWITCH,game,https://pan.quark.cn/s/7c25421e12a6,,,,
,我的世界：传奇,SWITCH,game,https://pan.quark.cn/s/da9839cda4ed,,,,
,我的世界：地下城,SWITCH,game,https://pan.quark.cn/s/9832a9442f47,,,,
,我的兄弟吃了我的布丁,SWITCH,game,https://pan.quark.cn/s/4465d62c784a,,,,
,我的小宇宙,SWITCH,game,https://pan.quark.cn/s/84e1ad50c7be,,,,
,我的夜间工作 My Night Job,SWITCH,game,https://pan.quark.cn/s/a2626fc9f597,,,,
,我的英雄：唯我正义2,SWITCH,game,https://pan.quark.cn/s/6daab54f3649,,,,
,完蛋！我被美女包围了2,SWITCH,game,https://pan.quark.cn/s/9605f04042cf,,,,
,瓦尔法瑞斯：兽神归来,SWITCH,game,https://pan.quark.cn/s/308126526607,,,,
,瓦尔哈拉的荣耀,SWITCH,game,https://pan.quark.cn/s/dcc5df78ba9f,,,,
,West of Dead,SWITCH,game,https://pan.quark.cn/s/f6aa3e04d829,,,,
,Wetory,SWITCH,game,https://pan.quark.cn/s/c1bfcf9675b2,,,,
,蛙匪,SWITCH,game,https://pan.quark.cn/s/a525d9db3e29,,,,
,无法成眠的伊达键 - From AI梦境档案,SWITCH,game,https://pan.quark.cn/s/fc326425dc7f,,,,
,雾方福地,SWITCH,game,https://pan.quark.cn/s/6599c18a08ac,,,,
,围攻,SWITCH,game,https://pan.quark.cn/s/76a2af27bc09,,,,
,雾方福地,SWITCH,game,https://pan.quark.cn/s/6fbd68f58d37,,,,
,围攻,SWITCH,game,https://pan.quark.cn/s/65efcc711eab,,,,
,王国保卫战,SWITCH,game,https://pan.quark.cn/s/2d0ea2ea379f,,,,
,王国保卫战：复仇,SWITCH,game,https://pan.quark.cn/s/ed7154291b38,,,,
,王国传说2,SWITCH,game,https://pan.quark.cn/s/622148918da5,,,,
,卫宫家今天的饭,SWITCH,game,https://pan.quark.cn/s/e5ffbf58b524,,,,
,无光之地,SWITCH,game,https://pan.quark.cn/s/92a69e83eb16,,,,
,王国之壳 Kingdom Shell,SWITCH,game,https://pan.quark.cn/s/426deb3ad318,,,,
,王冠之心 HEART of CROWN,SWITCH,game,https://pan.quark.cn/s/6603d4d6b399,,,,
,王国之心：记忆旋律,SWITCH,game,https://pan.quark.cn/s/070e5d33ca13,,,,
,王冠之战 黑王子,SWITCH,game,https://pan.quark.cn/s/4388f467a544,,,,
,王国：两位君主,SWITCH,game,https://pan.quark.cn/s/afc270cd5cf0,,,,
,舞华苍魔镜,SWITCH,game,https://pan.quark.cn/s/a305de93789e,,,,
,五花大绑,SWITCH,game,https://pan.quark.cn/s/2612506082fc,,,,
,我和她们的实习日志,SWITCH,game,https://pan.quark.cn/s/b3d56754b31b,,,,
,文嘉,SWITCH,game,https://pan.quark.cn/s/1e019fe74b4d,,,,
,无尽的记忆,SWITCH,game,https://pan.quark.cn/s/433b888f82c1,,,,
,WJG餐馆,SWITCH,game,https://pan.quark.cn/s/96067b19310f,,,,
,玩具盒谜题,SWITCH,game,https://pan.quark.cn/s/c28b566345af,,,,
,吾家健身趣4分钟锻炼全身,SWITCH,game,https://pan.quark.cn/s/578b5679910e,,,,
,吾家可归,SWITCH,game,https://pan.quark.cn/s/f463725b30af,,,,
,无尽旅图,SWITCH,game,https://pan.quark.cn/s/229430f65ac5,,,,
,无间冥寺,SWITCH,game,https://pan.quark.cn/s/ca89979fcf04,,,,
,玩具骑士,SWITCH,game,https://pan.quark.cn/s/4b83c74fce6a,,,,
,玩具士兵高清版,SWITCH,game,https://pan.quark.cn/s/dddd77baa82f,,,,
,玩具坦克的袭击 Attack of the Toy Tanks,SWITCH,game,https://pan.quark.cn/s/aaf2689794aa,,,,
,玩具熊的五夜 模仿者的秘密 Five Nights at Freddy's Secret of the Mimic,SWITCH,game,https://pan.quark.cn/s/2012731a4cea,,,,
,玩具熊的五夜后宫 陷落球池 Five Nights at Freddy's Into the Pit,SWITCH,game,https://pan.quark.cn/s/2e42555d8ad2,,,,
,玩具熊的五夜后宫：救命2,SWITCH,game,https://pan.quark.cn/s/9836312c484d,,,,
,无口安瓶,SWITCH,game,https://pan.quark.cn/s/0e5bceeaa13b,,,,
,温寇波顿勋爵探案记,SWITCH,game,https://pan.quark.cn/s/d8a07c403748,,,,
,温克利小屋,SWITCH,game,https://pan.quark.cn/s/187e3b3e9b27,,,,
,文兰岛上的死亡,SWITCH,game,https://pan.quark.cn/s/1bc059393c8b,,,,
,乌拉尔山,SWITCH,game,https://pan.quark.cn/s/7696fc558b79,,,,
,乌拉贡,SWITCH,game,https://pan.quark.cn/s/9ca690eeaf3d,,,,
,威洛谷的生活 农场历险记,SWITCH,game,https://pan.quark.cn/s/daef955620da,,,,
,乌龙功夫球,SWITCH,game,https://pan.quark.cn/s/dd9d09ea5a4e,,,,
,为了广阔的未来,SWITCH,game,https://pan.quark.cn/s/5e5c62b0c00f,,,,
,威利和神奇的掠夺,SWITCH,game,https://pan.quark.cn/s/006a94b10d84,,,,
,威利和神奇的掠夺者,SWITCH,game,https://pan.quark.cn/s/b8ee32206376,,,,
,亡灵男孩：通往邪恶之路,SWITCH,game,https://pan.quark.cn/s/35ee84047383,,,,
,亡灵女仆,SWITCH,game,https://pan.quark.cn/s/8320411e52ea,,,,
,网络奇兵 System Shock,SWITCH,game,https://pan.quark.cn/s/b73d63be06b3,,,,
,舞力全开2023,SWITCH,game,https://pan.quark.cn/s/75706d525b9c,,,,
,武林求生,SWITCH,game,https://pan.quark.cn/s/0fe8ba74a9c6,,,,
,亡灵巫师,SWITCH,game,https://pan.quark.cn/s/b88e9c84405e,,,,
,为了吾王,SWITCH,game,https://pan.quark.cn/s/3066661af131,,,,
,维隆系统,SWITCH,game,https://pan.quark.cn/s/2a5388d56982,,,,
,涡轮小子,SWITCH,game,https://pan.quark.cn/s/8b5228eec9bc,,,,
,无路之旅,SWITCH,game,https://pan.quark.cn/s/c5185cc10db9,,,,
,无魔,SWITCH,game,https://pan.quark.cn/s/efcfca4728e1,,,,
,文明6,SWITCH,game,https://pan.quark.cn/s/b1079ff8d6b2,,,,
,文明7 Sid Meier s Civilization VII,SWITCH,game,https://pan.quark.cn/s/76d5c80cbcad,,,,
,完美的一天,SWITCH,game,https://pan.quark.cn/s/7800aa4faf4f,,,,
,完美设计,SWITCH,game,https://pan.quark.cn/s/1e13c9cfbff1,,,,
,无梦少女,SWITCH,game,https://pan.quark.cn/s/4389ae5cc2a8,,,,
,我们需要潜得更深,SWITCH,game,https://pan.quark.cn/s/d16da001b207,,,,
,我们也在这里 We Were Here Too,SWITCH,game,https://pan.quark.cn/s/8aea90bd498f,,,,
,我们之中,SWITCH,game,https://pan.quark.cn/s/9dbab86eab24,,,,
,无名者：屠龙,SWITCH,game,https://pan.quark.cn/s/f529de55682a,,,,
,瓦纳里斯战术,SWITCH,game,https://pan.quark.cn/s/c68227b36ccf,,,,
,万能钥匙,SWITCH,game,https://pan.quark.cn/s/f5ecc81b40c1,,,,
,巫泡 决定版,SWITCH,game,https://pan.quark.cn/s/36132a147a8f,,,,
,王牌钓手,SWITCH,game,https://pan.quark.cn/s/8c24d745deb8,,,,
,王权 星途,SWITCH,game,https://pan.quark.cn/s/91508e3287ca,,,,
,无穷时线,SWITCH,game,https://pan.quark.cn/s/014b132be341,,,,
,王权：三国,SWITCH,game,https://pan.quark.cn/s/8278da88b6d4,,,,
,WRC世界汽车拉力锦标赛 新世代,SWITCH,game,https://pan.quark.cn/s/c8472ce89b34,,,,
,无人机竞速 飞行特技模拟器,SWITCH,game,https://pan.quark.cn/s/5029fa4b19e0,,,,
,无人机在线飞行模拟器,SWITCH,game,https://pan.quark.cn/s/609be9faa66e,,,,
,无人生活在灯塔之下,SWITCH,game,https://pan.quark.cn/s/59dd8665136c,,,,
,无人深空 No Man’s Sky,SWITCH,game,https://pan.quark.cn/s/4c744a89ac33,,,,
,无视,SWITCH,game,https://pan.quark.cn/s/d049f7a67b6c,,,,
,巫师3 狂猎,SWITCH,game,https://pan.quark.cn/s/3066404a7a02,,,,
,无双对决数字版,SWITCH,game,https://pan.quark.cn/s/d3e17eb57ad9,,,,
,万圣节大战骷髅怪,SWITCH,game,https://pan.quark.cn/s/51b122895043,,,,
,巫师猎人,SWITCH,game,https://pan.quark.cn/s/d530bc610c50,,,,
,巫师猎人 魔法世界的终结,SWITCH,game,https://pan.quark.cn/s/5a3410fb3daf,,,,
,武士少女,SWITCH,game,https://pan.quark.cn/s/66cc223e03a7,,,,
,无双深渊 Warriors Abyss,SWITCH,game,https://pan.quark.cn/s/860beb4fbbfd,,,,
,我是为什么出生的,SWITCH,game,https://pan.quark.cn/s/86c6b8c1ef05,,,,
,巫师学院 密室逃脱,SWITCH,game,https://pan.quark.cn/s/ddc15dbfaee4,,,,
,我是英雄,SWITCH,game,https://pan.quark.cn/s/490879729cd8,,,,
,巫师之子,SWITCH,game,https://pan.quark.cn/s/01876ffa6a66,,,,
,汪汪队立大功? Rescue Wheels?：锦标赛,SWITCH,game,https://pan.quark.cn/s/80ee405f68c5,,,,
,汪汪队立大功：锦标赛,SWITCH,game,https://pan.quark.cn/s/82f66641d00a,,,,
,汪汪队立大功：世界,SWITCH,game,https://pan.quark.cn/s/b43ab4f9e9a1,,,,
,WWE 2K竞技场,SWITCH,game,https://pan.quark.cn/s/c66922c77099,,,,
,汪汪喵喵动物医院拯救宠物的重要工作,SWITCH,game,https://pan.quark.cn/s/62132c6e274b,,,,
,嗡嗡拼图,SWITCH,game,https://pan.quark.cn/s/67e4d5c263c8,,,,
,为我微笑,SWITCH,game,https://pan.quark.cn/s/bffbbb11543a,,,,
,外星人战争,SWITCH,game,https://pan.quark.cn/s/354f950fe7ce,,,,
,无限神速斩：勇者斗恶龙达伊的大冒险,SWITCH,game,https://pan.quark.cn/s/c0837b4f5306,,,,
,无限坦克：二战,SWITCH,game,https://pan.quark.cn/s/4f7afda9b0a2,,,,
,未晓星程,SWITCH,game,https://pan.quark.cn/s/6e89fce25f9f,,,,
,温馨小屋 Little Cozy Home,SWITCH,game,https://pan.quark.cn/s/0f3d1695eb13,,,,
,外星原人 入侵,SWITCH,game,https://pan.quark.cn/s/65bb1c2c78a0,,,,
,午夜赤霞 Cabernet,SWITCH,game,https://pan.quark.cn/s/cdc3f0256eb2,,,,
,午夜地铁,SWITCH,game,https://pan.quark.cn/s/8d47aef7439a,,,,
,乌鸦国度,SWITCH,game,https://pan.quark.cn/s/70ad0b1f0235,,,,
,乌鸦少女艾拉,SWITCH,game,https://pan.quark.cn/s/d31c23f95817,,,,
,午夜杀生：重制版,SWITCH,game,https://pan.quark.cn/s/fd88299c198b,,,,
,未音子的夜市,SWITCH,game,https://pan.quark.cn/s/110b4704f269,,,,
,无夜之国2 新月的花嫁,SWITCH,game,https://pan.quark.cn/s/38c90a47f0b7,,,,
,雾隐战记,SWITCH,game,https://pan.quark.cn/s/f31a56824af9,,,,
,无垠之心,SWITCH,game,https://pan.quark.cn/s/ed51be26df53,,,,
,乌鸦：重制版,SWITCH,game,https://pan.quark.cn/s/54f142af5631,,,,
,未转变者,SWITCH,game,https://pan.quark.cn/s/d998891d071d,,,,
,袜子历险,SWITCH,game,https://pan.quark.cn/s/dcefddc64e28,,,,
,物质世界：决定版,SWITCH,game,https://pan.quark.cn/s/6d6f50c0bd8b,,,,
,胃之武装,SWITCH,game,https://pan.quark.cn/s/4f8d5c7e34dc,,,,
,往左一点,SWITCH,game,https://pan.quark.cn/s/360f7f2ab88d,,,,
,胃之武装,SWITCH,game,https://pan.quark.cn/s/149c6928a651,,,,
,往左一点,SWITCH,game,https://pan.quark.cn/s/0319a55399c5,,,,
,武藏严流记2,SWITCH,game,https://pan.quark.cn/s/919272560932,,,,
,文字游戏 Word Game,SWITCH,game,https://pan.quark.cn/s/bbe0568b7e9d,,,,
,丸子与银河龙,SWITCH,game,https://pan.quark.cn/s/d7a6628bebc5,,,,
,亡者之地 The Land Beneath Us,SWITCH,game,https://pan.quark.cn/s/fea86a24123f,,,,
,无主之地2,SWITCH,game,https://pan.quark.cn/s/1d4025102e27,,,,
,无主之地3：终极版,SWITCH,game,https://pan.quark.cn/s/3569adf6c1a0,,,,
,无职转生 到了异世界就拿出真本事,SWITCH,game,https://pan.quark.cn/s/17200905d741,,,,
,血岸岛,SWITCH,game,https://pan.quark.cn/s/fd243703ee59,,,,
,小奥菲斯,SWITCH,game,https://pan.quark.cn/s/926ed6c9d5a9,,,,
,寻爱或赴死,SWITCH,game,https://pan.quark.cn/s/32afbff0f379,,,,
,小不点儿寻宝记,SWITCH,game,https://pan.quark.cn/s/50b031fc43de,,,,
,小兵大战,SWITCH,game,https://pan.quark.cn/s/9564610bdae6,,,,
,X变体：防御,SWITCH,game,https://pan.quark.cn/s/cfcf337537b3,,,,
,新次元游戏,SWITCH,game,https://pan.quark.cn/s/b45fc674ca1e,,,,
,幸存者 亡灵法师之剑,SWITCH,game,https://pan.quark.cn/s/f68f56d6bb50,,,,
,熙春之刃,SWITCH,game,https://pan.quark.cn/s/0cd893c191bc,,,,
,新大陆,SWITCH,game,https://pan.quark.cn/s/21d8a2f968b3,,,,
,雪地奔驰,SWITCH,game,https://pan.quark.cn/s/876ff8c51bd0,,,,
,新大地之炼金工房,SWITCH,game,https://pan.quark.cn/s/bc6b0f9fc190,,,,
,侠盗猎车手：三部曲 终极版,SWITCH,game,https://pan.quark.cn/s/b8b88c1184ab,,,,
,小丁历险记,SWITCH,game,https://pan.quark.cn/s/ae273a6c089f,,,,
,小岛农场主,SWITCH,game,https://pan.quark.cn/s/607f6858793e,,,,
,小刀男孩：重启,SWITCH,game,https://pan.quark.cn/s/6c14b96f08e0,,,,
,现代战争5：眩晕风暴,SWITCH,game,https://pan.quark.cn/s/9975c2cbc7d8,,,,
,兄弟：双子传说,SWITCH,game,https://pan.quark.cn/s/c8427d2f71f5,,,,
,小恶魔 大混乱,SWITCH,game,https://pan.quark.cn/s/f632c9ce1b83,,,,
,邪恶铭刻,SWITCH,game,https://pan.quark.cn/s/2e425e389f2f,,,,
,邪恶巫师,SWITCH,game,https://pan.quark.cn/s/bb93e5060a25,,,,
,修复师 起源,SWITCH,game,https://pan.quark.cn/s/85f8e3bebfb5,,,,
,刑罚：加长版,SWITCH,game,https://pan.quark.cn/s/b635934ea25f,,,,
,小工具 合集,SWITCH,game,https://pan.quark.cn/s/adb1216200bf,,,,
,小工具3,SWITCH,game,https://pan.quark.cn/s/c47c3f51ee13,,,,
,虚构世界2：信条谷,SWITCH,game,https://pan.quark.cn/s/baab748b41cc,,,,
,星光遗产 Starlight Legacy,SWITCH,game,https://pan.quark.cn/s/a747739a7eda,,,,
,西瓜游戏 合成大西瓜 Fruit Game,SWITCH,game,https://pan.quark.cn/s/b76de474ce42,,,,
,小故障之旅,SWITCH,game,https://pan.quark.cn/s/0116760b43cb,,,,
,小骨：英雄杀手,SWITCH,game,https://pan.quark.cn/s/3c92bb67b4ff,,,,
,信号,SWITCH,game,https://pan.quark.cn/s/cbc31cf7ee4d,,,,
,陷洪大冒险,SWITCH,game,https://pan.quark.cn/s/2cf0a1da850d,,,,
,喧哗番长,SWITCH,game,https://pan.quark.cn/s/7e973173e8b3,,,,
,小狐狸冒险,SWITCH,game,https://pan.quark.cn/s/42aeb470c571,,,,
,血海雷霆,SWITCH,game,https://pan.quark.cn/s/64cb8774a612,,,,
,巡回赛超级明星,SWITCH,game,https://pan.quark.cn/s/e11ec6311adc,,,,
,小孩数独,SWITCH,game,https://pan.quark.cn/s/61d29a1ff277,,,,
,小黄鸭模拟器,SWITCH,game,https://pan.quark.cn/s/ee4448a5839c,,,,
,循环勇者,SWITCH,game,https://pan.quark.cn/s/f2e274477b20,,,,
,猩红之塔,SWITCH,game,https://pan.quark.cn/s/754b8d4a1988,,,,
,锈剑 先锋岛,SWITCH,game,https://pan.quark.cn/s/ea38e0de709f,,,,
,星际波动,SWITCH,game,https://pan.quark.cn/s/458f8b48c66c,,,,
,星舰铳犬：太阳系物语,SWITCH,game,https://pan.quark.cn/s/8b80080d77a6,,,,
,星际反叛军,SWITCH,game,https://pan.quark.cn/s/0aab61e927bf,,,,
,小金刚 丛林乐趣,SWITCH,game,https://pan.quark.cn/s/0e1b45d303e2,,,,
,星舰决战 银河大奖赛,SWITCH,game,https://pan.quark.cn/s/aafd998dae77,,,,
,小鸡快跑 蛋劫行动  Chicken Run Eggstraction,SWITCH,game,https://pan.quark.cn/s/f1519c68a6a0,,,,
,小鸡快跑2,SWITCH,game,https://pan.quark.cn/s/781020e08789,,,,
,小眷灵,SWITCH,game,https://pan.quark.cn/s/9203a2e9fca6,,,,
,星际猎手DX Star Hunter DX,SWITCH,game,https://pan.quark.cn/s/577d07bbf099,,,,
,星际洛螈管理员,SWITCH,game,https://pan.quark.cn/s/a85d0090db42,,,,
,星际迷航 复兴 Star Trek Resurgence,SWITCH,game,https://pan.quark.cn/s/3647733b6cc1,,,,
,星际迷航：传奇,SWITCH,game,https://pan.quark.cn/s/52b638647fa4,,,,
,细菌派对 Gerrrms 中文(switch618.com),SWITCH,game,https://pan.quark.cn/s/908290f10736,,,,
,橡胶强盗,SWITCH,game,https://pan.quark.cn/s/bab4fc94621c,,,,
,小机器人,SWITCH,game,https://pan.quark.cn/s/2889047aca8e,,,,
,仙剑奇侠传,SWITCH,game,https://pan.quark.cn/s/27c2e93f07c1,,,,
,下降数字,SWITCH,game,https://pan.quark.cn/s/0bb56c658d72,,,,
,星际拓荒,SWITCH,game,https://pan.quark.cn/s/2c61ce92bf96,,,,
,限界凸记：七海,SWITCH,game,https://pan.quark.cn/s/bcf21d071a8f,,,,
,星际小队,SWITCH,game,https://pan.quark.cn/s/d47cc25e392a,,,,
,星界战士,SWITCH,game,https://pan.quark.cn/s/35ecc15a675e,,,,
,小块,SWITCH,game,https://pan.quark.cn/s/c6841e328c08,,,,
,星矿公司 Star Ores Inc,SWITCH,game,https://pan.quark.cn/s/227ad0c85f77,,,,
,虚空穹牢 Vault of the Void,SWITCH,game,https://pan.quark.cn/s/b0edbb8fc406,,,,
,西拉,SWITCH,game,https://pan.quark.cn/s/2c46fc59aef8,,,,
,绚烂传说,SWITCH,game,https://pan.quark.cn/s/9e7a675aae8b,,,,
,绚烂传说 梦幻序曲 Radiant Tale Fanfare,SWITCH,game,https://pan.quark.cn/s/1946da201d4b,,,,
,仙乐传说高清重制版,SWITCH,game,https://pan.quark.cn/s/a6c81a243ded,,,,
,陷落封印：仲裁者之印,SWITCH,game,https://pan.quark.cn/s/fb17cdf572bf,,,,
,心炼工坊+玛莎拉镇物语 Menhera Farm&Masarada Town Story,SWITCH,game,https://pan.quark.cn/s/e877577dec14,,,,
,驯龙高手 九界龙族传说,SWITCH,game,https://pan.quark.cn/s/5d2fd35c3d3b,,,,
,星露谷物语 Stardew Valley,SWITCH,game,https://pan.quark.cn/s/1bd43ca38a5f,,,,
,迅狼疾步,SWITCH,game,https://pan.quark.cn/s/da976548c427,,,,
,小林家的龙女仆：炸裂！！天真龙☆吐息,SWITCH,game,https://pan.quark.cn/s/c27f66bbae57,,,,
,心灵健全,SWITCH,game,https://pan.quark.cn/s/17ca417d808c,,,,
,心灵警探,SWITCH,game,https://pan.quark.cn/s/92ff7fce90fc,,,,
,夏洛克普尔2,SWITCH,game,https://pan.quark.cn/s/5f02782251ae,,,,
,夏洛克·福尔摩斯和巴斯克维尔的猎犬,SWITCH,game,https://pan.quark.cn/s/285bd2f84d85,,,,
,夕厉轮,SWITCH,game,https://pan.quark.cn/s/86628d998303,,,,
,小雷神,SWITCH,game,https://pan.quark.cn/s/bcb45d5be5e6,,,,
,小老鼠的百科全书,SWITCH,game,https://pan.quark.cn/s/1a7a93a629fa,,,,
,心灵杀手重置版,SWITCH,game,https://pan.quark.cn/s/a8106fe2a149,,,,
,杏林物语,SWITCH,game,https://pan.quark.cn/s/ec0d99ff39b1,,,,
,心魔,SWITCH,game,https://pan.quark.cn/s/8366f81e452a,,,,
,小马宝莉：玛泰湾冒险,SWITCH,game,https://pan.quark.cn/s/034f0e7d88d7,,,,
,小马宝莉：西风高地谜团,SWITCH,game,https://pan.quark.cn/s/a1fc6c7d48a4,,,,
,小猫大营救,SWITCH,game,https://pan.quark.cn/s/7c29c4adf119,,,,
,小猫快跑！终极挑战,SWITCH,game,https://pan.quark.cn/s/c966aac929ea,,,,
,小猫咪大城市 Little Kitty Big City,SWITCH,game,https://pan.quark.cn/s/7d3d08340049,,,,
,新美妙世界 [版本1.03],SWITCH,game,https://pan.quark.cn/s/339752b286bd,,,,
,小魔女诺贝塔,SWITCH,game,https://pan.quark.cn/s/280cbf1130d8,,,,
,小魔女星拼乐,SWITCH,game,https://pan.quark.cn/s/572a067e69fa,,,,
,熊猫推箱子,SWITCH,game,https://pan.quark.cn/s/7be230ac7d9a,,,,
,小猫小狗,SWITCH,game,https://pan.quark.cn/s/cb84b7ae2a67,,,,
,夏目友人帐：叶月之记,SWITCH,game,https://pan.quark.cn/s/c4462aa698f1,,,,
,夏努尔 银风传奇,SWITCH,game,https://pan.quark.cn/s/639cf4640886,,,,
,虚拟家庭煮饭2,SWITCH,game,https://pan.quark.cn/s/dcf6443e30bc,,,,
,瞎闹猎车手,SWITCH,game,https://pan.quark.cn/s/35d433001c8e,,,,
,虚拟女孩@世界尽头,SWITCH,game,https://pan.quark.cn/s/e68ec72c1f00,,,,
,虚拟女仆拉米耶,SWITCH,game,https://pan.quark.cn/s/a6cd7a3926de,,,,
,仙女之秘,SWITCH,game,https://pan.quark.cn/s/31cfdb3c324e,,,,
,小鸟之翼,SWITCH,game,https://pan.quark.cn/s/ea5126b6e5bb,,,,
,相扑穿墙派对,SWITCH,game,https://pan.quark.cn/s/903f1cfdd803,,,,
,橡皮鸭波浪车手,SWITCH,game,https://pan.quark.cn/s/dc9b6b9257c8,,,,
,项圈 x 恶意,SWITCH,game,https://pan.quark.cn/s/5fe158ba7f4e,,,,
,项圈 x 恶意：无限,SWITCH,game,https://pan.quark.cn/s/ad4fe6986106,,,,
,星球大战弹珠台,SWITCH,game,https://pan.quark.cn/s/2b9ce5527398,,,,
,星球大战前传1：幽灵的威胁,SWITCH,game,https://pan.quark.cn/s/6d8edc63991e,,,,
,星球大战：前线经典合集,SWITCH,game,https://pan.quark.cn/s/efcfe50af8d2,,,,
,星球大战：原力释放,SWITCH,game,https://pan.quark.cn/s/c28773e81c2e,,,,
,星球乐园,SWITCH,game,https://pan.quark.cn/s/8c144b096a05,,,,
,星穹遗迹,SWITCH,game,https://pan.quark.cn/s/69c47acac909,,,,
,星球殖民,SWITCH,game,https://pan.quark.cn/s/536d81cbde85,,,,
,秀球：虎命,SWITCH,game,https://pan.quark.cn/s/09518c8d5d6b,,,,
,夏日彼方,SWITCH,game,https://pan.quark.cn/s/90d42a4a2627,,,,
,雪人的故事,SWITCH,game,https://pan.quark.cn/s/cafa947e678f,,,,
,夏日狂欢,SWITCH,game,https://pan.quark.cn/s/8606e5837895,,,,
,夏日水上乐园物语,SWITCH,game,https://pan.quark.cn/s/8c0adef688ef,,,,
,小人物拯救世界,SWITCH,game,https://pan.quark.cn/s/923c572da24c,,,,
,雪人兄弟2：特别版,SWITCH,game,https://pan.quark.cn/s/90e430ddb6a6,,,,
,雪人兄弟特别版,SWITCH,game,https://pan.quark.cn/s/e47db8868adc,,,,
,信使,SWITCH,game,https://pan.quark.cn/s/dbf2b1a6a830,,,,
,雪色暗号,SWITCH,game,https://pan.quark.cn/s/58b88419bcfc,,,,
,熊视眈眈,SWITCH,game,https://pan.quark.cn/s/6a1ce133c0cc,,,,
,消逝的光芒：白金版,SWITCH,game,https://pan.quark.cn/s/b0300ba1180e,,,,
,像素风咖啡店,SWITCH,game,https://pan.quark.cn/s/9a35fa71605b,,,,
,像素哥三代,SWITCH,game,https://pan.quark.cn/s/104f33a1fc98,,,,
,像素画,SWITCH,game,https://pan.quark.cn/s/6fe42eaedc6a,,,,
,像素垃圾：怪物2,SWITCH,game,https://pan.quark.cn/s/c20abad66604,,,,
,像素垃圾：回收者豪华版,SWITCH,game,https://pan.quark.cn/s/e6388144f026,,,,
,像素垃圾：伊甸园2,SWITCH,game,https://pan.quark.cn/s/42cad8f494a3,,,,
,新宿罗生门,SWITCH,game,https://pan.quark.cn/s/c37b39b6c534,,,,
,X杀手 末日余波 杀手的复仇,SWITCH,game,https://pan.quark.cn/s/8b1c1619573f,,,,
,像素生存者,SWITCH,game,https://pan.quark.cn/s/0ddff477030d,,,,
,像素填色 集合1,SWITCH,game,https://pan.quark.cn/s/ae9da8080ef7,,,,
,虚时异境：迷离时空,SWITCH,game,https://pan.quark.cn/s/a6863f9347ad,,,,
,亵神者+巫术之地 Heretic + Hexen,SWITCH,game,https://pan.quark.cn/s/8a88df5c2fd2,,,,
,像素战舰,SWITCH,game,https://pan.quark.cn/s/37680a4de2e1,,,,
,享受这间餐厅吧,SWITCH,game,https://pan.quark.cn/s/0600bce7e9cc,,,,
,新宿葬命,SWITCH,game,https://pan.quark.cn/s/b8da72cc76f3,,,,
,行尸走肉最终季 The Walking Dead The Final Season,SWITCH,game,https://pan.quark.cn/s/4b3522a1ebf0,,,,
,行尸走肉：命运,SWITCH,game,https://pan.quark.cn/s/c01843c52b25,,,,
,锈苔 Rusted Moss,SWITCH,game,https://pan.quark.cn/s/72c9ebf16f73,,,,
,心跳回忆 女生版4,SWITCH,game,https://pan.quark.cn/s/799b664fb5b5,,,,
,心跳回忆 女生版4  Girls Side 4th Heart,SWITCH,game,https://pan.quark.cn/s/427d5e83f8ff,,,,
,心跳回忆1-3 女生版,SWITCH,game,https://pan.quark.cn/s/63771bda52b2,,,,
,心跳文学俱乐部,SWITCH,game,https://pan.quark.cn/s/3bdd31d4a74d,,,,
,谢天谢地你来了,SWITCH,game,https://pan.quark.cn/s/b53316766688,,,,
,协同效应。,SWITCH,game,https://pan.quark.cn/s/ec75a65112b2,,,,
,协同效应：次时代版,SWITCH,game,https://pan.quark.cn/s/452aaf4eee90,,,,
,锈兔异途,SWITCH,game,https://pan.quark.cn/s/f3bd9f9ebc53,,,,
,寻物大师 这里什么都没有 Infinite Seek and Find,SWITCH,game,https://pan.quark.cn/s/9fd4ecfd5289,,,,
,星位继承者,SWITCH,game,https://pan.quark.cn/s/009e212f5b94,,,,
,夏娃战记,SWITCH,game,https://pan.quark.cn/s/ed46158bd3da,,,,
,新无主之地传说,SWITCH,game,https://pan.quark.cn/s/3437fa36eee8,,,,
,小王子：口袋星球,SWITCH,game,https://pan.quark.cn/s/4d7bee3699a6,,,,
,新星-111,SWITCH,game,https://pan.quark.cn/s/1df92706bf02,,,,
,小小部队：全球行动,SWITCH,game,https://pan.quark.cn/s/df927f15260c,,,,
,吸血鬼莱恩：背叛- 鲜食,SWITCH,game,https://pan.quark.cn/s/524b6107d01f,,,,
,吸血鬼猎人,SWITCH,game,https://pan.quark.cn/s/7ec4a9808ded,,,,
,吸血鬼女孩莉莉诺阿 Nosferatu Lilinor,SWITCH,game,https://pan.quark.cn/s/71721b083bb9,,,,
,吸血鬼幸存者 Vampire Survivors,SWITCH,game,https://pan.quark.cn/s/914accdfe03f,,,,
,吸血鬼：避世血族 绝唱,SWITCH,game,https://pan.quark.cn/s/8bae5b7907b0,,,,
,吸血鬼：纽约同僚,SWITCH,game,https://pan.quark.cn/s/7ea0fae522da,,,,
,小小伙伴 狗狗小岛,SWITCH,game,https://pan.quark.cn/s/b7713b09692d,,,,
,小小梦魇 Little Nightmares,SWITCH,game,https://pan.quark.cn/s/4399494a3c27,,,,
,小小梦魇3 Little Nightmares III,SWITCH,game,https://pan.quark.cn/s/300def50e498,,,,
,小小诺亚 乐园的后继者 Little Noah Scion of Paradise,SWITCH,game,https://pan.quark.cn/s/8656b5fada5e,,,,
,新星群岛,SWITCH,game,https://pan.quark.cn/s/30dd6521df77,,,,
,熊先生的餐厅,SWITCH,game,https://pan.quark.cn/s/e5e318c49386,,,,
,小小贴纸故事,SWITCH,game,https://pan.quark.cn/s/9c60c7f90d45,,,,
,小小贴纸铺,SWITCH,game,https://pan.quark.cn/s/0ef78275e565,,,,
,蟹蟹寻宝奇遇 Another Crab's Treasure,SWITCH,game,https://pan.quark.cn/s/a12bc3bd38a4,,,,
,辛西娅,SWITCH,game,https://pan.quark.cn/s/9d0aea8ad416,,,,
,辛西娅 月影匿踪,SWITCH,game,https://pan.quark.cn/s/032b219d9c1f,,,,
,休闲运动系列：网球,SWITCH,game,https://pan.quark.cn/s/210c16e0e428,,,,
,星陨传说 流浪者的故事 Meteorfall Krumit's Tale,SWITCH,game,https://pan.quark.cn/s/24be826bdec6,,,,
,幸运房东 Luck be a Landlord,SWITCH,game,https://pan.quark.cn/s/8416f39ff4ed,,,,
,炫音轨迹,SWITCH,game,https://pan.quark.cn/s/89f95fb895ad,,,,
,炫音轨迹 未来表演者 GROOVE COASTER FUTURE PERFORMERS,SWITCH,game,https://pan.quark.cn/s/dafc07e47b68,,,,
,学园构想家,SWITCH,game,https://pan.quark.cn/s/76705b0c47c5,,,,
,轩辕剑3：云和山的彼端,SWITCH,game,https://pan.quark.cn/s/903318eba9da,,,,
,轩辕剑柒,SWITCH,game,https://pan.quark.cn/s/3ed766dba736,,,,
,星渊酒吧,SWITCH,game,https://pan.quark.cn/s/114290e8385a,,,,
,西游记之非常英雄,SWITCH,game,https://pan.quark.cn/s/faf08df5aedd,,,,
,星跃狂飙,SWITCH,game,https://pan.quark.cn/s/4b80b390b40d,,,,
,心渊梦境,SWITCH,game,https://pan.quark.cn/s/09e52476780e,,,,
,熊与早餐 Bear and Breakfast,SWITCH,game,https://pan.quark.cn/s/a5c6e1c5d19e,,,,
,星咏之诗,SWITCH,game,https://pan.quark.cn/s/ec047be80fe0,,,,
,新月之塔 Crescent Tower,SWITCH,game,https://pan.quark.cn/s/dfd7f4cfe826,,,,
,幸运之杖R,SWITCH,game,https://pan.quark.cn/s/d920df7753a8,,,,
,幸运之杖R2,SWITCH,game,https://pan.quark.cn/s/5f79b714e4d5,,,,
,幸运之杖R2FD：献给你的终章,SWITCH,game,https://pan.quark.cn/s/738ff7e98ecf,,,,
,寻找爱丽丝,SWITCH,game,https://pan.quark.cn/s/2e52f2dbe053,,,,
,选择冲突你更喜欢什么,SWITCH,game,https://pan.quark.cn/s/3aaef7437c90,,,,
,狭窄的死亡房间,SWITCH,game,https://pan.quark.cn/s/bdde1c4b7724,,,,
,陷阵孤雄,SWITCH,game,https://pan.quark.cn/s/e8bd13aea0a4,,,,
,星之海,SWITCH,game,https://pan.quark.cn/s/c2d812cf2f48,,,,
,星之海 Sea of Stars,SWITCH,game,https://pan.quark.cn/s/f62166a794e5,,,,
,星之海洋：第二个故事R,SWITCH,game,https://pan.quark.cn/s/d65dd8b50f5b,,,,
,小镇惊魂2,SWITCH,game,https://pan.quark.cn/s/8f829bda5761,,,,
,小镇惊魂：重制版合集,SWITCH,game,https://pan.quark.cn/s/8a2431da9eb3,,,,
,星之卡比 重返梦幻岛豪华版,SWITCH,game,https://pan.quark.cn/s/222453136e27,,,,
,星之卡比：探索发现 [版本1.0.0],SWITCH,game,https://pan.quark.cn/s/be41b6bbab8d,,,,
,星之卡比：新星同盟 [版本4.0.0a],SWITCH,game,https://pan.quark.cn/s/1a9a47e3f1e4,,,,
,血之浪人,SWITCH,game,https://pan.quark.cn/s/be829fe9dc49,,,,
,星座猫猫,SWITCH,game,https://pan.quark.cn/s/a1ad29f7b39e,,,,
,星之梦＆雪圏球 Planetarian,SWITCH,game,https://pan.quark.cn/s/3222297bcaed,,,,
,晓之破坏者  Dawn of the Breakers,SWITCH,game,https://pan.quark.cn/s/6c842c7eb01c,,,,
,寻找天堂,SWITCH,game,https://pan.quark.cn/s/a7113efa53ec,,,,
,晓之破坏者  Dawn of the Breakers,SWITCH,game,https://pan.quark.cn/s/0b03d3199ccd,,,,
,寻找天堂,SWITCH,game,https://pan.quark.cn/s/e8dbf7a6712a,,,,
,寻找外星人,SWITCH,game,https://pan.quark.cn/s/8bee255279ea,,,,
,小镇英雄,SWITCH,game,https://pan.quark.cn/s/154d304da1ce,,,,
,星之终途,SWITCH,game,https://pan.quark.cn/s/70f5d7100c94,,,,
,信长之野望?新生with威力加强版,SWITCH,game,https://pan.quark.cn/s/c5f08c00cab2,,,,
,陷阵之志,SWITCH,game,https://pan.quark.cn/s/53db7cdac2a5,,,,
,阴暗森林,SWITCH,game,https://pan.quark.cn/s/5ba1235d4942,,,,
,阴暗之眸 Gloomy Eyes,SWITCH,game,https://pan.quark.cn/s/8839470a2d41,,,,
,疑案追声：犯罪之声版,SWITCH,game,https://pan.quark.cn/s/cb77a10017fb,,,,
,永不孤单：北极合集,SWITCH,game,https://pan.quark.cn/s/593e1e26065e,,,,
,摇摆狗狗,SWITCH,game,https://pan.quark.cn/s/824f6c4f4106,,,,
,银白钢铁X2,SWITCH,game,https://pan.quark.cn/s/467b18a56857,,,,
,佣兵烈焰：黎明双龙,SWITCH,game,https://pan.quark.cn/s/8591ef1a0113,,,,
,妖变速递,SWITCH,game,https://pan.quark.cn/s/2497b2f63f0f,,,,
,佣兵之王,SWITCH,game,https://pan.quark.cn/s/52965739f897,,,,
,异常 Exception,SWITCH,game,https://pan.quark.cn/s/8b3fa00cc73d,,,,
,遗产 忘却之门,SWITCH,game,https://pan.quark.cn/s/210cfc39ea9e,,,,
,勇闯宝石山,SWITCH,game,https://pan.quark.cn/s/9ccb2284305d,,,,
,阳春白雪+续阳春白雪2 结星谐调 Lyrica+Lyrica2  Stars align,SWITCH,game,https://pan.quark.cn/s/e0be2079dea8,,,,
,一次机会 世界机器版,SWITCH,game,https://pan.quark.cn/s/d69bcce5df27,,,,
,勇闯无尽遗迹,SWITCH,game,https://pan.quark.cn/s/4bc46d0840df,,,,
,原初之光,SWITCH,game,https://pan.quark.cn/s/b1f7253052cb,,,,
,伊甸创世纪,SWITCH,game,https://pan.quark.cn/s/5bc87cc7ad39,,,,
,移动方块拼图,SWITCH,game,https://pan.quark.cn/s/57ffa6c89558,,,,
,云端花园,SWITCH,game,https://pan.quark.cn/s/d8857c4634c9,,,,
,原点计划,SWITCH,game,https://pan.quark.cn/s/1cf9751aaeb7,,,,
,原点计划 血肉工匠 Bioweaver,SWITCH,game,https://pan.quark.cn/s/20c58cbe8e25,,,,
,伊多拉,SWITCH,game,https://pan.quark.cn/s/1ac98383f209,,,,
,云端掠影,SWITCH,game,https://pan.quark.cn/s/7cc024065a76,,,,
,一栋满是猫的楼,SWITCH,game,https://pan.quark.cn/s/55e615642257,,,,
,异度神剑2 [版本2.0.2],SWITCH,game,https://pan.quark.cn/s/075b7bb03a5d,,,,
,异度神剑3 [版本2.2.1],SWITCH,game,https://pan.quark.cn/s/d8e9f431365d,,,,
,异度神剑X：终极版 [版本1.0.2],SWITCH,game,https://pan.quark.cn/s/94b52d3aa7ac,,,,
,亚当沃尔夫,SWITCH,game,https://pan.quark.cn/s/8bd5c2278e58,,,,
,伊甸幸存者,SWITCH,game,https://pan.quark.cn/s/e86af75f9d4b,,,,
,运动与乐趣 游泳专区,SWITCH,game,https://pan.quark.cn/s/8ea27b0732c3,,,,
,伊甸之路,SWITCH,game,https://pan.quark.cn/s/ad8dc311ef49,,,,
,一袋子牛奶外面的一袋子牛奶,SWITCH,game,https://pan.quark.cn/s/b98d54ab2120,,,,
,异度之刃 决定版+异度之刃2+黄金国,SWITCH,game,https://pan.quark.cn/s/43f30cab2a88,,,,
,婴儿风暴,SWITCH,game,https://pan.quark.cn/s/f67cc5a315a9,,,,
,渔帆暗涌,SWITCH,game,https://pan.quark.cn/s/5a96be8810e3,,,,
,养蜂模拟器,SWITCH,game,https://pan.quark.cn/s/7a582e1eacbc,,,,
,英菲尼克斯,SWITCH,game,https://pan.quark.cn/s/ec7f12e99d51,,,,
,扬帆起航,SWITCH,game,https://pan.quark.cn/s/460fef7f67b5,,,,
,银斧：诚实的精灵,SWITCH,game,https://pan.quark.cn/s/b11b33c6ecdd,,,,
,夜光,SWITCH,game,https://pan.quark.cn/s/0b47ab79cc96,,,,
,永歌,SWITCH,game,https://pan.quark.cn/s/1aa0a9b60714,,,,
,勇敢的哈克,SWITCH,game,https://pan.quark.cn/s/776ad7886773,,,,
,因果动物园,SWITCH,game,https://pan.quark.cn/s/5fc3545c4787,,,,
,勇敢的心 世界大战+光之子合集,SWITCH,game,https://pan.quark.cn/s/2b85cc0b24e9,,,,
,勇敢的心：世界大战,SWITCH,game,https://pan.quark.cn/s/452fb6d76110,,,,
,勇敢的心：战后还乡,SWITCH,game,https://pan.quark.cn/s/07ab81aa094b,,,,
,幽港迷城,SWITCH,game,https://pan.quark.cn/s/4e3ca576fc84,,,,
,月光水岸,SWITCH,game,https://pan.quark.cn/s/6e8a2ded8a1c,,,,
,月光石岛 Moonstone Island,SWITCH,game,https://pan.quark.cn/s/04b6542e6d59,,,,
,勇敢兔兔探险队 LAPIN,SWITCH,game,https://pan.quark.cn/s/989c1b6cfd98,,,,
,妖怪汤屋 Spirittea,SWITCH,game,https://pan.quark.cn/s/d137954e8a13,,,,
,勇敢小骑士,SWITCH,game,https://pan.quark.cn/s/ed119a6929ee,,,,
,妖果小学,SWITCH,game,https://pan.quark.cn/s/327ec37bd950,,,,
,妖怪英雄,SWITCH,game,https://pan.quark.cn/s/d6c328aa55ea,,,,
,油管主播的生活2,SWITCH,game,https://pan.quark.cn/s/c102ba0c6379,,,,
,勇敢者的游戏：荒野冒险,SWITCH,game,https://pan.quark.cn/s/1f25486b74e4,,,,
,妖怪捉迷藏,SWITCH,game,https://pan.quark.cn/s/a48f7f217518,,,,
,摇滚之神,SWITCH,game,https://pan.quark.cn/s/69ff7b8f0900,,,,
,月痕,SWITCH,game,https://pan.quark.cn/s/43c58bd5fc84,,,,
,雨魂,SWITCH,game,https://pan.quark.cn/s/68768b08dbb4,,,,
,银花,SWITCH,game,https://pan.quark.cn/s/97e7a5c01ea4,,,,
,诱惑 僧人的命运,SWITCH,game,https://pan.quark.cn/s/dc84d9bb7f84,,,,
,永恒2,SWITCH,game,https://pan.quark.cn/s/65e2177881bb,,,,
,夜迴三,SWITCH,game,https://pan.quark.cn/s/d22a8f08e500,,,,
,银河传说：长发公主的故事,SWITCH,game,https://pan.quark.cn/s/4beb3e6bf092,,,,
,银河捣蛋鬼,SWITCH,game,https://pan.quark.cn/s/e4844ce46c5a,,,,
,永恒巅峰,SWITCH,game,https://pan.quark.cn/s/3435fbc1353c,,,,
,银河捍卫者,SWITCH,game,https://pan.quark.cn/s/b447b1144249,,,,
,硬核机甲,SWITCH,game,https://pan.quark.cn/s/20e52bf6c2dd,,,,
,银河狂热,SWITCH,game,https://pan.quark.cn/s/2f59e3eb3b5e,,,,
,樱花MM4,SWITCH,game,https://pan.quark.cn/s/44200ca32a4b,,,,
,樱花魅魔5,SWITCH,game,https://pan.quark.cn/s/34b98b6e3fbe,,,,
,樱花MMO3,SWITCH,game,https://pan.quark.cn/s/1b30d9c07e74,,,,
,樱花丘比特,SWITCH,game,https://pan.quark.cn/s/21ceb2f9d94b,,,,
,氧化室104号,SWITCH,game,https://pan.quark.cn/s/fcf01dbc6b73,,,,
,樱花玩家,SWITCH,game,https://pan.quark.cn/s/1d4d6b47840d,,,,
,永恒蔚蓝：流光 [版本1.0.0],SWITCH,game,https://pan.quark.cn/s/53768518ae8d,,,,
,烟火与献祭,SWITCH,game,https://pan.quark.cn/s/1160bf7e1747,,,,
,约会Z,SWITCH,game,https://pan.quark.cn/s/9a9e2f1b27eb,,,,
,永恒之花,SWITCH,game,https://pan.quark.cn/s/9820f393ddf3,,,,
,银河战士：生存恐惧 [版本2.1.0],SWITCH,game,https://pan.quark.cn/s/41a4c63a7d6b,,,,
,永恒之夜,SWITCH,game,https://pan.quark.cn/s/a0839f84dfd2,,,,
,永恒之柱,SWITCH,game,https://pan.quark.cn/s/7b8e5e4bbab3,,,,
,月姬,SWITCH,game,https://pan.quark.cn/s/32ceb2839752,,,,
,亚加,SWITCH,game,https://pan.quark.cn/s/1b5d46a6a32c,,,,
,永进,SWITCH,game,https://pan.quark.cn/s/8a093696a8df,,,,
,异界,SWITCH,game,https://pan.quark.cn/s/6b57c271e348,,,,
,遗迹避难所,SWITCH,game,https://pan.quark.cn/s/6807abbc30be,,,,
,拥挤城市,SWITCH,game,https://pan.quark.cn/s/d012556d1293,,,,
,遗迹传说HD：重制版,SWITCH,game,https://pan.quark.cn/s/75a7bb82e223,,,,
,妖精的尾巴2,SWITCH,game,https://pan.quark.cn/s/7777ed6946a0,,,,
,月姬格斗,SWITCH,game,https://pan.quark.cn/s/f15581c33c55,,,,
,药剂工艺：炼金术士模拟器,SWITCH,game,https://pan.quark.cn/s/0f7f5e4d1a45,,,,
,研究和摧毁,SWITCH,game,https://pan.quark.cn/s/1899893031eb,,,,
,御伽活剧豆狸巴克尔,SWITCH,game,https://pan.quark.cn/s/b59a9b04ad8b,,,,
,油尽航行,SWITCH,game,https://pan.quark.cn/s/a5d4f7a59ebf,,,,
,隐迹渐显,SWITCH,game,https://pan.quark.cn/s/3b6ce8d475a6,,,,
,羽袈流 Bakeru,SWITCH,game,https://pan.quark.cn/s/5978854af9b0,,,,
,遗迹猎人Zero,SWITCH,game,https://pan.quark.cn/s/bf2cec6cd215,,,,
,异教模拟器,SWITCH,game,https://pan.quark.cn/s/74b819b7641d,,,,
,妖精农场,SWITCH,game,https://pan.quark.cn/s/63c9e6296163,,,,
,余烬骑士 微光骑士 Ember Knights,SWITCH,game,https://pan.quark.cn/s/51500756cb38,,,,
,严峻赛车,SWITCH,game,https://pan.quark.cn/s/b292a2f2e9a9,,,,
,异界失控,SWITCH,game,https://pan.quark.cn/s/8837578cd364,,,,
,异界锁链,SWITCH,game,https://pan.quark.cn/s/7678eaba1693,,,,
,夜间突袭者 Operation Night Strikers,SWITCH,game,https://pan.quark.cn/s/5cd728e7f7ab,,,,
,以剑为生：策略,SWITCH,game,https://pan.quark.cn/s/b01672a469d3,,,,
,永久与神树的祈愿者 Towa and the Guardians of the Sacred Tree,SWITCH,game,https://pan.quark.cn/s/ea8003aa6f1b,,,,
,艺伎之梦,SWITCH,game,https://pan.quark.cn/s/e342e136d607,,,,
,遗迹：灰烬重生,SWITCH,game,https://pan.quark.cn/s/942d6a64560b,,,,
,影廊,SWITCH,game,https://pan.quark.cn/s/cd6c2ae51b53,,,,
,蔚蓝,SWITCH,game,https://pan.quark.cn/s/3760b6868c79,,,,
,影裂 野性打击 Shadow Rift Feral Strike,SWITCH,game,https://pan.quark.cn/s/878f55df8d60,,,,
,忆恋-Reverse Memories 中文,SWITCH,game,https://pan.quark.cn/s/3091a80ceac9,,,,
,幽灵诡计：重制版,SWITCH,game,https://pan.quark.cn/s/5659c9516434,,,,
,音乐故事,SWITCH,game,https://pan.quark.cn/s/07c49dca76e3,,,,
,幽灵霍迪,SWITCH,game,https://pan.quark.cn/s/326c7658d9bd,,,,
,一路疾驰,SWITCH,game,https://pan.quark.cn/s/71bf5e4ffdf9,,,,
,音乐竞速,SWITCH,game,https://pan.quark.cn/s/5e9c5a3fbf37,,,,
,幽灵僵尸屠宰场2,SWITCH,game,https://pan.quark.cn/s/7d7d6feacd3d,,,,
,幽铃兰,SWITCH,game,https://pan.quark.cn/s/1f239336b21d,,,,
,尤罗帕,SWITCH,game,https://pan.quark.cn/s/e9f932161402,,,,
,幽灵少年,SWITCH,game,https://pan.quark.cn/s/730fcfc126d0,,,,
,焰龙圣拳晓美,SWITCH,game,https://pan.quark.cn/s/d1c414119f07,,,,
,伊莉丝：深渊洄光,SWITCH,game,https://pan.quark.cn/s/d33138ae39a0,,,,
,原谅我 父亲,SWITCH,game,https://pan.quark.cn/s/e8c2ff588313,,,,
,野狼行动 回归：首个任务,SWITCH,game,https://pan.quark.cn/s/111c24c5e362,,,,
,幽灵行者,SWITCH,game,https://pan.quark.cn/s/bd394151e0d6,,,,
,韵律源点,SWITCH,game,https://pan.quark.cn/s/98053c9af263,,,,
,野良与皇女,SWITCH,game,https://pan.quark.cn/s/8581c34d63d3,,,,
,游乐园梦物语,SWITCH,game,https://pan.quark.cn/s/63b07aa7faec,,,,
,幽灵游行,SWITCH,game,https://pan.quark.cn/s/d99ce344c8cf,,,,
,伊罗英雄,SWITCH,game,https://pan.quark.cn/s/61ac38229204,,,,
,幽灵镇的少女,SWITCH,game,https://pan.quark.cn/s/4c020e783eb1,,,,
,幽灵之歌,SWITCH,game,https://pan.quark.cn/s/a784d7b0f4d0,,,,
,音律战神,SWITCH,game,https://pan.quark.cn/s/0910caf811a5,,,,
,一路：电梯,SWITCH,game,https://pan.quark.cn/s/4374c52585e7,,,,
,远离：未知之旅,SWITCH,game,https://pan.quark.cn/s/f91f9ec0003a,,,,
,幼苗谷,SWITCH,game,https://pan.quark.cn/s/ff8fcdaef90c,,,,
,与魔共舞：我的颂歌,SWITCH,game,https://pan.quark.cn/s/adf3fcde39e2,,,,
,夜幕降临前,SWITCH,game,https://pan.quark.cn/s/3ea7f19898f1,,,,
,异梦迷城,SWITCH,game,https://pan.quark.cn/s/398ef3ac00ad,,,,
,荧幕判官,SWITCH,game,https://pan.quark.cn/s/e6073a3120da,,,,
,勇攀高塔,SWITCH,game,https://pan.quark.cn/s/a230c98fe720,,,,
,银盘滑冰场物语 Skating Rink Story,SWITCH,game,https://pan.quark.cn/s/1572b69bbcec,,,,
,一起歌唱2022,SWITCH,game,https://pan.quark.cn/s/d3a91f280fd8,,,,
,一起健身吧,SWITCH,game,https://pan.quark.cn/s/7a62bf51c66b,,,,
,一起开火车,SWITCH,game,https://pan.quark.cn/s/a4be64b5ec49,,,,
,一起来玩吧！Oink Games,SWITCH,game,https://pan.quark.cn/s/1a760ca8b69d,,,,
,一起来造动物园,SWITCH,game,https://pan.quark.cn/s/d7304b91e961,,,,
,勇气默示录2 [版本1.0.0],SWITCH,game,https://pan.quark.cn/s/98f3b975665a,,,,
,野球拳,SWITCH,game,https://pan.quark.cn/s/0ab2fbab1a1e,,,,
,元气骑士,SWITCH,game,https://pan.quark.cn/s/552527fdf468,,,,
,夜勤人 Moonlighter,SWITCH,game,https://pan.quark.cn/s/a249ec0fad18,,,,
,一拳胜负,SWITCH,game,https://pan.quark.cn/s/e1ca60d507b0,,,,
,一起玩农场,SWITCH,game,https://pan.quark.cn/s/bfed0ce5cff1,,,,
,一起五子棋,SWITCH,game,https://pan.quark.cn/s/cab3cf9d47c5,,,,
,预期行为,SWITCH,game,https://pan.quark.cn/s/0c15a13acb8e,,,,
,一起做饭吧2,SWITCH,game,https://pan.quark.cn/s/ebee24ed16f5,,,,
,翌日,SWITCH,game,https://pan.quark.cn/s/30358a323089,,,,
,异人 Weirdo,SWITCH,game,https://pan.quark.cn/s/3566fb0b406f,,,,
,一人世界,SWITCH,game,https://pan.quark.cn/s/b98c8b88de2a,,,,
,翌日：忌夜的噬灵超市,SWITCH,game,https://pan.quark.cn/s/a3e991dbe416,,,,
,伊苏9：怪人之夜,SWITCH,game,https://pan.quark.cn/s/22886a18d246,,,,
,伊苏10：北境历险,SWITCH,game,https://pan.quark.cn/s/3e703c93693f,,,,
,酉闪町2 昆仑灵动,SWITCH,game,https://pan.quark.cn/s/5e088fd445a9,,,,
,异色代码：回忆录 [版本1.0.0],SWITCH,game,https://pan.quark.cn/s/83e68393cf10,,,,
,亚瑟公主,SWITCH,game,https://pan.quark.cn/s/4119cc5d8629,,,,
,伊苏回忆录：菲尔迦纳的誓约,SWITCH,game,https://pan.quark.cn/s/8da857e43b17,,,,
,雨世界 Rain World,SWITCH,game,https://pan.quark.cn/s/5b73758ae7bd,,,,
,元素结合 Sokobond,SWITCH,game,https://pan.quark.cn/s/419176029f54,,,,
,异世界酒馆六重奏3,SWITCH,game,https://pan.quark.cn/s/234d59716c05,,,,
,异世界麻将少女,SWITCH,game,https://pan.quark.cn/s/fb18ecff7461,,,,
,异世界娘と婚活中,SWITCH,game,https://pan.quark.cn/s/9a490da9819f,,,,
,异世界配信：谎言与真实,SWITCH,game,https://pan.quark.cn/s/87466cc2868d,,,,
,摇鼠灵,SWITCH,game,https://pan.quark.cn/s/0110248ef8a2,,,,
,亚森罗宾：昔日大盗,SWITCH,game,https://pan.quark.cn/s/64cf076eb319,,,,
,意识迷宫 克苏鲁卡牌,SWITCH,game,https://pan.quark.cn/s/148920366f0d,,,,
,一生推不如一生恋～loveordie～,SWITCH,game,https://pan.quark.cn/s/2c3d5198a412,,,,
,一闪武士,SWITCH,game,https://pan.quark.cn/s/2770c6c0d5ff,,,,
,伊始之地,SWITCH,game,https://pan.quark.cn/s/3936024d26d2,,,,
,元素战争2,SWITCH,game,https://pan.quark.cn/s/35cc69276712,,,,
,伊塔达基冲击,SWITCH,game,https://pan.quark.cn/s/888fcee50483,,,,
,亚托莉：难忘夏日,SWITCH,game,https://pan.quark.cn/s/7169e32f4d34,,,,
,伊藤润二 潜入+替身+异人,SWITCH,game,https://pan.quark.cn/s/55f74720ebc2,,,,
,羊驼想知道为什么,SWITCH,game,https://pan.quark.cn/s/3ad0f6357353,,,,
,羊驼足球：全明星,SWITCH,game,https://pan.quark.cn/s/69f9139beaee,,,,
,忆我,SWITCH,game,https://pan.quark.cn/s/11a1069792a9,,,,
,遗忘的记忆,SWITCH,game,https://pan.quark.cn/s/e5bf185233fb,,,,
,野外飞盘2,SWITCH,game,https://pan.quark.cn/s/558f4e7c8b69,,,,
,鸦卫奇旅,SWITCH,game,https://pan.quark.cn/s/ead7fbaa8bbb,,,,
,勇网直前,SWITCH,game,https://pan.quark.cn/s/4f1cc448331a,,,,
,遗忘之丘 幻灭,SWITCH,game,https://pan.quark.cn/s/5c6b43ae59a9,,,,
,英雄不再,SWITCH,game,https://pan.quark.cn/s/d7dc3a479460,,,,
,英雄不再2：垂死挣扎,SWITCH,game,https://pan.quark.cn/s/3d6b7c9c62ea,,,,
,英雄不再3,SWITCH,game,https://pan.quark.cn/s/23b8e4e22775,,,,
,英雄不再：特拉维斯的反击,SWITCH,game,https://pan.quark.cn/s/a5fcc5df1428,,,,
,英雄传说：创之轨迹,SWITCH,game,https://pan.quark.cn/s/432449dbd202,,,,
,英雄传说：黎之轨迹,SWITCH,game,https://pan.quark.cn/s/5ffb4e44893d,,,,
,英雄传说：黎之轨迹2绯红原罪,SWITCH,game,https://pan.quark.cn/s/06a051512177,,,,
,英雄传说：闪之轨迹1 改,SWITCH,game,https://pan.quark.cn/s/8782c16351f0,,,,
,英雄传说：黎之轨迹2绯红原罪,SWITCH,game,https://pan.quark.cn/s/81a07967f713,,,,
,英雄传说：闪之轨迹1 改,SWITCH,game,https://pan.quark.cn/s/fd594f25c17e,,,,
,浴血船长,SWITCH,game,https://pan.quark.cn/s/974548910f57,,,,
,游戏帝国大亨,SWITCH,game,https://pan.quark.cn/s/1b1f8ba944d2,,,,
,耀西的手工世界 [版本1.0.1],SWITCH,game,https://pan.quark.cn/s/a7dfa0eb9faf,,,,
,游戏机被妈妈藏起来了2,SWITCH,game,https://pan.quark.cn/s/042b26c1c939,,,,
,夜下降生,SWITCH,game,https://pan.quark.cn/s/3c1bc97fec50,,,,
,夜下降生2 Sys Celes,SWITCH,game,https://pan.quark.cn/s/af6feecbaf59,,,,
,浴血街头,SWITCH,game,https://pan.quark.cn/s/95ed18e76730,,,,
,异星描绘者,SWITCH,game,https://pan.quark.cn/s/23ecf65845ce,,,,
,夜行神龙 复刻版,SWITCH,game,https://pan.quark.cn/s/315581ae1683,,,,
,异星探险家,SWITCH,game,https://pan.quark.cn/s/9a71450dbe47,,,,
,游戏王 大师对决,SWITCH,game,https://pan.quark.cn/s/4ec65f7b7953,,,,
,远星物语,SWITCH,game,https://pan.quark.cn/s/4d90956e766a,,,,
,游戏王：初期收藏辑,SWITCH,game,https://pan.quark.cn/s/76c8f9ad6a42,,,,
,异形战机Delta 高清增强版 R-Type Delta HD Boosted,SWITCH,game,https://pan.quark.cn/s/c93bb9d46867,,,,
,异形战机：最终2,SWITCH,game,https://pan.quark.cn/s/98204141c903,,,,
,异形战争2 混战,SWITCH,game,https://pan.quark.cn/s/dd957f3f95b4,,,,
,异形：隔离,SWITCH,game,https://pan.quark.cn/s/bf3ca7748c5b,,,,
,羊羊的小冒险 Sheepy A Short Adventure,SWITCH,game,https://pan.quark.cn/s/232bba1c1c88,,,,
,鸭鸭的宅急送,SWITCH,game,https://pan.quark.cn/s/d8b2b1ad6578,,,,
,有氧拳击2 [版本1.2.0],SWITCH,game,https://pan.quark.cn/s/7ddecfc24537,,,,
,预言奇谭,SWITCH,game,https://pan.quark.cn/s/62c4510b26fd,,,,
,越野赛车,SWITCH,game,https://pan.quark.cn/s/300f01ccafbe,,,,
,英勇无厌,SWITCH,game,https://pan.quark.cn/s/5f9ab778ac1c,,,,
,盐与献祭,SWITCH,game,https://pan.quark.cn/s/72d6d2b9aba3,,,,
,越野英雄4,SWITCH,game,https://pan.quark.cn/s/5d5883614b83,,,,
,寓言之地,SWITCH,game,https://pan.quark.cn/s/80b2cf534de9,,,,
,异域镇魂曲+冰风谷,SWITCH,game,https://pan.quark.cn/s/2f105f39ce30,,,,
,月影之塔,SWITCH,game,https://pan.quark.cn/s/7949b735eb3f,,,,
,鸭鸭侦探两部合集,SWITCH,game,https://pan.quark.cn/s/8ef9da43146e,,,,
,幽影之线,SWITCH,game,https://pan.quark.cn/s/1a309ef1739b,,,,
,摇曳庄有位幽奈小姐：温泉迷宫,SWITCH,game,https://pan.quark.cn/s/beeb4afcd685,,,,
,永夜：雪落,SWITCH,game,https://pan.quark.cn/s/c38281ccf91a,,,,
,远征 泥泞奔驰游戏 Expeditions A MudRunner Game,SWITCH,game,https://pan.quark.cn/s/27df0661b359,,,,
,勇者斗恶龙1＆2 HD-2D 重制版,SWITCH,game,https://pan.quark.cn/s/41960a343093,,,,
,勇者斗恶龙3：HD-2D重制版,SWITCH,game,https://pan.quark.cn/s/e4b332523156,,,,
,勇者斗恶龙11s：追忆逝去之时 [版本1.0.4],SWITCH,game,https://pan.quark.cn/s/9544bd4e8ade,,,,
,勇者斗恶龙X：觉醒的五种族,SWITCH,game,https://pan.quark.cn/s/490b51c2673c,,,,
,勇者斗恶龙：创世小玩家2 [版本1.7.3d],SWITCH,game,https://pan.quark.cn/s/f2260f159f3e,,,,
,勇者斗恶龙：怪物仙境3 魔族王子与艾尔芙的旅程,SWITCH,game,https://pan.quark.cn/s/885fb37f5cb9,,,,
,勇者斗恶龙：寻宝探险团蓝色眼眸与天空罗盘,SWITCH,game,https://pan.quark.cn/s/84ece0077210,,,,
,影中的你,SWITCH,game,https://pan.quark.cn/s/0eccdabc0d75,,,,
,勇者斗幺蛾,SWITCH,game,https://pan.quark.cn/s/9d61b7c48cd9,,,,
,异种弹珠台 敌对弹球行动 XENOTILT HOSTILE PINBALL ACTION,SWITCH,game,https://pan.quark.cn/s/0d3e7c7bb620,,,,
,勇者赶时间：巨龙幻象,SWITCH,game,https://pan.quark.cn/s/6c40eba923d0,,,,
,宇宙汉堡王,SWITCH,game,https://pan.quark.cn/s/e52333118955,,,,
,影之回廊2：雨之四葩,SWITCH,game,https://pan.quark.cn/s/7001cb1e6867,,,,
,雨中冒险2,SWITCH,game,https://pan.quark.cn/s/b6e250ec7215,,,,
,雨中冒险：回归,SWITCH,game,https://pan.quark.cn/s/7a5118f1d566,,,,
,益智泡泡龙：一起泡泡战,SWITCH,game,https://pan.quark.cn/s/aca2a6dcfc7e,,,,
,鸭嘴兽战机 重塑版 粘土战机 重塑版 Platypus Reclayed,SWITCH,game,https://pan.quark.cn/s/e7d78296ae27,,,,
,影之诗：冠军之战,SWITCH,game,https://pan.quark.cn/s/7a4123f20fa9,,,,
,月之舞,SWITCH,game,https://pan.quark.cn/s/58adda8fa850,,,,
,宇宙之光,SWITCH,game,https://pan.quark.cn/s/57a7e72c3cdd,,,,
,原子庄稼,SWITCH,game,https://pan.quark.cn/s/db2c3aab4140,,,,
,勇者战机少女,SWITCH,game,https://pan.quark.cn/s/d7150d9d59c4,,,,
,宇宙之轮姐妹会,SWITCH,game,https://pan.quark.cn/s/908f17886a72,,,,
,隐藏在我的天堂,SWITCH,game,https://pan.quark.cn/s/0e2a773a704c,,,,
,冤罪执行游戏,SWITCH,game,https://pan.quark.cn/s/2d5c1bb386a2,,,,
,Z 逃生,SWITCH,game,https://pan.quark.cn/s/83eb72a745da,,,,
,至暗死境,SWITCH,game,https://pan.quark.cn/s/e3d4f33e016e,,,,
,至暗童话,SWITCH,game,https://pan.quark.cn/s/6005df23c17c,,,,
,尊巴 足球弹珠联赛,SWITCH,game,https://pan.quark.cn/s/65b234613557,,,,
,直播工厂,SWITCH,game,https://pan.quark.cn/s/c588b18175f1,,,,
,珍宝机场物语,SWITCH,game,https://pan.quark.cn/s/17e2e1dae229,,,,
,找不同,SWITCH,game,https://pan.quark.cn/s/3d1fb6fa2042,,,,
,战锤40K 枪声鲜血和铁拳,SWITCH,game,https://pan.quark.cn/s/8adc2d9b3726,,,,
,战锤40K：爆失枪,SWITCH,game,https://pan.quark.cn/s/a4fd899198e7,,,,
,战锤40K 枪声鲜血和铁拳,SWITCH,game,https://pan.quark.cn/s/df089d77427d,,,,
,战锤40K：爆失枪,SWITCH,game,https://pan.quark.cn/s/ed7f9b4d4290,,,,
,战锤40K：机械神,SWITCH,game,https://pan.quark.cn/s/8df609be9c4c,,,,
,战锤40K：太空狼,SWITCH,game,https://pan.quark.cn/s/a53c6161ed22,,,,
,展翅翱翔,SWITCH,game,https://pan.quark.cn/s/f9c01e952cd4,,,,
,战场的赋格曲3 Fuga Melodies of Steel 3,SWITCH,game,https://pan.quark.cn/s/a45238833ba6,,,,
,撞车嘉年华,SWITCH,game,https://pan.quark.cn/s/141a39326ec8,,,,
,中场英雄,SWITCH,game,https://pan.quark.cn/s/21b2ab5c3401,,,,
,战锤：西格玛时代风暴之地,SWITCH,game,https://pan.quark.cn/s/0bf8f79b3d30,,,,
,直到 我 变成 我 成为她,SWITCH,game,https://pan.quark.cn/s/e79d7579d999,,,,
,终端-永恒灭绝 Endling - Extinction is Forever,SWITCH,game,https://pan.quark.cn/s/f87d579274c5,,,,
,子弹决斗 进化,SWITCH,game,https://pan.quark.cn/s/454cf0b940de,,,,
,自动机器大厨,SWITCH,game,https://pan.quark.cn/s/ea3067557b54,,,,
,直到尽头,SWITCH,game,https://pan.quark.cn/s/0d0044994c15,,,,
,终点咖啡馆,SWITCH,game,https://pan.quark.cn/s/417256aa67cf,,,,
,战斗狂怒,SWITCH,game,https://pan.quark.cn/s/2b4f0b424f01,,,,
,炸弹喵,SWITCH,game,https://pan.quark.cn/s/30210002937e,,,,
,直到那时 Until Then,SWITCH,game,https://pan.quark.cn/s/7a2693208f70,,,,
,战斗区域 COMBAT ZONE,SWITCH,game,https://pan.quark.cn/s/19e56cf30665,,,,
,炸掉它,SWITCH,game,https://pan.quark.cn/s/a0a06662fbb4,,,,
,在地下城寻求邂逅是否搞错了什么：水与光的富兰德,SWITCH,game,https://pan.quark.cn/s/057fcf23069d,,,,
,炸弹袭击赛博朋克,SWITCH,game,https://pan.quark.cn/s/7d1ead784dc9,,,,
,佐迪亚克斯之子,SWITCH,game,https://pan.quark.cn/s/3dd283de87e2,,,,
,战斗之魂：交错,SWITCH,game,https://pan.quark.cn/s/f36cb8d94597,,,,
,战斗之魂：连结斗士,SWITCH,game,https://pan.quark.cn/s/9a79697004a6,,,,
,咒尔夫,SWITCH,game,https://pan.quark.cn/s/6514e2cf5c0f,,,,
,罪恶王权,SWITCH,game,https://pan.quark.cn/s/d39d98127c13,,,,
,罪恶装备XXAC加强版,SWITCH,game,https://pan.quark.cn/s/a6f79afaa25d,,,,
,罪恶装备：奋战,SWITCH,game,https://pan.quark.cn/s/ce3914c31ae8,,,,
,重返猴岛,SWITCH,game,https://pan.quark.cn/s/973a3405044e,,,,
,重返蓝鲸岛,SWITCH,game,https://pan.quark.cn/s/4a70294b9a6e,,,,
,斩服少女：异布,SWITCH,game,https://pan.quark.cn/s/6c35146666af,,,,
,重返深渊,SWITCH,game,https://pan.quark.cn/s/18ba0aedc770,,,,
,征服之歌,SWITCH,game,https://pan.quark.cn/s/ac3b1a66d7e4,,,,
,整蛊白云,SWITCH,game,https://pan.quark.cn/s/fcba7dba5bf2,,,,
,纸鬼故事,SWITCH,game,https://pan.quark.cn/s/2a4557eeb212,,,,
,中国式家长,SWITCH,game,https://pan.quark.cn/s/9144f4feb174,,,,
,战国无双4 DX,SWITCH,game,https://pan.quark.cn/s/dc096b3f0763,,,,
,战国无双5,SWITCH,game,https://pan.quark.cn/s/445562aa576e,,,,
,整蛊鸦,SWITCH,game,https://pan.quark.cn/s/5bc2105c24d8,,,,
,这个座位有人吗 Is This Seat Taken,SWITCH,game,https://pan.quark.cn/s/b1998aee28d9,,,,
,战海,SWITCH,game,https://pan.quark.cn/s/323954caef52,,,,
,最后的魔方,SWITCH,game,https://pan.quark.cn/s/18669c0a5c6d,,,,
,最后的迷宫 丧失清醒,SWITCH,game,https://pan.quark.cn/s/022ccb417bb5,,,,
,最后的神迹,SWITCH,game,https://pan.quark.cn/s/5a9cc536f2d6,,,,
,最后的信念,SWITCH,game,https://pan.quark.cn/s/6a5ea2616b19,,,,
,最后的咒语,SWITCH,game,https://pan.quark.cn/s/471566b53186,,,,
,长号冠军 Trombone Champ,SWITCH,game,https://pan.quark.cn/s/a748664f055a,,,,
,战壕惊魂,SWITCH,game,https://pan.quark.cn/s/7d22899c5dcb,,,,
,煮糊了2,SWITCH,game,https://pan.quark.cn/s/5c69be7586ee,,,,
,战后生存,SWITCH,game,https://pan.quark.cn/s/5511d6d05c48,,,,
,指环王：夏尔传说,SWITCH,game,https://pan.quark.cn/s/a48ca811c745,,,,
,最后一次与你邂逅,SWITCH,game,https://pan.quark.cn/s/b76fffde7edf,,,,
,最后一个工人,SWITCH,game,https://pan.quark.cn/s/3dad52835509,,,,
,最后一击,SWITCH,game,https://pan.quark.cn/s/fc40f251b9cf,,,,
,最后一口气,SWITCH,game,https://pan.quark.cn/s/72014011d4c5,,,,
,战火英雄 Strike Force Heroes,SWITCH,game,https://pan.quark.cn/s/ea90cc241ea9,,,,
,最后一战加强版,SWITCH,game,https://pan.quark.cn/s/c40e1f3aa941,,,,
,智慧之海,SWITCH,game,https://pan.quark.cn/s/20d4be643e80,,,,
,憎恨之心 亡者归来,SWITCH,game,https://pan.quark.cn/s/f65d0f388ba2,,,,
,镇静,SWITCH,game,https://pan.quark.cn/s/4f325a2ffd63,,,,
,在家扮工,SWITCH,game,https://pan.quark.cn/s/ea5b9c049e4c,,,,
,终结的百合花 骑士们的救赎,SWITCH,game,https://pan.quark.cn/s/5d847d4e6e1b,,,,
,战匠杜沃 Dwerve,SWITCH,game,https://pan.quark.cn/s/595389598faf,,,,
,拯救光界 Illuminaria,SWITCH,game,https://pan.quark.cn/s/ccb9bd947bbb,,,,
,终极幻神,SWITCH,game,https://pan.quark.cn/s/c7edfafb76e8,,,,
,终极拉扯,SWITCH,game,https://pan.quark.cn/s/396ef72f4bd4,,,,
,纸间谜迹,SWITCH,game,https://pan.quark.cn/s/941a766373fc,,,,
,装机模拟器PC,SWITCH,game,https://pan.quark.cn/s/43c4ebfad56d,,,,
,拯救美少女：绅士版,SWITCH,game,https://pan.quark.cn/s/b5b79ef788ec,,,,
,终极漂移,SWITCH,game,https://pan.quark.cn/s/708e6a477c10,,,,
,终极赛车2D 2,SWITCH,game,https://pan.quark.cn/s/1755d9442ca7,,,,
,终极时代,SWITCH,game,https://pan.quark.cn/s/b5251dd4b271,,,,
,终结者2D Terminator 2D NO FATE中文,SWITCH,game,https://pan.quark.cn/s/c060bb3216cc,,,,
,最恐 青鬼,SWITCH,game,https://pan.quark.cn/s/cc91263c917b,,,,
,真空少女,SWITCH,game,https://pan.quark.cn/s/4217610dfe78,,,,
,战律,SWITCH,game,https://pan.quark.cn/s/5a689005a810,,,,
,驻留,SWITCH,game,https://pan.quark.cn/s/c44de5ec016c,,,,
,蛛龙,SWITCH,game,https://pan.quark.cn/s/b25eb3649525,,,,
,战律2,SWITCH,game,https://pan.quark.cn/s/58632ac9e50b,,,,
,重力回路,SWITCH,game,https://pan.quark.cn/s/80e2e16e5bd4,,,,
,这里没有英雄,SWITCH,game,https://pan.quark.cn/s/af9cd9f4ea6a,,,,
,重力奇数,SWITCH,game,https://pan.quark.cn/s/7741db2f23e1,,,,
,炸裂树莓浆,SWITCH,game,https://pan.quark.cn/s/21e7956499ab,,,,
,再来一个岛,SWITCH,game,https://pan.quark.cn/s/a32e42b1d67f,,,,
,重力战机：充能版,SWITCH,game,https://pan.quark.cn/s/1385437441e6,,,,
,祖玛 大理石海的宝藏,SWITCH,game,https://pan.quark.cn/s/520f82ff2249,,,,
,殖民地保卫战,SWITCH,game,https://pan.quark.cn/s/c5b362313547,,,,
,祖玛皇家弹球射手狂热,SWITCH,game,https://pan.quark.cn/s/5d8771a8b218,,,,
,致命联盟：烈焰,SWITCH,game,https://pan.quark.cn/s/cdd9214018ec,,,,
,致命频率,SWITCH,game,https://pan.quark.cn/s/75704ce37443,,,,
,致命躯壳：完整版,SWITCH,game,https://pan.quark.cn/s/c10fc7583973,,,,
,纸梦奇谭：重新展开,SWITCH,game,https://pan.quark.cn/s/418b66d4f9c3,,,,
,致命区域,SWITCH,game,https://pan.quark.cn/s/f864d76fdd98,,,,
,筑梦颂,SWITCH,game,https://pan.quark.cn/s/c908954c9d0b,,,,
,长矛战士,SWITCH,game,https://pan.quark.cn/s/e354a17140e3,,,,
,珍妮的线索：小侦探,SWITCH,game,https://pan.quark.cn/s/6ef9a5c78db6,,,,
,祝你好死,SWITCH,game,https://pan.quark.cn/s/09fc20de790f,,,,
,灾难乐队,SWITCH,game,https://pan.quark.cn/s/1b5056add6ec,,,,
,真女神转生5,SWITCH,game,https://pan.quark.cn/s/38bf69c9e219,,,,
,真女神转生5：复仇,SWITCH,game,https://pan.quark.cn/s/720c083e5b0b,,,,
,灾难侦探,SWITCH,game,https://pan.quark.cn/s/77527169211f,,,,
,帐篷和树,SWITCH,game,https://pan.quark.cn/s/50f032edc487,,,,
,纸片马里奥：千年之门 [版本1.0.1],SWITCH,game,https://pan.quark.cn/s/3a4cd300b961,,,,
,纸片马里奥：折纸王国 [版本1.0.1],SWITCH,game,https://pan.quark.cn/s/683306b416d5,,,,
,装配我的动物园,SWITCH,game,https://pan.quark.cn/s/9cd7a61c58fd,,,,
,醉拳 2：僵尸宿醉,SWITCH,game,https://pan.quark.cn/s/ba151d038379,,,,
,足球传奇2025 Football Legends 2025,SWITCH,game,https://pan.quark.cn/s/666a60e7d838,,,,
,足球经理2023,SWITCH,game,https://pan.quark.cn/s/0eaeca5723d2,,,,
,足球经理2024,SWITCH,game,https://pan.quark.cn/s/fa019987a7f0,,,,
,蒸汽监狱FD,SWITCH,game,https://pan.quark.cn/s/57b13a431540,,,,
,足球联赛杯,SWITCH,game,https://pan.quark.cn/s/0bb485b52b2c,,,,
,蒸汽世界大劫掠 终极版 SteamWorld Heist Ultimate Edition,SWITCH,game,https://pan.quark.cn/s/aa2e23a6008f,,,,
,蒸汽世界挖掘2,SWITCH,game,https://pan.quark.cn/s/9c5ec7c551dd,,,,
,蒸汽世界：建设,SWITCH,game,https://pan.quark.cn/s/506e467000cf,,,,
,足球小将,SWITCH,game,https://pan.quark.cn/s/226a7344cad3,,,,
,自然,SWITCH,game,https://pan.quark.cn/s/fea69e98810a,,,,
,至日编年史,SWITCH,game,https://pan.quark.cn/s/1f5cf25258b0,,,,
,真润滑武士,SWITCH,game,https://pan.quark.cn/s/a7e2878c2a22,,,,
,真人快打 传承合集  Mortal Kombat Legacy Kollection,SWITCH,game,https://pan.quark.cn/s/fa80aba0db76,,,,
,真人快打11,SWITCH,game,https://pan.quark.cn/s/53f9b65678f6,,,,
,真人快打 传承合集  Mortal Kombat Legacy Kollection,SWITCH,game,https://pan.quark.cn/s/2f826c7f62fd,,,,
,真人快打11,SWITCH,game,https://pan.quark.cn/s/6aa169713d1d,,,,
,昨日难留,SWITCH,game,https://pan.quark.cn/s/63e7dc52d8b0,,,,
,昨日之日,SWITCH,game,https://pan.quark.cn/s/78efa510af44,,,,
,纸人：邮递冒险,SWITCH,game,https://pan.quark.cn/s/2c1fbf8eb775,,,,
,着色,SWITCH,game,https://pan.quark.cn/s/f128900388f9,,,,
,转生成为了只有乙女游戏破灭FLAG的邪恶大小姐,SWITCH,game,https://pan.quark.cn/s/17693c6a8de6,,,,
,真三国无双8：帝国,SWITCH,game,https://pan.quark.cn/s/dfe9aee12ff3,,,,
,诸神灰烬 抉择,SWITCH,game,https://pan.quark.cn/s/3708b2aecf54,,,,
,诸神灰烬：救赎,SWITCH,game,https://pan.quark.cn/s/312a8b3a95db,,,,
,咒术回战：双华乱舞,SWITCH,game,https://pan.quark.cn/s/2a97a3c5541e,,,,
,这是警察,SWITCH,game,https://pan.quark.cn/s/2db48f2ba4f7,,,,
,真实农场,SWITCH,game,https://pan.quark.cn/s/d9346b517950,,,,
,知识守护者,SWITCH,game,https://pan.quark.cn/s/c92621c49018,,,,
,装饰我的猫,SWITCH,game,https://pan.quark.cn/s/ccb104112d1e,,,,
,再死一次,SWITCH,game,https://pan.quark.cn/s/d7e3a7bb5059,,,,
,再刷一层2,SWITCH,game,https://pan.quark.cn/s/3fc438be7ad2,,,,
,诸神战纪 Gods Wars Infinity Epic,SWITCH,game,https://pan.quark.cn/s/c0b209b5d955,,,,
,侦探 雨夜 DETECTIVE - Rainy Night,SWITCH,game,https://pan.quark.cn/s/13baed2f526f,,,,
,侦探多特森 Detective Dotson,SWITCH,game,https://pan.quark.cn/s/06c69b8c2990,,,,
,枕头大战,SWITCH,game,https://pan.quark.cn/s/35e825da4001,,,,
,终天教团 Shuten Order,SWITCH,game,https://pan.quark.cn/s/a232d920c74e,,,,
,种田骑士冒险记,SWITCH,game,https://pan.quark.cn/s/701fc6bd0756,,,,
,粘贴人生,SWITCH,game,https://pan.quark.cn/s/96ecce440318,,,,
,猪头三大冒险,SWITCH,game,https://pan.quark.cn/s/27f9acfc655a,,,,
,挣脱：13号站点,SWITCH,game,https://pan.quark.cn/s/a949a27201b3,,,,
,长尾豹马修大冒险,SWITCH,game,https://pan.quark.cn/s/078ec18ef5f3,,,,
,植物大战僵尸 和睦小镇保卫战 Plants vs Zombies Battle for Neighborville,SWITCH,game,https://pan.quark.cn/s/a19169be8c6b,,,,
,植物大战僵尸重植版 Plants vs. Zombies Replanted,SWITCH,game,https://pan.quark.cn/s/076ae7f64169,,,,
,自我迷失,SWITCH,game,https://pan.quark.cn/s/7fab0ec0ffca,,,,
,植物学庄园,SWITCH,game,https://pan.quark.cn/s/193316b02ee9,,,,
,智械危机 战术真空行动,SWITCH,game,https://pan.quark.cn/s/45d7d43afaf3,,,,
,祖先遗产,SWITCH,game,https://pan.quark.cn/s/0c3abec041ef,,,,
,最小移动,SWITCH,game,https://pan.quark.cn/s/f8410580bf54,,,,
,杂项：微型奇遇,SWITCH,game,https://pan.quark.cn/s/5e188d02f2bd,,,,
,斩妖,SWITCH,game,https://pan.quark.cn/s/0d85d9c07d41,,,,
,朱音,SWITCH,game,https://pan.quark.cn/s/d92dca4f3edd,,,,
,自由的手指,SWITCH,game,https://pan.quark.cn/s/eb083d03bd5f,,,,
,终远的维尔士 错误 救赎,SWITCH,game,https://pan.quark.cn/s/ca37e209fade,,,,
,终远的维尔休 EpiC lycoris,SWITCH,game,https://pan.quark.cn/s/bfeb03418451,,,,
,职业方程式赛车2026 Formula Racing Pro 2026,SWITCH,game,https://pan.quark.cn/s/363a338459b9,,,,
,追忆列车,SWITCH,game,https://pan.quark.cn/s/239bf9208e84,,,,
,纸艺历险,SWITCH,game,https://pan.quark.cn/s/2ec3062ac949,,,,
,赠予神家与谎言 The Days Without Gods,SWITCH,game,https://pan.quark.cn/s/2e00cf992728,,,,
,专业体操运动员模拟器,SWITCH,game,https://pan.quark.cn/s/0039f59c9b70,,,,
,真夜中,SWITCH,game,https://pan.quark.cn/s/f1138a6991de,,,,
,终焉之玛格诺利亚：雾中绽放,SWITCH,game,https://pan.quark.cn/s/ffc1b990dd10,,,,
,自由战争：重制版,SWITCH,game,https://pan.quark.cn/s/5668875ab5e3,,,,
,最终4存活 爆发,SWITCH,game,https://pan.quark.cn/s/7e0c32107723,,,,
,藏在巴厘岛的猫,SWITCH,game,https://pan.quark.cn/s/6319e6fcd504,,,,
,在这苍穹展翅,SWITCH,game,https://pan.quark.cn/s/44c56809a858,,,,
,在这苍穹展翅1,SWITCH,game,https://pan.quark.cn/s/fd6dbe985616,,,,
,战争传说,SWITCH,game,https://pan.quark.cn/s/576c70da244f,,,,
,珠珠宠物,SWITCH,game,https://pan.quark.cn/s/d7be206bb923,,,,
,只只大冒险,SWITCH,game,https://pan.quark.cn/s/e4ab0995f117,,,,
,只只大冒险2,SWITCH,game,https://pan.quark.cn/s/d9dc76bffa69,,,,
,追踪地平线,SWITCH,game,https://pan.quark.cn/s/4ac0763be1c9,,,,
,追踪地平线2,SWITCH,game,https://pan.quark.cn/s/ce7ce65a7d6e,,,,
,直至覆没,SWITCH,game,https://pan.quark.cn/s/386d5b9db9bc,,,,
,最终幻想1-6捆绑包,SWITCH,game,https://pan.quark.cn/s/fbd82f1a3aac,,,,
,最终幻想7：核心危机重聚,SWITCH,game,https://pan.quark.cn/s/e3179ad3103b,,,,
,最终幻想8 RE高清版,SWITCH,game,https://pan.quark.cn/s/ccbf0e24f09f,,,,
,最终幻想9,SWITCH,game,https://pan.quark.cn/s/6469905d954d,,,,
,最终幻想战略版 伊瓦利斯编年史 FINAL FANTASY TACTICS - The Ivalice Chronicles,SWITCH,game,https://pan.quark.cn/s/eb387c3dd432,,,,
,最终幻想：节奏剧场,SWITCH,game,https://pan.quark.cn/s/d0c68e85b055,,,,
,重装机兵 雷诺斯,SWITCH,game,https://pan.quark.cn/s/42b9253d9cb9,,,,
,重装机犬,SWITCH,game,https://pan.quark.cn/s/eff45fe4dd03,,,,
,至尊机械,SWITCH,game,https://pan.quark.cn/s/6a0a04956003,,,,
,最终旅途 加强版,SWITCH,game,https://pan.quark.cn/s/f669e7887884,,,,
,爪爪命运,SWITCH,game,https://pan.quark.cn/s/ad00b6aa364f,,,,
,战争派对,SWITCH,game,https://pan.quark.cn/s/85a97660444c,,,,
,粘粘世界2,SWITCH,game,https://pan.quark.cn/s/eb9e127a65a0,,,,
,最终之剑 决定版,SWITCH,game,https://pan.quark.cn/s/2e3f6d83049e,,,,
,【简体中文】优米雅的炼金工房 ～追忆之炼金术士与幻创之地～,SWITCH,game,https://pan.quark.cn/s/5c2ebf88d119,,,,
,【先保存存到你的网盘】[爱心小熊 解锁魔法].Care Bears Unlock The Magic,SWITCH,game,https://pan.quark.cn/s/19a06f8bc957,,,,
,【先保存存到你的网盘】[地下探险公会终极版].Guild of Dungeoneering Ultimate Edition,SWITCH,game,https://pan.quark.cn/s/75f52fe9117f,,,,
,【先保存存到你的网盘】[恶魔征伐].Demon Throttle,SWITCH,game,https://pan.quark.cn/s/53094896668f,,,,
,【先保存存到你的网盘】[分裂].Split,SWITCH,game,https://pan.quark.cn/s/dc98ae63494e,,,,
,【先保存存到你的网盘】[欢迎光临 狐莉小姐].おいでませ、こくりさん - Welcome Kokuri-san -,SWITCH,game,https://pan.quark.cn/s/af50a8aecf0a,,,,
,【先保存存到你的网盘】[史莱姆的大野望].Great Ambition of the SLIMES,SWITCH,game,https://pan.quark.cn/s/7e5cea049496,,,,
,【先保存存到你的网盘】[斯摩西回家].Smushi Come Home,SWITCH,game,https://pan.quark.cn/s/00dfb38e1626,,,,
,【先保存存到你的网盘】[水泽仙女].NAIAD,SWITCH,game,https://pan.quark.cn/s/3eee18a44fc2,,,,
,【先保存存到你的网盘】[外星幸存者 重生星舰].Alien Survivors To Starship Resurrection,SWITCH,game,https://pan.quark.cn/s/e6856d99c0a8,,,,
,【先保存到你的网盘】[超越冰宫2].Beyond the Ice Palace 2,SWITCH,game,https://pan.quark.cn/s/953295fe4379,,,,
,【先保存到你的网盘】[顶级跑马牧场].Pocket Stables,SWITCH,game,https://pan.quark.cn/s/533040c76858,,,,
,【先保存到你的网盘】[轨道：玩具盒版].Tracks - Toybox Edition,SWITCH,game,https://pan.quark.cn/s/6838f5daf429,,,,
,【先保存到你的网盘】[过去悲痛的洞穴].Cave of Past Sorrows,SWITCH,game,https://pan.quark.cn/s/2eb2f7cf1962,,,,
,【先保存到你的网盘】[花园模拟器 繁花似梦].Garden Simulator,SWITCH,game,https://pan.quark.cn/s/d60a0e0b745a,,,,
,【先保存到你的网盘】[龙背上的农家].DRAGO NOKA,SWITCH,game,https://pan.quark.cn/s/cd4108dc44bb,,,,
,【先保存到你的网盘】[篮球俱乐部物语].Basketball Club Story,SWITCH,game,https://pan.quark.cn/s/4b41741d1db2,,,,
,【先保存到你的网盘】[ONE～辉之季节～].ONE.(switch618.com)(switch618.com),SWITCH,game,https://pan.quark.cn/s/883cf6445813,,,,
,【先保存到你的网盘】[VISCO精选合集].VISCO Collection,SWITCH,game,https://pan.quark.cn/s/ce3eb154405e,,,,
,【先保存到你的网盘】[箱庭铁道物语].Station Manager,SWITCH,game,https://pan.quark.cn/s/640201c489fd,,,,
,【先保存到你的网盘】[锡之心].Tin Hearts,SWITCH,game,https://pan.quark.cn/s/4eaffb5d2ca9,,,,
,【先保存到你的网盘】[野生哥池 虚拟宠物].Wildagotchi Virtual Pet,SWITCH,game,https://pan.quark.cn/s/21a73e3af2eb,,,,
,【先保存到你的网盘】[再见世界].GOODBYE WORLD,SWITCH,game,https://pan.quark.cn/s/615006c9cf28,,,,
,【先保存到你的网盘】B.ARK,SWITCH,game,https://pan.quark.cn/s/c9b25c16aab6,,,,
,【先保存到你的网盘】Dragon Fury,SWITCH,game,https://pan.quark.cn/s/fb6fcc6b1965,,,,
,【先保存到你的网盘】Freshly Frosted,SWITCH,game,https://pan.quark.cn/s/8e613d3a5dd5,,,,
,【先保存到你的网盘】G-MODEアーカイブス+ 9,SWITCH,game,https://pan.quark.cn/s/7c074fb3b9d0,,,,
,【先保存到你的网盘】Seashell,SWITCH,game,https://pan.quark.cn/s/5324e8c81177,,,,
,【先保存到你的网盘】VirtuaVerse,SWITCH,game,https://pan.quark.cn/s/aa7b0cabf7a3,,,,
,【先保存到你的网盘】XUEW1,SWITCH,game,https://pan.quark.cn/s/b0b48baca562,,,,
,狐姬零,ios,Galgame,https://yun.139.com/shareweb/#/w/i/2tyapBd6kC571,0vpc,,,
,巧克甜恋 3,ios,Galgane,https://yun.139.com/shareweb/#/w/i/2tyapycSZHR5k,6uva,,,
,不存在的你和我 ,ios,Galgame,https://yun.139.com/shareweb/#/w/i/2tyapLdMdh5q1,4jqf,,,
,Kirikiroid2模拟器,ios,运行部分 Galgame 的模拟器,https://yun.139.com/shareweb/#/w/i/2tyapYeFsiCoj,lrd1,,,
,宿星的女朋友 1,ios,Galgame,https://yun.139.com/shareweb/#/w/i/2tQE9wuojhMz1,"f155
",,,
,宿星的女朋友 2,ios,Galgame,https://yun.139.com/shareweb/#/w/i/2tQE9MvvHmDum,"8d5o
",,,
,宿星的女朋友 3,ios,Galgame,https://yun.139.com/shareweb/#/w/i/2tQEbPEtMWF08,"vqn8
",,,
,葬花：暗黑桃花源,ios,Galgame,https://yun.139.com/shareweb/#/w/i/2tQEauyEna0kz,"ydsq
",,,
,Ons Player,ios,运营部分 Galgame 的模拟器,https://yun.139.com/shareweb/#/w/i/2tQEbcBMJp33i,"r9yu
",,,
,纸上的魔法使,ios,Galgame,https://yun.139.com/shareweb/#/w/i/2tQEcMJJx7emf,"l2b8
",,,
,闪亮女友,ios,Galgame,https://yun.139.com/shareweb/#/w/i/2tQEb0ATFUirz,"i9u3
",,,
,徒花异谭,ios,Galgame,https://yun.139.com/shareweb/#/w/i/2tQEbfC17vgy3,"ljkc
",,,
,一生推不如一生恋,ios,Galgame,https://yun.139.com/shareweb/#/w/i/2tQEbcBMJtk3y,"1syb
",,,
,时廻者,ios,Galgame,https://yun.139.com/shareweb/#/w/i/2tQEaAz5ztHq5,"t035
",,,
,秋之回忆 1,ios,Galgame,https://yun.139.com/shareweb/#/w/i/2tQEbmCsABzjf,"0lso
",,,
,年上彼女,ios,Galgame,https://yun.139.com/shareweb/#/w/i/2tQEb0ATDwNqx,"pirf
",,,
,君羽,ios,Galgame,https://yun.139.com/shareweb/#/w/i/2tQEaRAcRPFm2,"8hiz
",,,
,初雪樱,ios,Galgame,https://yun.139.com/shareweb/#/w/i/2tQEbyDmy1Yni,"uj9m
",,,
,爱之钥 3,ios,Galgame,https://yun.139.com/shareweb/#/w/i/2tQEb9ByucW8t,"0sc0
",,,
,苍之彼方的四重奏：交予世界的答卷,ios,Galgame,https://yun.139.com/shareweb/#/w/i/2tQEbfC17Ddsx,"sawb
",,,
,朝鲜之旅,ios,Galgame,https://yun.139.com/shareweb/#/w/i/2tQEb6BkaoCj9,"31e6
",,,
,痴情哥哥与病弱妹妹的乡间生活,pc+安卓+ty,Galgame,https://yun.139.com/shareweb/#/w/i/2u8okGub0bPnn,"ujkc
",,,
,青柠星光·柠檬果酱,pc+安卓+ty,Galgame,https://yun.139.com/shareweb/#/w/i/2u8omvxLHAm02,"81m6
",,,
,流星世界演绎者Gaslight Bullet,pc+安卓+ty,Galgame,https://yun.139.com/shareweb/#/w/i/2u8oj1mMZBy0y,"f8br
",,,
,葬花暗黑桃花源,pc+安卓+ty,Galgame,https://yun.139.com/shareweb/#/w/i/2u8omiwSHech9,"hist
",,,
,梅时露霁书~雨潺海汐间~,pc+安卓+ty,Galgame,https://yun.139.com/shareweb/#/w/i/2u8okNuCDR1e4,"51ys
",,,
,リルカは幾重に夜を彩る,pc,Galgame,https://yun.139.com/shareweb/#/w/i/2u8ooKHBU8Zzw,"do4b
",,,
,誰ソ彼のシェイプシフター,pc,Galgame,https://yun.139.com/shareweb/#/w/i/2u8okbrWNrCq1,"pnav
",,,
,夏日共鸣,pc,Galgame,https://yun.139.com/shareweb/#/w/i/2u8ommx6cnFlx,"9pj0
",,,
,四目神,pc,Galgame,https://yun.139.com/shareweb/#/w/i/2u8ojFpGLBhvo,"9dw7
",,,
,悠久的钟声,pc,Galgame,https://yun.139.com/shareweb/#/w/i/2u8omSzkiw99m,"rwaj
",,,
,Virtual Ties ～异世界情绪梦想曲～,pc,Galgame,https://yun.139.com/shareweb/#/w/i/2u8ojjo8pQGw7,"khjd
",,,
,龙娘咖啡厅,pc,Galgame,https://yun.139.com/shareweb/#/w/i/2u8okDtYdvh1r,"smyh
",,,
,猫忍之心 SPIN! 2,pc,Galgame,https://yun.139.com/shareweb/#/w/i/2u8okhsoKNNbf,"k1i6
",,,
,虹彩都市 デジタル,pc,Galgame,https://yun.139.com/shareweb/#/w/i/2u8oj1mN29agz,"xitx
",,,
,奏 ～カナデ,pc,Galgame,https://yun.139.com/shareweb/#/w/i/2u8okesaiub6c,"7c1n
",,,
,anemoi,pc,Galgame,https://yun.139.com/shareweb/#/w/i/2u8oo8EWwahp8,"1cne
",,,
,游魂零（タユタマ零）,pc,Galgame,https://yun.139.com/shareweb/#/w/i/2u8okksBMUDv5,"2b6e
",,,
,冒险奇谭II 高画质重制版,pc,Galgame,https://yun.139.com/shareweb/#/w/i/2u8okAtJJs66z,"4kan
",,,
,尤格德拉·重奏,pc,Galgame,https://yun.139.com/shareweb/#/w/i/2u8omHyEsFFo1,"vo4f
",,,
,黑色巫术,pc,Galgame,https://yun.139.com/shareweb/#/w/i/2u8ooNHRd4v5y,"ebvk
",,,
,不寐之境 女巫与魔咒,pc,Galgame,https://yun.139.com/shareweb/#/w/i/2u8onjBm0Yr1d,"sdi9
",,,
,聊斋：画皮鬼,pc,Galgame,https://yun.139.com/shareweb/#/w/i/2u8onnBzfeDne,"dvbs
",,,
,LACKGIRL I（解压码 xinghuoliaoyuan）,pc,Galgame,https://yun.139.com/shareweb/#/w/i/2u8okksBAR5uo,"g5qg
",,,
,不香の花 - Snow Flower（解压码星火燎原@kdays）,pc,Galgame,https://yun.139.com/shareweb/#/w/i/2u8onQDA9Ws9i,"mdy8
",,,
,魔法少女的魔女审判（解压码星火燎原@kdays）,pc,Galgame,https://yun.139.com/shareweb/#/w/i/2u8ooxGJ8KCyn,"y6od
",,,
,在樱花色梦境中恋上你（解压码星火燎原@kdays）,pc,Galgame,https://yun.139.com/shareweb/#/w/i/2u8onQDA9Qs1e,"0g83
",,,
,红线HD（解压码小朝美）,pc,Galgame,https://yun.139.com/shareweb/#/w/i/2u8on1A0SJicp,"hs06
",,,
,鬼神乐(解压码小朝美),pc,Galgame,https://yun.139.com/shareweb/#/w/i/2u8ojqozWXVon,"wl15
",,,
,愿绽放在天空彼岸（解压码爱吃的萝卜子）,ty,Galgame,https://yun.139.com/shareweb/#/w/i/2u8onTDPh67bs,"t0tv
",,,
,赤さんと吸血鬼（解压码爱吃的萝卜子）,ty,Galgame,https://yun.139.com/shareweb/#/w/i/2u8om3vKFM2ap,"1nbe
",,,
,百五十年目の魔法使い（解压码爱吃的萝卜子）,ty,Galgame,https://yun.139.com/shareweb/#/w/i/2u8oohFB2akbw,"pui5
",,,
,青春期的五月雨（解压码爱吃的萝卜子）,ty,Galgame,https://yun.139.com/shareweb/#/w/i/2u8ooUJhzgcpg,"2fts
",,,
,世界的起始游戏（解压码爱吃的萝卜子）,ty,Galgame,https://yun.139.com/shareweb/#/w/i/2u8oo8EWofS7r,"95yk
",,,
,徒花异谭（解压码爱吃的萝卜子）,ty,Galgame,https://yun.139.com/shareweb/#/w/i/2u8ooxGJ9eGa3,"2dm8
",,,
,常轨脱离Creative Re Re call （解压码爱吃的萝卜子）,ty,Galgame,https://yun.139.com/shareweb/#/w/i/2u8onnBzfNPq4,"11cj
",,,
,恋文ロマンチカ（解压码爱吃的萝卜子）,ty,Galgame,https://yun.139.com/shareweb/#/w/i/2u8on7Asbfk6y,"s6x8
",,,
,Clover Reset（全年龄）（百合）（解压码爱吃的萝卜子）,ty,Galgame,https://yun.139.com/shareweb/#/w/i/2u8onnBzfwHay,"fwvo
",,,
,【官中】记忆的琴键（解压码爱吃的萝卜子）,ty,Galgame,https://yun.139.com/shareweb/#/w/i/2u8okbrWXcS4s,"3avw
",,,
,Pure Marriage ～红线物语系列～,ty,Galgame,https://yun.139.com/shareweb/#/w/i/2u8okbrWNoFzz,"eull
",,,
,猫娘乐园 After,ty,Galgame,https://yun.139.com/shareweb/#/w/i/2u8okbrWXm93w,"zqfq
",,,
,Kanade,ty,Galgame,https://yun.139.com/shareweb/#/w/i/2u8ojTqAp7Nr0,"93mc
",,,
,将花朵献与你-Kinsenka,ty,Galgame,https://yun.139.com/shareweb/#/w/i/2u8onjBm1mJyq,"iz2o
",,,
,LEGEND SEVEN ～白雪姫と7人の英雄,ty,Galgame,https://yun.139.com/shareweb/#/w/i/2u8ooxGJ93L0q,"0jo9
",,,
,はるとゆき,ty,Galgame,https://yun.139.com/shareweb/#/w/i/2u8omYzMsEHoc,"m8mm
",,,
,Karakara 2,ty,Galgame,https://yun.139.com/shareweb/#/w/i/2u8ojWqPvt9an,"s9mn
",,,
,Karakara,ty,Galgame,https://yun.139.com/shareweb/#/w/i/2u8onnBzaAtd1,"meoj
",,,
,海市蜃楼之馆（解压码 qingju）,ty,Galgame,https://yun.139.com/shareweb/#/w/i/2u8okRuRJuyr8,"1y0m
",,,
,海市蜃楼之馆：纯真挽歌(解压码 qingju),ty,Galgame,https://yun.139.com/shareweb/#/w/i/2u8ooKHBUoVbx,"h90f
",,,
,同居女友1（解压码 qingju）,ty,Galgame,https://yun.139.com/shareweb/#/w/i/2u8onCCGhHj17,"56ar
",,,
,恋爱家庭教师露露美,安卓,Galgame,https://yun.139.com/shareweb/#/w/i/2u8ojTqAp0Ysc,"bhsb
",,,
,甜心魅魔的日常,安卓,Galgame,https://yun.139.com/shareweb/#/w/i/2u8ojZr3rbpxv,"3rah
",,,
,Dreamin' Her -我梦见了她（解压码 qingjy）,安卓,Galgame,https://yun.139.com/shareweb/#/w/i/2u8onTDPB02j9,"ofd9
",,,
,水夏弐律 (iso+mds)（可能为生肉）,pc,Galgame,https://yun.139.com/shareweb/#/w/i/2u8ojwp2sutfk,"ldf0
",,,
, 黄昏の境界（解压码小朝美）,pc,Galgame,https://yun.139.com/shareweb/#/w/i/2u8ojFpGHFWur,"3kt5
",,,
,The Spike Cross-volleyball,安卓,Game,https://yun.139.com/shareweb/#/w/i/2u8okUv5ij34m," ljd9
",,,
,不洁圣女,pc+安卓,NSFW Galgame,https://yun.139.com/shareweb/#/w/i/2u8omcwq97Cat,,,,
,路人娘电车,pc,NSFW Galgame,https://yun.139.com/shareweb/#/w/i/2u8okKup4xgs3,,,,
,给VTuber投10亿日元，随便中出后宫,pc,NSFW Galgame,https://yun.139.com/shareweb/#/w/i/2u8op3JY73H0n,,,,
,快感直达 爱抚JK痴汉电车,pc,NSFW Galgame,https://yun.139.com/shareweb/#/w/i/2u8onCCG9gRdo,,,,
,有閑夫人倶楽部,pc,NSFW Galgame,https://yun.139.com/shareweb/#/w/i/2u8okRuRtJD3b,,,,
,海珂：北境极光,pc,Galgame,https://www.123865.com/s/lDnMvd-sn7F3,,,,
,候鸟,安卓直装,Galgame,https://www.123865.com/s/lDnMvd-wW7F3,,,,
,生日永相随永相伴,安卓直装,Galgame,https://www.123865.com/s/lDnMvd-FW7F3,,,,
,他人世界末,安卓直装,Galgame,https://www.123865.com/s/lDnMvd-GW7F3,,,,
,永不落幕的前奏诗,安卓直装,Galgame,https://www.123865.com/s/lDnMvd-PW7F3,,,,
,星之终途后日谈,安卓直装,Galgame,https://www.123865.com/s/lDnMvd-XW7F3,,,,
,五等分的抢婚三玖篇,安卓直装,Galgame,https://www.123865.com/s/lDnMvd-sW7F3,,,,
,亚托莉：我挚爱的时光,安卓直装,Galgame,https://www.123865.com/s/lDnMvd-WW7F3,,,,
,死馆 2,安卓 Ty 模拟器（ios 未实验）,Galgame,https://www.123865.com/s/lDnMvd-HC7F3,,,,
,恋爱 0 公里,安卓 Ty 模拟器（ios 未实验）,Galgame,https://www.123865.com/s/lDnMvd-AC7F3,,,,
,星之终途,安卓 Ty 模拟器（ios 未实验）,Galgame,https://www.123865.com/s/lDnMvd-9C7F3,,,,
,恋爱和选举和巧克力,安卓直装,Galgame,https://www.123912.com/s/lDnMvd-kC7F3,,,,
,Dreamin·Her—我梦见了她,ios 直装,Galgame,https://www.123912.com/s/lDnMvd-mC7F3,,,,
,不存在的你和我,ios 直装,Galgame,https://www.123865.com/s/lDnMvd-kN7F3,,,,
,机器人笔记,pc,Galgame,https://www.123865.com/s/lDnMvd-mO7F3,,,,
,片方的祈愿（只愿）,pc,Galgame,https://www.123865.com/s/lDnMvd-1O7F3,,,,
,千之刃涛，桃花染之皇姬,安卓 Ty 模拟器（ios 未实验）,Galgame,https://www.123912.com/s/lDnMvd-4O7F3,,,,
,白色相簿 2,pc,Galgame,https://www.123912.com/s/lDnMvd-pO7F3,,,,
,不存在的你和我,pc,Galgame,https://www.123865.com/s/lDnMvd-fO7F3,,,,
,箱庭的学园,安卓 Ty 模拟器(ios 未实验),Galgame,https://www.123912.com/s/lDnMvd-XO7F3,,,,
,不存在的你和我,安卓直装,Galgame,https://www.123865.com/s/lDnMvd-RD7F3,,,,
,小小的身影，重叠的内心,安卓直装,Galgame,https://www.123865.com/s/lDnMvd-I87F3,,,,
,东方裁判梦,pc,Galgame,https://www.123865.com/s/lDnMvd-M87F3,,,,
,泡沫冬景,安卓直装,Galgame,https://www.123865.com/s/lDnMvd-g87F3,,,,
,夏末白夜,安卓直装,Galgame,https://www.123865.com/s/lDnMvd-F87F3,,,,
,饿殍：明末千里行,安卓直装,Galgame,https://www.123865.com/s/lDnMvd-Y87F3,,,,
,不存在的逐梦者：银葱之森,pc,Galgame,https://www.123865.com/s/lDnMvd-l87F3,,,,
,葬花：暗黑桃花源,安卓直装,Galgame,https://www.123865.com/s/lDnMvd-8K7F3,,,,
,心跳文学社,安卓直装,Galgame,https://www.123865.com/s/lDnMvd-hu7F3,,,,
,苍之彼方的四重奏：交予世界的答卷,安卓直装,Galgame,https://www.123865.com/s/lDnMvd-Hu7F3,,,,
,东北之夏,安卓直装,Galgame,https://www.123865.com/s/lDnMvd-Au7F3,,,,
,致命终局,安卓直装,Galgame,https://www.123865.com/s/lDnMvd-9u7F3,,,,
,薄暮夏梦,安卓直装,Galgame,https://www.123865.com/s/lDnMvd-Qu7F3,,,,
,我的青春恋爱物语果然有问题,安卓直装,Galgame,https://www.123865.com/s/lDnMvd-Eu7F3,,,,
,猫娘乐园 1,安卓 Ty 模拟器（ios 未实验）,Galgame,https://www.123865.com/s/lDnMvd-FU7F3,,,,
,甜糖热恋,安卓 Ty 模拟器（ios 未实验）,Galgame,https://www.123865.com/s/lDnMvd-GU7F3,,,,
,将花朵献予你—Kinsenka,安卓 Ty 模拟器（ios 未实验）,Galgame,https://www.123865.com/s/lDnMvd-PU7F3,,,,
,久那土国记,安卓 Ty 模拟器（ios 未实验）,Galgame,https://www.123865.com/s/lDnMvd-XU7F3,,,,
,Winlator-Ben 版,安卓直装,安卓端 Windows 模拟器,https://www.123865.com/s/lDnMvd-cl7F3,,,,
,Winlator-CW 版,安卓直装,安卓端 Windows 模拟器,https://www.123865.com/s/lDnMvd-el7F3,,,,
,Win11 26H1 系统镜像,pc,Win11 26H1 系统,https://www.123865.com/s/lDnMvd-zZ7F3,,,,
,Win10 22H2 系统镜像,pc,Win10 22H2 系统,https://www.123865.com/s/lDnMvd-LZ7F3,,,,
,Win10 神州政企版系统镜像,pc,Win10 神州政企版,https://www.123865.com/s/lDnMvd-pc7F3,,,,
,魔女之家,安卓直装,Galgame,https://www.123865.com/s/lDnMvd-Rc7F3,,,,
,约会大作战TwinEdition凛绪轮回,PSV+ 安卓vita3k 模拟器,Galgame,https://www.123912.com/s/lDnMvd-Zj7F3,,,,
,对你说再见,IOS,Galgame,https://www.123912.com/s/lDnMvd-ij7F3,,,,
,Doki Doki:猛男金融学院,PC,Galgame,https://yun.139.com/shareweb/#/w/i/2uh8Z0AdCkqj6,,,,
,哀鸿：城破十日记,PC,Galgame,https://yun.139.com/shareweb/#/w/i/2uh92BS7pc4jo,,,,
,甜蜜女友 3,PC,Galgame,https://yun.139.com/shareweb/#/w/i/2uh8ZvCsMbxo4,,,,
,甜蜜女友 3,安卓,Galgame,https://yun.139.com/shareweb/#/w/i/2uh8YKz67t962,,,,
,甜蜜女友 2,安卓,Galgame,https://yun.139.com/shareweb/#/w/i/2uh8YAyqoYkeb,,,,
,甜蜜女友 2,PC,Galgame,https://yun.139.com/shareweb/#/w/i/2uh8YKz69yb5x,,,,
,甜蜜女友 2+,安卓,Galgame,https://yun.139.com/shareweb/#/w/i/2uh92PT1oRkph,,,,
,甜蜜女友 2+,PC,Galgame,https://yun.139.com/shareweb/#/w/i/2uh92LSN7Bn9u,,,,
,甜蜜女友,安卓,Galgame,https://yun.139.com/shareweb/#/w/i/2uh8YUzM9nB80,,,,
,甜蜜女友,PC,Galgame,https://yun.139.com/shareweb/#/w/i/2uh92mR0hxVwh,,,,
,甜蜜女友+,PC,Galgame,https://yun.139.com/shareweb/#/w/i/2uh904EWeZQnn,,,,
,甜蜜女友 ss,PC,Galgame,https://yun.139.com/shareweb/#/w/i/2uh8YAyqmDBh7,,,,
,甜蜜女友 ss+,PC,Galgame,https://yun.139.com/shareweb/#/w/i/2uh8ZpC1kzw21,,,,
,se?きらら（解压码爱吃的萝卜子）,Ty 模拟器,Galgame,https://yun.139.com/shareweb/#/w/i/2uh8ZyCG3Xftd,,,,
,SINCLIENT（解压码爱吃的萝卜子）,Ty 模拟器,Galgame,https://yun.139.com/shareweb/#/w/i/2uh8ZED8sAs5n,,,,
,源平繚乱絵巻 -GIKEI（解压码爱吃的萝卜子）,Ty 模拟器,Galgame,https://yun.139.com/shareweb/#/w/i/2uh8ZED8q8j6a,,,,
,愚者ノ教鞭 今しかできないことがたくさんあるんだ（解压码爱吃的萝卜子）,Ty 模拟器,Galgame,https://yun.139.com/shareweb/#/w/i/2uh8ZfBkCNRav,,,,
,さくらさくら FESTIVAL(解压码爱吃的萝卜子),Ty 模拟器,Galgame,https://yun.139.com/shareweb/#/w/i/2uh92HSyTJUh3,,,,
,さくらさくら（双樱）（解压码爱吃的萝卜子）,Ty 模拟器,Galgame,https://yun.139.com/shareweb/#/w/i/2uh8ZPDP8ywrl,,,,
,樱之诗十周年,安卓,Galgame,https://yun.139.com/shareweb/#/w/i/2uh8Z0Ad9qes7,,,,
,Elle:PrieR ～しあわせの欠片をさがして（解压码小朝美）,PC,Galgame,https://yun.139.com/shareweb/#/w/i/2uh8ZYEtP5epy,,,,
,王の耳には届かない,Ty 模拟器,Galgame,https://yun.139.com/shareweb/#/w/i/2uh8ZPDP1fpq4,,,,
,想瞬谱,PC,Galgame,https://yun.139.com/shareweb/#/w/i/2uh92yRU4d11y,,,,
,バカップル?サプリメント,PC,Galgame,https://yun.139.com/shareweb/#/w/i/2uh92yRU4gsxh,,,,
,乙女とふれあう、ひとつ屋根の下（解压码星火燎原@kdays）,PC,Galgame,https://yun.139.com/shareweb/#/w/i/2uh8ZfBkqQgz9,,,,
,やりなおしクランクイン,Ty 模拟器,Galgame,https://yun.139.com/shareweb/#/w/i/2uh904EWarh8m,,,,
,Vanilla Android（解压码爱吃的萝卜子）,Ty 模拟器,Galgame,https://yun.139.com/shareweb/#/w/i/2uh904EWatkrz,,,,
,流る星 ふぁんでぃすく（解压码爱吃的萝卜子）,Ty 模拟器,Galgame,https://yun.139.com/shareweb/#/w/i/2uh8Z6AEN8u53,,,,
,コンチェルトノート,Ty 模拟器,Galgame,https://yun.139.com/shareweb/#/w/i/2uh93gV2dwie7,,,,
,StreamLove Voyage,Ty 模拟器,Galgame,https://yun.139.com/shareweb/#/w/i/2uh8ZvCsCWf6b,,,,
,妹スタイル（爱吃的萝卜子）,Ty 模拟器,Galgame,https://yun.139.com/shareweb/#/w/i/2uh8Z3Arf07bv,,,,
,对魔忍阿莎姬3,Ty 模拟器,Galgame,https://yun.139.com/shareweb/#/w/i/2uh8Z6AEBpCbp,,,,
,对魔忍阿莎姬 ZERO(解压码爱吃的萝卜子),Ty 模拟器,Galgame,https://yun.139.com/shareweb/#/w/i/2uh8ZfBkrxR20,,,,
,出包王女Darkness 真正的公主,PC+安卓,Galgame,https://yun.139.com/shareweb/#/w/i/2uh8ZBCV2Binb,,,,
,艾希,PC+安卓,Game,https://yun.139.com/shareweb/#/w/i/2uh92STee01ru,,,,
,哀鸿：城破十日记（测试版，包含前三章内容）,安卓,Galgame,https://yun.139.com/shareweb/#/w/i/2uh901EGSSs47,,,,
,花开之你，携我至夏之尽头的白花,PC+安卓,Galgame,https://yun.139.com/shareweb/#/w/i/2ur516pi6RLpp,,,,
,穿越黄油开后宫,PC+安卓,NSFW Galgame,https://yun.139.com/shareweb/#/w/i/2uh92LSN9uyxu,,,,
,独占欲超强的爱女玲奈 - 少女ドミナンス（解压码爱吃的萝卜子）,Ty 模拟器,NSFW Galgame,https://yun.139.com/shareweb/#/w/i/2uh8YUzLQV0u5,,,,
,淫辱選挙戦 ～白濁に染まる会長選（解压码爱吃的萝卜子）,Ty 模拟器,NSFW Galgane,https://yun.139.com/shareweb/#/w/i/2uh8ZcB7oGQea,,,,
,ブラコン!なずさおねーちゃんの性活保護（解压码爱吃的萝卜子）,Ty 模拟器,NSFW Galgame,https://yun.139.com/shareweb/#/w/i/2uh8YNzjeVedh,,,,
,少女連鎖 ～Heart of the distortion,PC,NSFW Galgame,https://yun.139.com/shareweb/#/w/i/2uh92STew3Zry,,,,
,欢迎来到淫荡精灵森林！[伊芙琳和美津里的甜蜜生育生活](解压码爱吃的萝卜子),PC,NSFW Galgame,https://yun.139.com/shareweb/#/w/i/2uh8ZED8keWau,,,,
,dROSEra ～レディ?バッドエンドの初恋,PC,NSFW Galgame,https://yun.139.com/shareweb/#/w/i/2uh8Z6AEtANjk,,,,
,Hakoniwa -ハコニワ,PC,NSFW Galgame,https://yun.139.com/shareweb/#/w/i/2uh92yRU4kQ6j,,,,
,きみは全部、私に任せてればいいの? ～娼館で出会った年上のお姉さん（解压码爱吃的萝卜子）,Ty 模拟器,NSFW Galgame,https://yun.139.com/shareweb/#/w/i/2uh8ZVEfq4E31,,,,
,ボクのカノジョはえっちな先生(解压码爱吃的萝卜子),Ty 模拟器,NSFW Galgame,https://yun.139.com/shareweb/#/w/i/2uh92PT18MJ28,,,,
,月明りに悶える孕女（解压码爱吃的萝卜子）,Ty 模拟器,NSFW Galgame,https://yun.139.com/shareweb/#/w/i/2uh92ESksTE6r,,,,
,手籠めにされる九人の堕女 The Motion（解压码爱吃的萝卜子）,Ty 模拟器,NSFW Galgame,https://yun.139.com/shareweb/#/w/i/2uh904EWaK99v,,,,
,夜袭七孕女2（解压码爱吃的萝卜子）,Ty 模拟器,NSFW Galgame,https://yun.139.com/shareweb/#/w/i/2uh8ZcB7bX54y,,,,
,みんな捧げちゃう(解压码爱吃的萝卜子),Ty 模拟器,NSFW Galgame,https://yun.139.com/shareweb/#/w/i/2uh8ZVEfsRUfs,,,,
,Closed GAME(解压码云忆夕),Ty 模拟器,NSFW Galgame,https://yun.139.com/shareweb/#/w/i/2uh8ZcB79Bszb,,,,
,侵?性奴会 ～美人会長と爆乳書記の調教日報（解压码爱吃的萝卜子）,Ty 模拟器,NSFW Galgame,https://yun.139.com/shareweb/#/w/i/2uh934U8imZu0,,,,
,对魔圣甲爱丽丝,Ty 模拟器,NSFW Galgame,https://yun.139.com/shareweb/#/w/i/2uh8ZcB7cccr2,,,,
,君の魔名はリナ?ウィッチ（解压码爱吃的萝卜子）,Ty 模拟器,NSFW Galgame,https://yun.139.com/shareweb/#/w/i/2uh901EGUW48g,,,,
,恥情な苺（解压码爱吃的萝卜子）,Ty 模拟器,NSFW Galgame,https://yun.139.com/shareweb/#/w/i/2uh934U8iALe3,,,,
,裏技スペクトラム（解压码爱吃的萝卜子）,Ty 模拟器,NSFW Galgame,https://yun.139.com/shareweb/#/w/i/2uh8ZcB79Xysb,,,,
,FapHero保育员,PC,NSFW Galgame,https://yun.139.com/shareweb/#/w/i/2uh8ZcB6VPY6l,,,,
,魔女猎人～对付邪恶女干部轻而易举,PC,NSFW Galgame,https://yun.139.com/shareweb/#/w/i/2uh8ZcB6VR2k7,,,,
,魔法少女猎人～2号也轻松搞定,PC,NSFW Galgame,https://yun.139.com/shareweb/#/w/i/2uh8Z3Ar8be6k,,,,
,调月莉音 无限调教中出,PC,NSFW Galgame,https://yun.139.com/shareweb/#/w/i/2uh8ZmBMVE7mp,,,,
,旅店、酒馆与长戟,PC+安卓,NSFW Galgame,https://yun.139.com/shareweb/#/w/i/2uh8ZiBywtJst,,,,
,奶牛娘乳房点击器,PC,NSFW Galgame,https://yun.139.com/shareweb/#/w/i/2uh93aUzKon2x,,,,
,魅魔与猎魔人,PC,NSFW Galgame,https://yun.139.com/shareweb/#/w/i/2uh8YKz5UA4xz,,,,
,我的琉璃子的兔女郎体验记,PC,NSFW Galgame,https://yun.139.com/shareweb/#/w/i/2uh90aFnzDhdx,,,,
,用欺骗性催眠进行洗脑后，变得爱上强奸犯的慵懒淡漠猫女仆,PC+安卓,NSFW Galgame,https://yun.139.com/shareweb/#/w/i/2uh8ZcB70RU67,,,,
,雨中的怪物,PC,NSFW Galgame,https://yun.139.com/shareweb/#/w/i/2uh8ZfBkhKbnb,,,,
,魅魔花园,PC,NSFW Galgame,https://yun.139.com/shareweb/#/w/i/2uh8ZiBydXsjv,,,,
,魔族千金与女仆的30天,PC,NSFW Galgame,https://yun.139.com/shareweb/#/w/i/2uh93jVfhUKbg,,,,
,Bad Calling3～由狼狈与耻辱点缀的加冕物语,PC,NSFW Galgame,https://yun.139.com/shareweb/#/w/i/2uh8ZmBMvn48r,,,,
,Bad calling2～淫堕与耻辱之章,PC,NSFW Galgame,https://yun.139.com/shareweb/#/w/i/2uh8ZfBk00ho9,,,,
,Bad Calling ~堕落与反省之章,PC,NSFW Galgame,https://yun.139.com/shareweb/#/w/i/2uh8ZLDzEAms1,,,,
,妹妹创造,PC,NSFW Galgame,https://yun.139.com/shareweb/#/w/i/2uh92STebdd3c,,,,
,小镇的回声,PC,NSFW Galgame,https://yun.139.com/shareweb/#/w/i/2uh93nVtzeJd5,,,,
,魅魔狂想曲,PC,NSFW Galgame,https://yun.139.com/shareweb/#/w/i/2uh8ZmBMAotht,,,,
,忍者少女逃脱 - 从女忍村的逃出,PC+安卓,NSFW Galgame,https://yun.139.com/shareweb/#/w/i/2uh90aFnnhoz4,,,,
,与玛娜酱共度的孤岛生活,PC+安卓,NSFW Galgame,https://yun.139.com/shareweb/#/w/i/2uh8ZmBMtsHz0,,,,
,存在感薄弱的妹妹一起的简单生活,PC+安卓,NSFW Galgame,https://yun.139.com/shareweb/#/w/i/2uh907F98jDi0,,,,
,好色的姐姐是褐色巨乳恶魔这件事2,安卓,NSFW Galgame,https://yun.139.com/shareweb/#/w/i/2uh8ZYEtnyB50,,,,
,好色的姐姐是褐色巨乳恶魔这件事3,安卓,NSFW Galgame,https://yun.139.com/shareweb/#/w/i/2uh8ZBCUzLWqx,,,,
,寻找魅魔,PC+安卓,NSFW Galgame,https://yun.139.com/shareweb/#/w/i/2ur50UopbHqjc,,,,
,我的淘气辣妈邻居沙耶香,PC+安卓,NSFW Galgame,https://yun.139.com/shareweb/#/w/i/2ur4ZqgVaRa1i,,,,
,生物技术护士,PC,NSFW Galgame,https://yun.139.com/shareweb/#/w/i/2ur4YvcTmk523,,,,
,嚣张性感恶魔 活力四射,PC,NSFW Galgame,https://yun.139.com/shareweb/#/w/i/2ur4XN9KnrMsu,,,,
,LEWD GOD ~淫神的祭品,PC,NSFW Galgame,https://yun.139.com/shareweb/#/w/i/2ur4ZQiGVZZk8,,,,
,勇者逃脱大作战！～被女性魔物捕获就会遭遇亲密惩罚的RPG,PC,NSFW Galgame,https://yun.139.com/shareweb/#/w/i/2ur4WZ69VfByy,,,,
,骑上去啊！ 诺特梅亚！,PC+安卓,NSFW Galgame,https://yun.139.com/shareweb/#/w/i/2ur51sqSM7nu3,,,,
,女主角的反派之路,PC,NSFW Galgame,https://yun.139.com/shareweb/#/w/i/2ur51mqqo6Etp,,,,
,女主角的黑暗面,PC+安卓,NSFW Galgame,https://yun.139.com/shareweb/#/w/i/2ur4Z1f7vH3ab,,,,
,M型男被霸凌的课堂3D摄像头特效场景,PC,NSFW Galgame,https://yun.139.com/shareweb/#/w/i/2ur4Yyd6yP01j,,,,
,安迪和莉莉的棺材,PC,NSFW Galgame,https://yun.139.com/shareweb/#/w/i/2ur4Z1f7vFMj7,,,,
,诱惑图书馆,PC,NSFW Galgame,https://yun.139.com/shareweb/#/w/i/2ur4XXaq1D34a,,,,
,【M男性专用面部爱抚专门店】唾液淫奴·奴役仪式,PC,NSFW Galgame,https://yun.139.com/shareweb/#/w/i/2ur51mqqo30w3,,,,
,中年大叔成为魅魔猎人～用性爱击败魅魔的战斗性爱RPG～,PC,NSFW Galgame,https://yun.139.com/shareweb/#/w/i/2ur4YLe0ruL5k,,,,
,惩罚少女R,PC,NSFW Galgame,https://yun.139.com/shareweb/#/w/i/2ur4Xu8oZZxya,,,,
,人妻剑士沙月的被NTR卖春记,PC,NSFW Galgame,https://yun.139.com/shareweb/#/w/i/2ur4ZjgsMUHr9,,,,
,我妹亲密模拟器,PC,NSFW Galgame,https://yun.139.com/shareweb/#/w/i/2ur51mqqdK3ex,,,,
,像素应召女郎 -东风谷早苗-,PC+安卓,NSFW Galgame,https://yun.139.com/shareweb/#/w/i/2ur4Ycbx67B0e,,,,
,我是战犯 2,PC,NSFW Galgame,https://yun.139.com/shareweb/#/w/i/2ur4Y3aSsj8z3,,,,
,侦探骑士戴安娜,PC,NSFW Galgame,https://yun.139.com/shareweb/#/w/i/2ur4Zth8sKmu4,,,,
,宁音的露出愿望,PC+安卓,NSFW Galgame,https://yun.139.com/shareweb/#/w/i/2ur516pi6Tiay,,,,
,为我战斗输了而被侵犯,PC,NSFW Galgame,https://yun.139.com/shareweb/#/w/i/2ur4Z1f7vwU7l,,,,
,异世界岛屿,PC+安卓,NSFW Galgame,https://yun.139.com/shareweb/#/w/i/2ur4YPedFs157,,,,
,魔女之家,PC+安卓,NSFW Galgame,https://yun.139.com/shareweb/#/w/i/2ur4YvcSFAVvl,,,,
,devastate,PC+安卓,NSFW Galgame,https://yun.139.com/shareweb/#/w/i/2ur4ZafMvhQ61,,,,
,脑水晶,PC,NSFW Galgame,https://yun.139.com/shareweb/#/w/i/2ur4Ycbwub2rw,,,,
,朕才是皇帝,PC,NSFW Galgame,https://yun.139.com/shareweb/#/w/i/2ur50An3Aoz85,,,,
,搾精迷宮,PC,NSFW Galgame,https://yun.139.com/shareweb/#/w/i/2ur50An3Apaan,,,,
,淫灭剑士部玲～用H秘术赢得全国冠军～,PC,NSFW Galgame,https://yun.139.com/shareweb/#/w/i/2ur502jAeZAgh,,,,
,天使们的教堂,PC,NSFW Galgame,https://yun.139.com/shareweb/#/w/i/2ur4YLdZQQLli,,,,
,魔法少女小春,PC,NSFW Galgame,https://yun.139.com/shareweb/#/w/i/2ur4ZqgUEHCil,,,,
,异界撩妹大冒险,PC,NSFW Galgame,https://yun.139.com/shareweb/#/w/i/2ur4Zth7WB25x,,,,
,邻人部的秘密活动,PC,NSFW Galgame,https://yun.139.com/shareweb/#/w/i/2ur4YvcSGbFla,,,,
,恶之王国,PC+安卓,NSFW Galgame,https://yun.139.com/shareweb/#/w/i/2ur53hyVSw98o,,,,
,塞伦实验室,PC,NSFW Galgame,https://yun.139.com/shareweb/#/w/i/2ur4ZafMtKHpo,,,,
,另一个机会,PC,NSFW Galgame,https://yun.139.com/shareweb/#/w/i/2ur4ZafMvVs1v,,,,
,魅魔狩猎,PC+安卓,NSFW Galgame,https://yun.139.com/shareweb/#/w/i/2ur4ZqgUERvyr,,,,
,从早到晚都和色色的老婆粘腻发情生活,PC,NSFW Galgame,https://yun.139.com/shareweb/#/w/i/2ur50rmnYJv3k,,,,
,敏感乳头的女高中生彻底痴汉,PC,NSFW Galgame,https://yun.139.com/shareweb/#/w/i/2ur516phH0nz4,,,,
,薄井的报恩～在同人志的世界里成为证钛本的女主角？RPG,PC,NSFW Galgame,https://yun.139.com/shareweb/#/w/i/2ur51Yt6hAbjn,,,,
,恐怖大厦,PC,NSFW Galgame,https://yun.139.com/shareweb/#/w/i/2ur4ZafMvYd3s,,,,
,那个女孩子也想大便 老师…我稍微、可以去一下厕所吗…？,PC,NSFW Galgame,https://yun.139.com/shareweb/#/w/i/2ur4YvcSGjfu1,,,,
,女王社长的我争夺战 ～身体与主导权都不会让！ 那，你到底喜欢哪个,PC,NSFW Galgame,https://yun.139.com/shareweb/#/w/i/2ur53hyVUfy1t,,,,
,太阳,PC,NSFW Galgame,https://yun.139.com/shareweb/#/w/i/2ur50hkHhZs5d,,,,
,忍耐色诱的告白游戏,PC,NSFW Galgame,https://yun.139.com/shareweb/#/w/i/2ur4ZngFof48k,,,,
,女祭司之眼 退相干,PC,NSFW Galgame,https://yun.139.com/shareweb/#/w/i/2ur51Yt6hDLxo,,,,
,阿塔诺尔的摇篮+,PC,NSFW Galgame,https://yun.139.com/shareweb/#/w/i/2ur51iqbC640w,,,,
,米可可大冒险,PC+安卓,NSFW Galgame,https://yun.139.com/shareweb/#/w/i/2ur52MwFAHkxu,,,,
,每天都跟召唤出的克苏鲁少女玩桌游,PC,NSFW Galgame,https://yun.139.com/shareweb/#/w/i/2ur51Yt6hG2xd,,,,
,赌圣传说 卡凯坦 - 赌博圣传说,PC,NSFW Galgame,https://yun.139.com/shareweb/#/w/i/2ur4ZzhzhXZpa,,,,
,常识改变!飞机杯海滩,PC+安卓,NSFW Galgame,https://yun.139.com/shareweb/#/w/i/2ur502jAfKkvc,,,,
,道君,PC,NSFW Galgame,https://yun.139.com/shareweb/#/w/i/2ur502jAfL48b,,,,
,拾荒者姐妹,PC+安卓,NSFW Galgame,https://yun.139.com/shareweb/#/w/i/2ur4Zjgs91T2r,,,,
,淫魔迷宫,PC+安卓,NSFW Galgame,https://yun.139.com/shareweb/#/w/i/2ur4Y9bie7Ufd,,,,
,工作日常,PC,NSFW Galgame,https://yun.139.com/shareweb/#/w/i/2ur50An3Bsfsu,,,,
,红莲四奏：纯色元素,PC,NSFW Galgame,https://yun.139.com/shareweb/#/w/i/2ur4ZFi1KvAjy,,,,
,樱子NTR物语,PC,NSFW Galgame,https://yun.139.com/shareweb/#/w/i/2ur53hyVUFSmw,,,,
,魔法OL：魔女莉莎的职场征程,PC+安卓,NSFW Galgame,https://yun.139.com/shareweb/#/w/i/2ur4YvcSKmNg5,,,,
,真实?搭讪模拟,PC,NSFW Galgame,https://yun.139.com/shareweb/#/w/i/2ur53hyVXTW5h,,,,
,魔物娘1000,PC,NSFW Galgame,https://yun.139.com/shareweb/#/w/i/2ur52JwsneHna,,,,
,夜犯2～噩梦的七日间,PC,NSFW Galgame,https://yun.139.com/shareweb/#/w/i/2ur516phHwFho,,,,
,牛娘米露菲的淫欲陷阱调教～触手×媚药×拘束 绝顶榨取！,PC,NSFW Galgame,https://yun.139.com/shareweb/#/w/i/2ur4ZngFoHkg3,,,,
,彻底沉迷！风俗店体验记,PC,NSFW Galgame,https://yun.139.com/shareweb/#/w/i/2ur50DngRt1jh,,,,
,M向玩家,PC,NSFW Galgame,https://yun.139.com/shareweb/#/w/i/2ur4ZqgUFrQc3,,,,
,修女阿梅利亚的无神选择,PC,NSFW Galgame,https://yun.139.com/shareweb/#/w/i/2ur51iqbCBBw0,,,,
,他的赌注，她的代价 押上本人女朋友,PC+安卓,NSFW Galgame,https://yun.139.com/shareweb/#/w/i/2ur4ZafMwy3lx,,,,
,对傲娇青梅竹马的甜蜜性爱按摩,PC,NSFW Galgame,https://yun.139.com/shareweb/#/w/i/2ur50RoaFNjjs,,,,
,蜉蝣之国的囚徒,PC,Galgame,https://yun.139.com/shareweb/#/w/i/2ur52Fwe7cZ58,,,,
,anemoi,PC,Galgame,https://yun.139.com/shareweb/#/w/i/2ur51mqpGFMtb,,,,
,爱上火车：Last Run,MacOS,Galgame,https://pan.baidu.com/s/1NcZ_sVgFIXJ2kfCl6lcKow?pwd=zxmm,,,,
,千恋万花,MacOS,Galgame,https://pan.baidu.com/s/1WTkuxbmZppE_9M-9YXQ1MA?pwd=zxmm,,,,
,Riddle Joker ,MacOS,Galgame,https://pan.baidu.com/s/1n4gtCGCvkgce2oNpIN2uMw?pwd=zxmm,,,,
,天使纷扰,MacOS,Galgame,https://pan.baidu.com/s/1KurbmJD3jKWMyaRJ4Pi6EA?pwd=zxmm,,,,
,甜蜜女友 2+,MacOS,Galgame,https://pan.baidu.com/s/11QIf9caAPWFuVsNa1XISmg?pwd=zxmm,,,,
,天津罪,MacOS,Galgame,https://pan.baidu.com/s/1AwAio2BpL8aqYUEouVgLzg?pwd=zxmm,,,,
,同级生Remake,MacOS,Galgame,https://pan.baidu.com/s/1ToKtnjAFWELZm5MZARcpPg?pwd=zxmm,,,,
,金辉恋曲四重奏,MacOS,Galgame,https://pan.baidu.com/s/10seXvsQV7mZJsbvJd22eNQ?pwd=zxmm,,,,
,甜蜜女友 3,MacOS,Galgame,https://pan.baidu.com/s/1zEJMtX3Tq-HMjRSvFv23kg?pwd=zxmm,,,,
,美少女万华镜 5,MacOS,Galgame,https://pan.baidu.com/s/19RBCdgi15qPQhHRhddrR7g?pwd=zxmm,,,,
,苍之彼方的四重奏,MacOS,Galgame,https://pan.baidu.com/s/1jx-k5W6me3N6z24G73TQ4w?pwd=zxmm,,,,
,少女骑士物语,MacOS,Galgame,https://pan.baidu.com/s/1B9JUdKyhR0gpeZXJSQAkdw?pwd=zxmm,,,,
,幸运草的约定,MacOS,Galgame,https://pan.baidu.com/s/1vaG_wMg4E6eW9fDhKratng?pwd=zxmm,,,,
,全员寝取2,安卓直装,Galgame,https://share.feijipan.com/s/eQ3Q8Uqt,,,,
,搜查官戴安娜(4521120),安卓直装,Galgame,https://share.feijipan.com/s/rA3Q6no4,,,,
,退魔士玛利亚与湖畔小镇,安卓直装,Galgame,https://share.feijipan.com/s/2R34MbOn,,,,
,言听计从义妹催情900338,安卓直装,Galgame,https://share.feijipan.com/s/AW34M8Jd,,,,
,被樱子夺走的故事,安卓直装,Galgame,https://share.feijipan.com/s/AW34M8Jd,,,,
,我甜美梦中的猫娘,安卓直装,Galgame,https://share.feijipan.com/s/AW34M8Jd,,,,
,【pc】甜蜜夏日：完美版(AMANATSU ~Perfect Edition~)v1.0.2中文免安装硬盘版,pc,game,https://pan.quark.cn/s/24a4af22439d,,,,
,【pc】异环全自动钓鱼工具,pc,工具,https://yun.139.com/shareweb/#/w/i/2v3EzJePuqUmq,,,,
,【安卓】拷贝漫画 v3.0.8 去广告精简纯净版,安卓,漫画,https://yun.139.com/shareweb/#/w/i/2v3ECws7MYCqk,,,,
,【安卓】剪映,安卓,剪辑,https://yun.139.com/shareweb/#/w/i/2v3EJJVr4Ujsy,,,,
,【安卓】太妃物语2-1.0.36重制版,安卓,game,https://yun.139.com/shareweb/#/w/i/2v3EHvQ43wgv1,,,,
,【pc】mod管理器,pc,管理器,https://yun.139.com/shareweb/#/w/i/2v3EJwUx8okul,,,,
,【PC】我捡到了一个离家出走的女孩v1.0.05,pc,game,https://yun.139.com/shareweb/#/w/i/2v3EE9zhKzLzk,,,,
,【异环mod】翳-程肖宇,pc,mod,https://yun.139.com/shareweb/#/w/i/2v3EJJVqXz7a5,,,,
,邪神祷告,pc,game,https://yun.139.com/shareweb/#/w/i/2v3EDUyaBjv7a,,,,
,星辰婚礼！~与六位女主角一起经营酒馆的甜蜜恋爱RPG,PC+mtool安卓+安卓直装,RPG,https://yun.139.com/shareweb/#/w/i/2v3EADiRUVxjo,,,,
,雌小鬼野球拳v1.3,PC,SLG,https://yun.139.com/shareweb/#/w/i/2v3EKrYyPFtpw,,,,
,3D文学少女擅自O射H！,PC+MAC支持VR,SLG,https://yun.139.com/shareweb/#/w/i/2v3EHsPQKWs36,,,,
,奈乃花色情又炎热的日子 なのかのエロ暑い日 汉化版+自带全回想,安卓直装,galgame,https://yun.139.com/shareweb/#/w/i/2v3ED5uA3y47a,,,,
,亲爱的触碰v0.4.0 官方中文版,安卓直装,SLG,https://yun.139.com/shareweb/#/w/i/2v3ECWtVe202o,,,,
,极道无赖EX：女警鲇川光v1.06 官方中文版,PC,SLG,https://yun.139.com/shareweb/#/w/i/2v3EC7qjGDV11,,,,
,虫梦：睡播Ytuber与爆红之夜,PC+安卓直装,SLG,https://yun.139.com/shareweb/#/w/i/2uZT9mtZ7Efk0,,,,
,我的女友是恶霸Ch2 - Ep2 汉化,安卓直装,SLG,https://yun.139.com/shareweb/#/w/i/2v3EJWWjW9ily,,,,
,个世界只剩下我和她,PC,SLG,https://yun.139.com/shareweb/#/w/i/2v3ECjrehur19,,,,
,新风记 ～桂香之章～ 神楽新風記 ～桂香の章～,PC,RPG,https://yun.139.com/shareweb/#/w/i/2v3ECCszQA4n9,,,,
,不行啦…和侄女美波的秘密,安卓直装,SLG,https://yun.139.com/shareweb/#/w/i/2v3EJzULwFahz,,,,
,抗战胜利70周年大阅兵这天我老婆突然消失了,PC+安卓直装+KRKR,galgame,https://yun.139.com/shareweb/#/w/i/2v3EH3N3oX7aw,,,,
,埃罗芒阿老师同人工ロア二メ先生生肉版+自带全CG解放,PC,SLG,https://yun.139.com/shareweb/#/w/i/2v3EB9m4Y38qk,,,,
,"からかい上手の高○さん/
擅长捉弄的高木同学",PC,SLG,https://yun.139.com/shareweb/#/w/i/2v3EBHoxZCYxu,,,,
,中二病でも痴漢がしたい!,PC,SLG,https://yun.139.com/shareweb/#/w/i/2v3EBmmZhginc,,,,
,睡眠○ ～地下アイドルたちとの合宿生活～,PC,SLG,https://yun.139.com/shareweb/#/w/i/2v3EBmmZ91Ztq,,,,
,泽恩的房间,PC,SLG,https://yun.139.com/shareweb/#/w/i/2v3EBpncw5Bhu,,,,
,魔女的遗产,PC+安卓直装,SLG,https://yun.139.com/shareweb/#/w/i/2v3EB3kCKnJ4k,,,,
,绯月仙行录 v1.292 Steam官中步兵版+全CG存档 ,PC+安卓,PRG,https://yun.139.com/shareweb/#/w/i/2v3Eww0HYZH6c ,,,,
,铝海的医术师 アルミオシオンの医術師 Ver1.13 AI汉化版+自带全回想,PC+mtool安卓,RPG,https://yun.139.com/shareweb/#/w/i/2v3Ez4bVMPHyy,,,,
,痴汉愿望综合征 AI汉化版 ,PC+mtool安卓,SLG,https://yun.139.com/shareweb/#/w/i/2vMBNXJ0vge2q,,,,
,青春☆炸药!!～热闹的放学后,安卓直装,Galgame,https://yun.139.com/shareweb/#/w/i/2vMBNNHjW8zy3,,,,
,与温柔可爱的大姐姐一起的秘密三天 ,PC+安卓直装,SLG,https://yun.139.com/shareweb/#/w/i/2vMBMtBvaAfxi,,,,
,网恋女友！～与家里蹲女友的甜蜜同居生活～ ,安卓直装,SLG,https://yun.139.com/shareweb/#/w/i/2vMBL9vFkmFcg,,,,
,终之空 1999版,PC+安卓直装,galgame,https://yun.139.com/shareweb/#/w/i/2vMBLyxtjRy6h,,,,
,女神的旨意0.4.6b,安卓直装,SLG,https://yun.139.com/shareweb/#/w/i/2v3EEfzJarf5c,,,,
,8号美代,安卓直装,SLG,https://yun.139.com/shareweb/#/w/i/2v3EE6z3yRxax,,,,
,OPUS 心吾相山,安卓模拟器,switch,https://yun.139.com/shareweb/#/w/i/2v3EJTW6r0Ywo,,,,
,飘袅之白,安卓直装,galgame,https://yun.139.com/shareweb/#/w/i/2v3EJdTbMuRik,,,,
,女祭司之眼 [明日方舟同人] The Eye Of Priestess v1.4 官中版 ,PC,SLG,https://yun.139.com/shareweb/#/w/i/2v3EDhvtpPG1z,,,,
,恋爱x决胜战本篇+ FD1+ FD2,安卓直装,galgame,https://yun.139.com/shareweb/#/w/i/2v3EDkvGGzpca,,,,
,传颂之物 循白之证,pc,Galgame,https://pan.baidu.com/s/1gTz1bZqaWrOWND1uOk-eaQ?pwd=zxmm,,,,
,传颂之物 循白之证,pc,Galgame,https://pan.xunlei.com/s/VOuh-wE819C8QwMu6UUvKZv0A1?pwd=jwjm,,,,
,魔女—终末旅途 ,pc,Galgame,https://pan.baidu.com/s/1O09AsB5411Ko2jARmaS_Kw?pwd=zxmm,,,,
,魔女—终末旅途 ,pc,Galgame,https://pan.xunlei.com/s/VOugzBmykpZtqYRHYX0n8d-PA1?pwd=qmbb,,,,
,学生时代,pc,Galgame,https://pan.baidu.com/s/1YK45vmCP6wYz3wiRQfJ-nA?pwd=zxmm,,,,
,学生时代,pc,Galgame,https://pan.xunlei.com/s/VOuh0pptSb4hI-xjwN1_1VlvA1?pwd=hw84,,,,
,星尘轨迹：魔女之愿,pc,Galgame,https://pan.baidu.com/s/14L1slKi71XVlDfh5OmgIew?pwd=zxmm,,,,
,星尘轨迹：魔女之愿,pc,Galgame,https://pan.xunlei.com/s/VOuh1FzuN0S_asXOfIRwvdk3A1?pwd=5dtv,,,,
,神陨之地,pc,Galgame,https://pan.baidu.com/s/1chfyVZXGEPVY2x9spnbv1Q?pwd=zxmm,,,,
,神陨之地,pc,Galgame,https://pan.xunlei.com/s/VOuh1_B9YbQa8qJBmPs400PCA1?pwd=hw3r,,,,
,薛定谔的电话,pc,Galgame,https://pan.baidu.com/s/15A5bOcmtj1Eq1E4LXQip0Q?pwd=zxmm,,,,
,薛定谔的电话,pc,Galgame,https://pan.xunlei.com/s/VOuh27wdEAS9MUBk34vfehOLA1?pwd=he2j,,,,
,OPUS：心相吾山,pc,Galgame,https://pan.baidu.com/s/1VAH7eLY8EdIduz_LIo9_kQ?pwd=zxmm,,,,
,OPUS：心相吾山,pc,Galgame,https://pan.xunlei.com/s/VOuh2VkqD5TJYEJ0GB9PTZDaA1?pwd=k53n,,,,
,Million Depth,pc,Galgame,https://pan.baidu.com/s/1pQKbBosasE-I5bxLxKShSQ?pwd=zxmm,,,,
,Million Depth,pc,Galgame,https://pan.xunlei.com/s/VOuh4-sODUHCIzKskHnaNS7MA1?pwd=w9rj,,,,
,梦幻魔法公主,pc,Galgame,https://pan.baidu.com/s/1Zqqhc9HLLz_afQ6bcKGqFQ?pwd=zxmm,,,,
,梦幻魔法公主,pc,Galgame,https://pan.xunlei.com/s/VOuh4qO5dX9FLkybx-2AdtXtA1?pwd=wxtu,,,,
,再见犹丽迪茜,pc,Galgame,https://pan.baidu.com/s/1koCGopJ9S3sXO5urrD3uDg?pwd=zxmm,,,,
,再见犹丽迪茜,pc,Galgame,https://pan.xunlei.com/s/VOuh5Eb3f-GjvqWzMOIQS7w9A1?pwd=igdf,,,,
,无尽爱丽丝,pc,Galgame,https://pan.baidu.com/s/1RDDf5siFX1zS4uvSMMTFPQ?pwd=zxmm,,,,
,无尽爱丽丝,pc,Galgame,https://pan.xunlei.com/s/VOuh5eFoQzKbBW9nCOofJN5cA1?pwd=hefu,,,,
,餐癮地城,pc,Galgame,https://pan.xunlei.com/s/VOuh69shsSTv8QGIb76UNhaiA1?pwd=c2dz,,,,
,餐癮地城,pc,Galgame,https://pan.baidu.com/s/1FawBWp-zwGyAslzeCun_LA?pwd=zxmm,,,,
,COGEN: 大凤羽空与刻之剑,pc,Galgame,https://pan.xunlei.com/s/VOuh6Y70Kw22kl1dxBMZF4EjA1?pwd=rhiq,,,,
,COGEN: 大凤羽空与刻之剑,pc,Galgame,https://pan.baidu.com/s/1ZmqrfBVCsMwlyb1kN9noVw?pwd=zxmm,,,,
,ARIE：月咏,pc,Galgame,https://pan.xunlei.com/s/VOuh6v4rdPDJVicWnAtL7I1BA1?pwd=tun7,,,,
,ARIE：月咏,pc,Galgame,https://pan.baidu.com/s/1V8cnf3WT_5IF4WesbIf-wQ?pwd=zxmm,,,,
,纺织者之咏,pc,Galgame,https://pan.xunlei.com/s/VOuh7DOGjliDujk2948UHJQuA1?pwd=b7vq,,,,
,纺织者之咏,pc,Galgame,https://pan.baidu.com/s/1KTBx4a1UkOkA6gNFgFz9Cg?pwd=zxmm,,,,
,刀剑神域 碎梦边境,pc,Galgame,https://pan.xunlei.com/s/VOuh7ZgzsSTv8QGIb76UOoH-A1?pwd=5p8z,,,,
,刀剑神域 碎梦边境,pc,Galgame,https://pan.baidu.com/s/1anlLefe-xeXAlzB_om2-vw?pwd=zxmm,,,,
,青鬼蓝莓温泉之谜+DLC 青鬼蓝莓温泉之谜真相篇,pc,Galgame,https://pan.xunlei.com/s/VOuh84mJKOy2HMi_ayU63RSAA1?pwd=xqsg,,,,
,青鬼蓝莓温泉之谜+DLC 青鬼蓝莓温泉之谜真相篇,pc,Galgame,https://pan.baidu.com/s/1ikpB2_7k2P76FMm5m2s94w?pwd=zxmm,,,,
,萨妮羊研究室,pc,Galgame,https://pan.baidu.com/s/1z-OIkH70R7MEAQCegBtISQ?pwd=zxmm,,,,
,萨妮羊研究室,pc,Galgame,https://pan.xunlei.com/s/VOuh8w2vuFRDol2OmFBOhPlRA1?pwd=bckc,,,,
,剪映 v19.8.0 会员版,安卓,实用软件,https://pan.baidu.com/s/1B8Ijn7v3uNezXrjSa6jYEw?pwd=zxmm,,,,
,箱庭青春,安卓,Galgame,https://yun.139.com/shareweb/#/w/i/2vMBLpwNjS4wx,,,,
,我的高冷女友,安卓,Galgame,https://yun.139.com/shareweb/#/w/i/2vMBM1zu7SAdm,,,,
,幻想家的白夜,安卓,Galgame,https://yun.139.com/shareweb/#/w/i/2vMBNNHjNS83r,,,,
,断线综合征,安卓,Galgame,https://yun.139.com/shareweb/#/w/i/2vMBMwBJrASm8,,,,
,阿凉的幸运日,安卓,Galgame,https://yun.139.com/shareweb/#/w/i/2vMBMnB3LEY8e,,,,
,当火车鸣笛三秒,安卓,Galgame,https://yun.139.com/shareweb/#/w/i/2vMBLcvUqY9hk,,,,
,东北之夏,安卓,Galgame,https://pan.quark.cn/s/37f9ec0340d8,,,,
,我与她们的大学画像,安卓,Galgame,https://pan.quark.cn/s/f4801775b01b,,,,
,心所向往的北极星,安卓,Galgame,https://pan.quark.cn/s/b6f87310daf6,,,,
,NTR偶像: Déjà Vu NTRアイドル: デジャヴ v1.07 Steam官中步兵版+存档,PC,SLG,https://yun.139.com/shareweb/#/w/i/2vMBPyLETZ4d2,,,,
,黑暗统治 -锁之支配-v1.2.0 ,PC+安卓直装,SLG,https://yun.139.com/shareweb/#/w/i/2vMBQwQWkr6ge,,,,
,放学后的教室～两人亲密相处～ ,PC+安卓直装,SLG,https://yun.139.com/shareweb/#/w/i/2vMBP0JcvqR9j,,,,
,睡眠姦～与地下偶像们的合宿生活~官方中文版,PC+安卓直装,SLG,https://yun.139.com/shareweb/#/w/i/2v3EBmmZ91Ztq,,,,
,希尔丝大冒险v1.0.3 官方中文版,PC+mtool安卓,RPG,https://yun.139.com/shareweb/#/w/i/2vMBPLMzdTN3u,,,,
,45号电车 45番電車 Demo 官中版,PC,SLG,https://yun.139.com/shareweb/#/w/i/2vMBQ1NGiVNx0,,,,
,理想的父亲,安卓直装,SLG,https://yun.139.com/shareweb/#/w/i/2vMBNoFw4h4gi,,,,
,和存在感薄弱的妹妹一起简单生活 1.13,安卓直装,SLG,https://yun.139.com/shareweb/#/w/i/2ur4YSerDN5g5,,,,
,砂狼白子 シロコライド,PC,ACT,https://yun.139.com/shareweb/#/w/i/2vMBP6JEszF54,,,,
,Hot And Lovely Waifu XXII,PC,SLG,https://yun.139.com/shareweb/#/w/i/2vMBNDGDohB2i,,,,
,契约女友的淫爱体验III 契約彼女の淫愛体験III 官中版+存档,PC,SLG,https://yun.139.com/shareweb/#/w/i/2vMBNUHLy5Esd,,,,
,【铝海的医术师 アルミオシオンの医術師 Ver1.15 AI汉化版+自带全回想】,PC+mtool安卓+安卓直装 ,RPG,https://yun.139.com/shareweb/#/w/i/2v3Ez4bVMPHyy,,,,
,茸雪,PC+KRKR,galgame,https://yun.139.com/shareweb/#/w/i/2vMBPEM7TPWnr,,,,
,森林物语～小小城镇的牧场生活～Ver1.4.2 AI汉化版 +DLC,PC+mtool安卓,RPG,https://yun.139.com/shareweb/#/w/i/2vMBPLMzpRkqo,,,,
,枫酱想回家～能抵挡住扶她妹们的诱惑吗？～,PC+mtool安卓,RPG,https://yun.139.com/shareweb/#/w/i/2vMBNDGDN7jb4,,,,
,"修干嘛？二手3C店的暗营业 Sex, Secrets & Used Tech Demo Ver0.613a Steam官中步兵版+官中版",PC,SLG,https://yun.139.com/shareweb/#/w/i/2v3EBLoMCTL5i,,,,
,只要一次就好，让我和你做爱吧！ 一度だけでいいから、エッチさせて！v26.06.09 官中版+自带全回想,PC,SLG,https://yun.139.com/shareweb/#/w/i/2v3EFWH83wT4c,,,,
,痴汉愿望综合征 AI汉化版,PC+mtool安卓+安卓直装 ,RPG,https://yun.139.com/shareweb/#/w/i/2vMBNXJ0vge2q,,,,
,GTA5 超全Mod整合包,pc,game,https://pan.quark.cn/s/92358af33c1d?pwd=r1yZ,,,,
,【pc】鸣潮v3.5 单机版测试服6.28,pc,game,https://pan.quark.cn/s/2483f68e94b6,,,,
,【pc】剑星v1.4.1全DLC免虚拟机豪华版+绅士Mod,pc,game,https://pan.quark.cn/s/e0699738d747,,,,
,【pc+安卓】禁止过分投入2中文版安卓+PC双端,pc、安卓,game,https://pan.quark.cn/s/bcce06b18fc7?pwd=WHJt,,,,
,【pc】剑星付费Mod合集包,pc,mod,https://pan.quark.cn/s/814cfb2a524c?pwd=V5tq,,,,
,【pc】GTA5 超全Mod整合包,pc,mod,https://pan.quark.cn/s/92358af33c1d?pwd=r1yZ,,,,
,助けの来ない場所で,pc,game,https://yun.139.com/shareweb/#/w/i/2w2KH49MRxH0j,,,,
,トモダチの母2_～恋愛成就の神アプリで親友の母さんを恋人に～,,,https://yun.139.com/shareweb/#/w/i/2w2KHnb88rJ8m,,,,
,Relirium -レリリウム- 遺跡と出逢いと冒険と ,PC,Galgame,https://yun.139.com/shareweb/#/w/i/2w2KH19yMivbp,,,,
,在无人援助之地 助けの来ない場所で 生肉版+自带全回想,PC,SLG,https://yun.139.com/shareweb/#/w/i/2w2KGP8ETifrb,,,,
,マガルミナ,PC+KRKR,galgame,https://yun.139.com/shareweb/#/w/i/2w2KGs779RQwr,,,,
,努力的你与二人的同居生活 ～离家出走辣妹的恩恩爱爱性活SLG～ AI汉化版,PC+mtool安卓,SLG,https://yun.139.com/shareweb/#/w/i/2w2KHqbn9Zmx8,,,,
,利斯塔利亚 – 阶级、领地、女人。将一切尽收囊中的逆袭故事 AI汉化版+全回想存档,PC+mtool安卓,RPG,https://yun.139.com/shareweb/#/w/i/2w2KGL8rYsU44,,,,
,常识改变模拟器 使用催眠APP与心仪的她成为恋人吧 v1.017 官中版+存档,PC,SLG,https://yun.139.com/shareweb/#/w/i/2w2KGm6E72bqz,,,,
,理想的家里蹲生活 ～父女甜蜜恩爱同居～v1.1.7 官中版+存档+去码补丁,PC,SLG,https://yun.139.com/shareweb/#/w/i/2w2KH49NMwvwt,,,,
,虏之樱～美丽绽放却被淫荡散落的处女~ ,PC,galgame,https://yun.139.com/shareweb/#/w/i/2w2KGm6Ej4eu7,,,,
,Extracurricular Activities ,安卓直装,galgame,https://yun.139.com/shareweb/#/w/i/2w2KGy7yhuucw,,,,
,迷途羔羊与死者之声 Vol.1 ,PC,galgame,https://yun.139.com/shareweb/#/w/i/2w2KGP8FHeQtp,,,,
,撒娇☆哥哥充满婴儿感的妹妹们,安卓直装,galgame,https://yun.139.com/shareweb/#/w/i/2w2KGp6TXdqtc,,,,
,修干嘛？二手3C店的闇营业v1.02a 官方中文步兵版 ,PC,slg,https://yun.139.com/shareweb/#/w/i/2w2KKcjcKSzmd,,,,
,年上彼女2,PC+安卓直装+IOS直装+switch,galgame,https://yun.139.com/shareweb/#/w/i/2w2KFR4qd2nhq,,,,
,末日机娘,安卓直装,galgame,https://yun.139.com/shareweb/#/w/i/2w2KJRhDjxP9g,,,,
,as：9-nine- ARTEISIA,PC+KRKR,galgame,https://yun.139.com/shareweb/#/w/i/2w2KJkfpe3Myt,,,,
,片轮少女（原版+重置版）,安卓直装,galgame,https://yun.139.com/shareweb/#/w/i/2w2KGc60aUnq9,,,,
,樱舞落花恋模样,安卓直装,galgame,https://yun.139.com/shareweb/#/w/i/2w2KGi6rKAA70,,,,
,病娇妹妹的监禁生活／妹妹太爱我了~所以决定和她生个孩子,安卓直装,galgame ,https://yun.139.com/shareweb/#/w/i/2w2KFN4c9e0kv,,,,
,尽情宣泄！极限OL酱,PC+安卓直装,SLG,https://yun.139.com/shareweb/#/w/i/2w2KHaafvZF1u,,,,
,【兽人正太新娘♂】小提的色色新娘修行? ,PC,SLG,https://yun.139.com/shareweb/#/w/i/2w2KJ8evsCScx,,,,
,疯狂岛v0.5.11.1-Beta 官中版 ,PC,SLG,https://yun.139.com/shareweb/#/w/i/2w2KFD3wwMuvk,,,,
,HumanCargo,PC+MAC+安卓直装 ,galgame ,https://yun.139.com/shareweb/#/w/i/2w2KFN4coryus,,,,
,与喜欢游戏的女高中生成为自慰好友 ゲーム好きなJKとオナトモになる,PC,SLG,https://yun.139.com/shareweb/#/w/i/2w2KJGgYJNvs8,,,,
,与陌生jk的七日密室生活,安卓直装,SLG,https://yun.139.com/shareweb/#/w/i/2w2KJug4UUA7h,,,,
,你妈真漂亮,PC+KRKR,galgame,https://yun.139.com/shareweb/#/w/i/2w2KFU4E1Uj0g,,,,
,一个夏天的回忆 ひと夏の思い出 内嵌AI汉化版 去码版+存档,PC,SLG,https://yun.139.com/shareweb/#/w/i/2vMBP3Jqy5xag,,,,
,关于巨乳女高中生的继姐被傲慢的年下用催眠术驯服的故事,PC+安卓直装,SLG,https://yun.139.com/shareweb/#/w/i/2w2KHwbQ2b1jr,,,,
,幻装少女娜姬 -赛博晴色陷阱地牢潜入录 AI汉化版,PC+安卓直装,PRG,https://yun.139.com/shareweb/#/w/i/2w2KHtbAR55jo,,,,
,【pc】モザイクの天使 Ai汉化+全CG存档,pc,game,https://yun.139.com/shareweb/#/w/i/2w2KJ2e3xqeay,,,,
,偶像调教事件簿,pc,game,https://yun.139.com/shareweb/#/w/i/2w2KJbeHSyQmb,,,,
,颓废修女,pc、安卓,game,https://yun.139.com/shareweb/#/w/i/2w2KJrfR7qZd2,,,620014,
,恋人日常 Lovers' Fun!,pc,game,https://yun.139.com/shareweb/#/w/i/2w2KLWrPttmiy,,,,
,吸血鬼调教,pc+rpgviewer、安卓,game,https://yun.139.com/shareweb/#/w/i/2w2KJxghBk4ux,,,,
,NTR家族 V1.1.1,pc,game,https://yun.139.com/shareweb/#/w/i/2w2KHJcGw9Eo9,,,,
,凤凰17.0.1,pc+spark+renpyreader、安卓,game,https://yun.139.com/shareweb/#/w/i/2w2KJeeX1Arvj,,,,
,ISEKAI CHAN/异世界酱！,pc+spark+renpyreader、安卓,game,https://yun.139.com/shareweb/#/w/i/2w2KJofBuznd0,,,,
,维度抵抗者/Resist Extra Dimensional V0.1.5,pc+spark+renpyreader、安卓,game,https://yun.139.com/shareweb/#/w/i/2w2KJrfQAihms,,,,
,我的女友是恶霸 Ch.2Ep.2,安卓+spark,game,https://yun.139.com/shareweb/#/w/i/2w2KJNhprFV8g,,,,
,剪映,安卓,剪辑,https://yun.139.com/shareweb/#/w/i/2v3EJJVr4Ujsy,,,,
,拷贝漫画,安卓,漫画,https://yun.139.com/shareweb/#/w/i/2v3ECws7MYCqk,,,,
,剪映国际版,安卓,剪辑,https://yun.139.com/shareweb/#/w/i/2w2KFD3wEVz3g,,,,
,360压缩,pc,解压缩,https://pan.xunlei.com/s/VOmDhS0A9lZjFpoV7D3swmyKA1?pwd=8efk#,,,,
,winrar,pc,解压缩,https://pan.xunlei.com/s/VOmK1VvC1m7h_teYKIuUMMqiA1?pwd=ekag#,,,,
,bandizip,pc,解压缩,https://pan.xunlei.com/s/VOmK7D3U5boGXA1IARIv98_lA1?pwd=ut57#,,,,
,haozip,pc,解压缩,https://pan.xunlei.com/s/VOmMia5zc1Aufw_pDGNcnq9oA1?pwd=g56y#,,,,
,steam下载管家,pc,游戏工具,https://pan.xunlei.com/s/VOmMt4r91m7h_teYKIuVuTLAA1?pwd=av7k#,,,,
,office2024正式版,pc,办公软件,https://pan.xunlei.com/s/VOmdQYMJATOOR8YAWCMzs5vqA1?pwd=b4n2#,,,,
,ps2026,pc,办公软件,https://pan.xunlei.com/s/VOmmmkHvpqdH9f0aernqIuoiA1?pwd=zykf#,,,,
,lrc2025,pc,办公软件,https://pan.xunlei.com/s/VOmn1Eqk1XyiOhuOC4WAlfqGA1?pwd=8fk3#,,,,
,lrc2026,pc,办公软件,https://pan.xunlei.com/s/VOmnaypl2DPumHKe4uPG2rjDA1?pwd=kbej#,,,,
,lrc2024,pc,办公软件,https://pan.xunlei.com/s/VOmnpwcZ8sqAEiikER67_AOVA1?pwd=iv86#,,,,
,Lightroom Classic 2022,pc,办公软件,https://pan.xunlei.com/s/VOmy8L1_1fSgQpCdJjFmKL0CA1?pwd=ckfq#,,,,
,Lightroom Classic2023,pc,办公软件,https://pan.xunlei.com/s/VOmyFrUCW8J627XW_gZBLPzDA1?pwd=a5i5#,,,,
,Lightroom Classic 2021,pc,办公软件,https://pan.xunlei.com/s/VOmyLXzqiYs35cMTAgyPP-UvA1?pwd=ayi6#,,,,
,PS2025,pc,办公软件,https://pan.xunlei.com/s/VOn0NaBQCQaKz4ngs4GCAQJjA1?pwd=txjs#,,,,
,PS2024,pc,办公软件,https://pan.xunlei.com/s/VOn4sv5ckPkibMLs0OlbQ9SAA1?pwd=2udz#,,,,
,PS2023,pc,办公软件,https://pan.xunlei.com/s/VOn5LoUuPOby8aDoPKTh6QIQA1?pwd=t8kj#,,,,
,PS2022,pc,办公软件,https://pan.xunlei.com/s/VOn5YpgJB-MV4fdhX0jGezSiA1?pwd=b3m7#,,,,
,PS2020,pc,办公软件,https://pan.xunlei.com/s/VOn5meItCQaKz4ngs4GFsJfcA1?pwd=7iet#,,,,
,PS2019,pc,办公软件,https://pan.xunlei.com/s/VOn5rUBNaRMIeJJ9nThz0NvPA1?pwd=meyw#,,,,
,Lightroom Classic 2020,pc,办公软件,https://pan.xunlei.com/s/VOn60iGOPOby8aDoPKThgFapA1?pwd=i5ep#,,,,
,Ai 2026,pc,办公软件,https://pan.xunlei.com/s/VOn6ESQPsSy7geJTGLf0AM3SA1?pwd=y6s6#,,,,
,Ai 2025,pc,办公软件,https://pan.xunlei.com/s/VOn6f5jbPOby8aDoPKTiHhtUA1?pwd=v8ke#,,,,
,Ai 2024,pc,办公软件,https://pan.xunlei.com/s/VOnA7yr6FLso20l1o0gy7hs1A1?pwd=9hda#,,,,
,Ai 2023,pc,办公软件,https://pan.xunlei.com/s/VOnAONCotAulRilotUU0_mlbA1?pwd=huuv#,,,,
,Ai 2022,pc,办公软件,https://pan.xunlei.com/s/VOnB-MjABIghiNoDKZVPymC5A1?pwd=hefm#,,,,
,Ai 2021,pc,办公软件,https://pan.xunlei.com/s/VOnB5YmWfW9BP1aa5I0ZuNwTA1?pwd=gjxs#,,,,
,Ai2020,pc,办公软件,https://pan.xunlei.com/s/VOnBDWVq5FqS2M3NKcjNGTYeA1?pwd=iue9#,,,,
,PS Elements2024,pc,办公软件,https://pan.xunlei.com/s/VOnBr6CSiWpuQLuxC3zGPN5ZA1?pwd=qixs#,,,,
,PS Elements2025,pc,办公软件,https://pan.xunlei.com/s/VOnC7Q_4d13quyVaPZ-UVRAbA1?pwd=fi3u#,,,,
,PS Elements2023,pc,办公软件,https://pan.xunlei.com/s/VOnFDPiUd13quyVaPZ-WUbgOA1?pwd=ydaf#,,,,
,Lightroom Classic 2019,pc,办公软件,https://pan.xunlei.com/s/VOnG9mQHIs-0WeHgehBcQ2Y6A1?pwd=uth5#,,,,
,InDesign2026（多版本）,pc,办公软件,https://pan.xunlei.com/s/VOnGY5YBCQaKz4ngs4GNfPHxA1?pwd=awsh#,,,,
,InDesign2025（多版本）,pc,办公软件,https://pan.xunlei.com/s/VOnGzcFOIs-0WeHgehBd-NMeA1?pwd=7ndq#,,,,
,InDesign2024,pc,办公软件,https://pan.xunlei.com/s/VOnHEtkCKIcGiCzlqIK32Hc2A1?pwd=y6u8#,,,,
,Ps Elements2021,pc,办公软件,https://pan.xunlei.com/s/VOnKnM8HuKIloyOP7aZ85pU_A1?pwd=mq6r#,,,,
,Ps Elements2020,pc,办公软件,https://pan.xunlei.com/s/VOnL9axCVoC_UJcntaaM2jBDA1?pwd=fuct#,,,,
,InDesign2023,pc,办公软件,https://pan.xunlei.com/s/VOnLJu3DrqzV57S4ZcBAe3dKA1?pwd=f7t8#,,,,
,InDesign2022,pc,办公软件,https://pan.xunlei.com/s/VOnLPqvumzH4It5g1nMtxox7A1?pwd=ax7t#,,,,
,InDesign2021,pc,办公软件,https://pan.xunlei.com/s/VOnLeGHRE3y_PDcZ-bUdg24HA1?pwd=mjgu#,,,,
,InDesign2020,pc,办公软件,https://pan.xunlei.com/s/VOnLjM4ssJRTnLXvW6uJ4wLCA1?pwd=4r9y#,,,,
,InDesign2019,pc,办公软件,https://pan.xunlei.com/s/VOnMEKL1utmR9_Sgciftnes-A1?pwd=6uus#,,,,
,ACDSee2026,pc,办公软件,https://pan.xunlei.com/s/VOnPYfBFBrA19KqM3AQlB8t_A1?pwd=uafu#,,,,
,ACDSee2025旗舰版,pc,办公软件,https://pan.xunlei.com/s/VOnPeGZOFVLmlMcZZHVxL7X5A1?pwd=bx7p#,,,,
,光影魔术手4.7.4,pc,办公软件,https://pan.xunlei.com/s/VOnPuOCpVvJJ2h2wQjedDpXPA1?pwd=hte9#,,,,
,光影魔术手4.7.2,pc,办公软件,https://pan.xunlei.com/s/VOnPxbZ44FORI6A4_3tUAbGTA1?pwd=mbf6#,,,,
,光影魔术手4.6.1,pc,办公软件,https://pan.xunlei.com/s/VOnQ1l1J0tIgcmJlipLKu3vAA1?pwd=ya8w#,,,,
,QuarkXPress2024,pc,办公软件,https://pan.xunlei.com/s/VOnRbFQitYOZ1jAQ_1QdyvN8A1?pwd=sy7a#,,,,
,QuarkXPress2025,pc,办公软件,https://pan.xunlei.com/s/VOnRhRC34FORI6A4_3tVSKDlA1?pwd=qwn8#,,,,
,QuarkXPress2023,pc,办公软件,https://pan.xunlei.com/s/VOnUSY_TtYOZ1jAQ_1Qfv9iBA1?pwd=ajpe#,,,,
,InCopy2026（多版本）,pc,办公软件,https://pan.xunlei.com/s/VOnUvB_5RODisCHDF_v-y46jA1?pwd=5c3c#,,,,
,InCopy2022,pc,办公软件,https://pan.xunlei.com/s/VOnVo5S3iHIyBFuBbJDXdFNpA1?pwd=idii#,,,,
,InCopy2021,pc,办公软件,https://pan.xunlei.com/s/VOnVs48hqLuYDtjXj_-Ln36oA1?pwd=26ib#,,,,
,InCopy2020,pc,办公软件,https://pan.xunlei.com/s/VOnVvwZZTNQXDf54kQf_654-A1?pwd=fwen#,,,,
,InCopy2025,pc,办公软件,https://pan.xunlei.com/s/VOnWazr35yoJreAETAMv16yMA1?pwd=ub4j#,,,,
,DxO FilmPack7.19,pc,办公软件,https://pan.xunlei.com/s/VOneY-T9VvJJ2h2wQjeoO1Z1A1?pwd=kd9s#,,,,
,DxO FilmPack7.11,pc,办公软件,https://pan.xunlei.com/s/VOnervh2ytk5XK7DIRR3a5RAA1?pwd=kfsj#,,,,
,DxO FilmPack7.15,pc,办公软件,https://pan.xunlei.com/s/VOnez34g1VqQ2NkijYYJKS8WA1?pwd=3p89#,,,,
,DxO PureRAW5.1,pc,办公软件,https://pan.xunlei.com/s/VOnfBiEEGsnc3_IYlH2WMcp4A1?pwd=uf9x#,,,,
,DxO PureRAW3.9,pc,办公软件,https://pan.xunlei.com/s/VOnfvevIFVLmlMcZZHW8rc_nA1?pwd=nwx5#,,,,
,DxO ViewPoint5.8,pc,办公软件,https://pan.xunlei.com/s/VOng-tRC5yoJreAETAJ1nKMEA1?pwd=fcq7#,,,,
,Topaz Gigapixel AI 8.1.0,pc,办公软件,https://pan.xunlei.com/s/VOnjKCkGQWoIX469lQcJdcTnA1?pwd=h6qx#,,,,
,Topaz Gigapixel AI 8.0.2,pc,办公软件,https://pan.xunlei.com/s/VOnjO3tsJkSUpqQP8q6QRIdJA1?pwd=4m62#,,,,
,Topaz Gigapixel AI 7.2.3,pc,办公软件,https://pan.xunlei.com/s/VOnjR9UQnYTNjupmfyEZYlFSA1?pwd=kwaj#,,,,
,Topaz Gigapixel AI 7.1.2,pc,办公软件,https://pan.xunlei.com/s/VOnjUncarwgR_qCbkCBsI1TAA1?pwd=4swj#,,,,
,Topaz Photo AI3.4.0,pc,办公软件,https://pan.xunlei.com/s/VOnk3g7v5OiiRXyGUz3-cK_YA1?pwd=v64i#,,,,
,Topaz Photo AI3.2.0,pc,办公软件,https://pan.xunlei.com/s/VOnk94R_VvJJ2h2wQjeslX5pA1?pwd=pmda#,,,,
,Topaz Photo AI3.0.1,pc,办公软件,https://pan.xunlei.com/s/VOnkCxmrFVLmlMcZZHWCBdV2A1?pwd=c9b2#,,,,
,Topaz DeNoise AI3.7.2,pc,办公软件,https://pan.xunlei.com/s/VOnkQkDj0tIgcmJlipL_liLWA1?pwd=87sc#,,,,
,AiArty Image Matting2.6,pc,办公软件,https://pan.xunlei.com/s/VOnkYWcCd9o03z2b-M0819rwA1?pwd=h66u#,,,,
,AiArty Image Matting2.5,pc,办公软件,https://pan.xunlei.com/s/VOnkd6i-sJRTnLXvW6uaZmn2A1?pwd=ddy8#,,,,
,AiArty Image Matting2.0,pc,办公软件,https://pan.xunlei.com/s/VOnkgTMrXSZfRK24S0hEhDE3A1?pwd=i8xa#,,,,
,Aiarty Image Enhancer3.7,pc,办公软件,https://pan.xunlei.com/s/VOnkkpq11VqQ2NkijYYNwQcgA1?pwd=r5qj#,,,,
,Aiarty Image Enhancer3.5,pc,办公软件,https://pan.xunlei.com/s/VOnknmVXrwgR_qCbkCBtO-JlA1?pwd=kmdx#,,,,
,Aiarty Image Enhancer3.3,pc,办公软件,https://pan.xunlei.com/s/VOnkqBjx0tIgcmJlipLa71oVA1?pwd=uhkd#,,,,
,Aiarty Image Enhancer2.6,pc,办公软件,https://pan.xunlei.com/s/VOnksrHE5OiiRXyGUz30J282A1?pwd=5jmz#,,,,
,Capture One23v16.4,pc,办公软件,https://pan.xunlei.com/s/VOnodOmSutmR9_SgcicDb2PcA1?pwd=8tji#,,,,
,SketchBook9.3,pc,办公软件,https://pan.xunlei.com/s/VOnoxmP5T6-Ji8yUYlDvm4hNA1?pwd=n5k6#,,,,
,SketchBook2021,pc,办公软件,https://pan.xunlei.com/s/VOnp57nuUCOolsw-CCnYhH0gA1?pwd=yes5#,,,,
,SketchBook2022,pc,办公软件,https://pan.xunlei.com/s/VOnp9xb0JkSUpqQP8q6UYtZfA1?pwd=v7i3#,,,,
,SketchBook2020,pc,办公软件,https://pan.xunlei.com/s/VOnpFELx_9IH6F5EqEUTbSllA1?pwd=2ajj#,,,,
,SketchBook2019,pc,办公软件,https://pan.xunlei.com/s/VOnpIF6A6vconAONHQzJISP7A1?pwd=fbj2#,,,,
,SketchBook2018,pc,办公软件,https://pan.xunlei.com/s/VOnpMYZliqRdRHQ_8sWSYYJrA1?pwd=2igp#,,,,
,SketchBook2016,pc,办公软件,https://pan.xunlei.com/s/VOnpPkKwmmic-a4D4Us_k7D2A1?pwd=se7u#,,,,
,SketchBook2015,pc,办公软件,https://pan.xunlei.com/s/VOnpTCQZavtxYf7h0q_UjYszA1?pwd=ui8j#,,,,
,SketchBook2014,pc,办公软件,https://pan.xunlei.com/s/VOnpWldLZeIscnA0Cett8nU5A1?pwd=eda5#,,,,
,Bridge2026,pc,办公软件,https://pan.xunlei.com/s/VOntNbCQFnnq0oUCvP72Wyg2A1?pwd=2meq#,,,,
,Bridge2024,pc,办公软件,https://pan.xunlei.com/s/VOntnUinGwij2Hva-hbTNgucA1?pwd=x32x#,,,,
,Bridge2025,pc,办公软件,https://pan.xunlei.com/s/VOntu1GLiHIyBFuBbJDooIq1A1?pwd=rruh#,,,,
,Bridge2023,pc,办公软件,https://pan.xunlei.com/s/VOnuUC4WrAFNBhwBEqlymnF2A1?pwd=vr97#,,,,
,Bridge2022,pc,办公软件,https://pan.xunlei.com/s/VOnuY52ktYOZ1jAQ_1Qzsi-WA1?pwd=ucbn#,,,,
,Bridge2021,pc,办公软件,https://pan.xunlei.com/s/VOnubGRoUxDqg8D5Tc9MJrZ4A1?pwd=m3ru#,,,,
,Bridge2020,pc,办公软件,https://pan.xunlei.com/s/VOnueFb3Z9TpmfE8iBf4dvX_A1?pwd=db5w#,,,,
,SAI 2-2024,pc,办公软件,https://pan.xunlei.com/s/VOnvE6z_Tny1H2OP-_6izChYA1?pwd=pfgp#,,,,
,SAI 2-2023,pc,办公软件,https://pan.xunlei.com/s/VOnvJMiNf7BnQNxAgxVgiLQRA1?pwd=dsmm#,,,,
,SAI 2-2022,pc,办公软件,https://pan.xunlei.com/s/VOnvLSRw2fSN211bp8-AGcMKA1?pwd=brq2#,,,,
,SAI 2-2019,pc,办公软件,https://pan.xunlei.com/s/VOnvMxvx8AtEw5GgZOgr-EcGA1?pwd=62ed#,,,,
,SAI 1.0,pc,办公软件,https://pan.xunlei.com/s/VOnyQhLRo14dIMZXEZZZC1aFA1?pwd=64qi#,,,,
,Krita5.2.13,pc,办公软件,https://pan.xunlei.com/s/VOnyUG48i2mhsGYOfOT__SqGA1?pwd=p3yp#,,,,
,Krita5.2.11,pc,办公软件,https://pan.xunlei.com/s/VOnyY8kLeaS5u8BlVZ1CaxyyA1?pwd=8xyz#,,,,
,Krita5.2.9,pc,办公软件,https://pan.xunlei.com/s/VOnydqBn-zRP-KG9rpl3svUhA1?pwd=md7s#,,,,
,Krita5.2.6,pc,办公软件,https://pan.xunlei.com/s/VOnyi2rco14dIMZXEZZZKlxZA1?pwd=bb2f#,,,,
,Krita5.1.3,pc,办公软件,https://pan.xunlei.com/s/VOnyoVF22fSN211bp8-CKeNHA1?pwd=zst4#,,,,
,Krita5.2.2,pc,办公软件,https://pan.xunlei.com/s/VOnylvtLHyLL0OE2rMSLEkltA1?pwd=bu5k#,,,,
,Pr2025,pc,办公软件,https://pan.xunlei.com/s/VOnzBWN3JN44sfjw3puc7uJnA1?pwd=2id6#,,,,
,Pr2024?,pc,办公软件,https://pan.xunlei.com/s/VOnzYt3o4lPYk85aFTjj7v7WA1?pwd=88ci#,,,,
,Pr2023,pc,办公软件,https://pan.xunlei.com/s/VOnzzN32eaS5u8BlVZ1DVHAKA1?pwd=nfhe#,,,,
,Pr2022,pc,办公软件,https://pan.xunlei.com/s/VOo-Ugds8AtEw5GgZOguCEorA1?pwd=54sw#,,,,
,Pr2021,pc,办公软件,https://pan.xunlei.com/s/VOo2TsFqyA7qFGUGsnHsit6zA1?pwd=w3t7#,,,,
,Pr2020,pc,办公软件,https://pan.xunlei.com/s/VOo2hTaa0_igO__krp640kmiA1?pwd=vpx6#,,,,
,Pr2019,pc,办公软件,https://pan.xunlei.com/s/VOo2n23TssvW0pCrcUWBIkXSA1?pwd=z62b#,,,,
,Neat Video5.0 for Pr,pc,办公软件,https://pan.xunlei.com/s/VOo398kv5IYG3uaAtp2EHG_UA1?pwd=t796#,,,,
,Boris FX Sapphire 2024 for Pr,pc,办公软件,https://pan.xunlei.com/s/VOo3C_j9f1SwXaIkz_jm6TexA1?pwd=377j#,,,,
,Neat Video5.0 for Pr,pc,视频降噪,https://pan.xunlei.com/s/VOo398kv5IYG3uaAtp2EHG_UA1?pwd=t796#,,,,
,Boris FX Sapphire 2024 for Pr,pc,,https://pan.xunlei.com/s/VOo3C_j9f1SwXaIkz_jm6TexA1?pwd=377j#,,,,
,Red Giant VFX Suite2025,pc,,https://pan.xunlei.com/s/VOo3v8hgL1qRZpEhyTsW7FkzA1?pwd=i4rw#,,,,
,BeatEdit2.1 for Pr,pc,,https://pan.xunlei.com/s/VOo49nCj0IMunTtMvS1ZdABiA1?pwd=r56y#,,,,
,Red Giant VFX Suite2024,pc,,https://pan.xunlei.com/s/VOo44UwcpoGz0V1Moulm3FWvA1?pwd=j76t#,,,,
,AfterCodecs v1.11.1,pc,,https://pan.xunlei.com/s/VOo4BwO4_H2kcoH4KkzGOVgOA1?pwd=k6zx#,,,,
,FilmImpact5.0.9,pc,,https://pan.xunlei.com/s/VOo4FG_TY_X2hUPKXL5pQCF5A1?pwd=x3d2#,,,,
,REZup v1.1.1,pc,,https://pan.xunlei.com/s/VOo4GnCngNDQ26U2Ydo9GR-SA1?pwd=4e6b#,,,,
,Speech to Text,pc,,https://pan.xunlei.com/s/VOo5D0pkf1SwXaIkz_jnRQR9A1?pwd=7kzv#,,,,
,ae2023,pc,,https://pan.xunlei.com/s/VOo8DsgDWcv1DsB57w5_ZI_UA1?pwd=cqwu#,,,,
,ae2025,pc,,https://pan.xunlei.com/s/VOo8dmghxBlDjrHG87C_9k9xA1?pwd=9k2v#,,,,
,Ae2024 v24.x,pc,,https://pan.xunlei.com/s/VOoA8CDuelb44Y3wyAb4qhKxA1?pwd=kzcm#,,,,
,Ae2022,pc,,https://pan.xunlei.com/s/VOoClMrq1bn3OsVbosyp2vo3A1?pwd=zt93#,,,,
,Ae2021,pc,,https://pan.xunlei.com/s/VOoCs_zxt-V7ia95c31uvBTQA1?pwd=ab8f#,,,,
,Ae2020,pc,,https://pan.xunlei.com/s/VOoDIgJSLf4-3S1Ken5i5JoqA1?pwd=bz6s#,,,,
,Ae2019,pc,,https://pan.xunlei.com/s/VOoDNlAl_tEfnlPJZUyXDl9TA1?pwd=ugsg#,,,,
,Neat Video5.6 for Ae,pc,视频降噪,https://pan.xunlei.com/s/VOoDcjS9_tEfnlPJZUyXNhshA1?pwd=ady5#,,,,
,Boris FX Sapphire 2024 for Ae,pc,,https://pan.xunlei.com/s/VOoDiq8K1MmCCUgV9cjkatfQA1?pwd=u52g#,,,,
,Boris FX Continuum2026,pc,动画特效,https://pan.xunlei.com/s/VOoEDZm1L1qRZpEhyTsbif47A1?pwd=m4vu#,,,,
,Boris FX Continuum2025,pc,,https://pan.xunlei.com/s/VOoEngG73Ck4DjpUbI0QVSn3A1?pwd=8a4p#,,,,
,Red Giant VFX Suite2024.for.Ae,pc,,https://pan.xunlei.com/s/VOoF9lwKtqp1u6rcVK2-FDscA1?pwd=s8qn#,,,,
,VideoCopilot FXConsole,pc,特效管理,https://pan.xunlei.com/s/VOoFIDyY8ltkGZylDy5J7AEcA1?pwd=ar3h#,,,,
,Edius9.55,pc,,https://pan.xunlei.com/s/VOoFRHb4Nvx_AhRxpmL2sj1CA1?pwd=96su#,,,,
,Edius6.5.5,pc,,https://pan.xunlei.com/s/VOoI86txgNDQ26U2YdoIEvqDA1?pwd=7228#,,,,
,威力导演 2026,pc,,https://pan.xunlei.com/s/VOoIEQAPjLZzABKvYfQL8YwAA1?pwd=mjvb#,,,,
,威力导演 2025,pc,,https://pan.xunlei.com/s/VOoILNvFQjJTWYgZFDPN5JYdA1?pwd=taen#,,,,
,威力导演 2024,pc,,https://pan.xunlei.com/s/VOoIbS7Xn1th0-UTLK0pvIFPA1?pwd=9ypq#,,,,
,Media Encoder2025,pc,,https://pan.xunlei.com/s/VOoIxBsOl0VgP01TRpjpj1jPA1?pwd=4s6s#,,,,
,Adobe Media Encoder2024,pc,,https://pan.xunlei.com/s/VOoK3uyXRpzodmZcGQHt7O9-A1?pwd=pbnh#,,,,
,Adobe Media Encoder2023,pc,,https://pan.xunlei.com/s/VOoKEXCedrtCjG1PQMVn8t3hA1?pwd=f5zr#,,,,
,Adobe Media Encoder2021,pc,,https://pan.xunlei.com/s/VOoKNeban1th0-UTLK0rGyWTA1?pwd=8hi5#,,,,
,Adobe Media Encoder2020,pc,,https://pan.xunlei.com/s/VOoKVhp7t-V7ia95c32-Qo0eA1?pwd=33hp#,,,,
,Adobe Media Encoder2019,pc,,https://pan.xunlei.com/s/VOoKYiEpsPRs_4S9Ukwcn7MrA1?pwd=tpjn#,,,,
,Adobe Media Encoder2022,pc,,https://pan.xunlei.com/s/VOoKaEbPgNDQ26U2YdoK6DNjA1?pwd=j6nf#,,,,
,Topaz Video AI 7.0.0,pc,,https://pan.xunlei.com/s/VOoN8KfMdrxt9FXJn2vKXftWA1?pwd=4vyy#,,,,
,Topaz Video AI 6.0.0,pc,,https://pan.xunlei.com/s/VOoNgwaRV8ybkrbWNI-k3lofA1?pwd=2txp#,,,,
,Topaz Video AI 5.3.4,pc,,https://pan.xunlei.com/s/VOoNkKfIdrtCjG1PQMVpHBDpA1?pwd=4isu#,,,,
,Topaz Video AI 5.5.2,pc,,https://pan.xunlei.com/s/VOoNr56q29u3ScW7YQPxcutuA1?pwd=gz5j#,,,,
,Topaz Video AI 5.0.2,pc,,https://pan.xunlei.com/s/VOoNwAX2j4usb2T6EYVYqyVyA1?pwd=jve5#,,,,
,Prelude2022,pc,,https://pan.xunlei.com/s/VOoO0xIcpgrcOERK8GBCpxg9A1?pwd=tbjq#,,,,
,Prelude2021,pc,,https://pan.xunlei.com/s/VOoPNvGPafaKeLqJ5DJPwdh0A1?pwd=3je4#,,,,
,Prelude2020,pc,,https://pan.xunlei.com/s/VOoPQO1GsLLNDISiVV00VWYDA1?pwd=m5ha#,,,,
,Premiere Elements2024,pc,,https://pan.xunlei.com/s/VOoP_fWU29u3ScW7YQPyorzhA1?pwd=vsbu#,,,,
,Premiere Elements2023,pc,,https://pan.xunlei.com/s/VOoPmajHxBlDjrHG87CkdJvnA1?pwd=kzdk#,,,,
,Premiere Elements2022,pc,,https://pan.xunlei.com/s/VOoQCLcDyKwDBQK4XVvU0rdLA1?pwd=bvt8#,,,,
,Premiere Elements2021,pc,,https://pan.xunlei.com/s/VOoS3aXOn1th0-UTLK0w5fBqA1?pwd=564r#,,,,
,Premiere Elements2020,pc,,https://pan.xunlei.com/s/VOoSYH_cdrxt9FXJn2vNoNGzA1?pwd=xkw3#,,,,
,Freemake Video Converter,pc,视频格式转换,https://pan.xunlei.com/s/VOoSebTyKyFcJXyKJXYKeHuUA1?pwd=zamv#,,,,
,格式工厂5.20,pc,,https://pan.xunlei.com/s/VOoSjqhrtO35TpmwJ6BK9kfLA1?pwd=fas7#,,,,
,剪映,pc,,https://pan.xunlei.com/s/VOoT8ijXt3_EKGsJnRCm5izJA1?pwd=pu4r#,,,,
,格式工厂5.17,pc,,https://pan.xunlei.com/s/VOoSvo0onOG2ICadvEDPNojyA1?pwd=iuai#,,,,
,格式工厂5.21,pc,,https://pan.xunlei.com/s/VOoSqeatAjV1C-Oax7dKu4cQA1?pwd=tuaj#,,,,
,CapCut（多版本）,pc,,https://pan.xunlei.com/s/VOoT_JhepQozJUmIUKMwsgYUA1?pwd=8cej#,,,,
,Audition 2025（多版本）,pc,,https://pan.xunlei.com/s/VOoTnSNX8zAgqgDchsouxaP9A1?pwd=ahpc#,,,,
,Audition 2024,pc,,https://pan.xunlei.com/s/VOoUTzkkdPS58iJUfZ1wHCUNA1?pwd=jvn4#,,,,
,Audition 2023,pc,,https://pan.xunlei.com/s/VOoUWgP-ggtBP6tjlJw-Qk-VA1?pwd=4xbe#,,,,
,Audition 2022,pc,,https://pan.xunlei.com/s/VOoUiv-hvpQQwjwBML9jcBOrA1?pwd=3vwt#,,,,
,Audition 2021,pc,,https://pan.xunlei.com/s/VOoUmrI4ggtBP6tjlJw-dgDfA1?pwd=5r7z#,,,,
,Audition 2020,pc,,https://pan.xunlei.com/s/VOoUq-rOo8yZulLcGvo6GitwA1?pwd=sfqe#,,,,
,Audition 2019,pc,,https://pan.xunlei.com/s/VOoUtpyvzr77sWIVkAbr8BTbA1?pwd=7zqv#,,,,
,Cubase 14,pc,,https://pan.xunlei.com/s/VOoXYlYQhRUazS3X_LRgsQYmA1?pwd=v54w#,,,,
,Cubase 13,pc,,https://pan.xunlei.com/s/VOoXbdYCggtBP6tjlJw1SHCCA1?pwd=z795#,,,,
,Cubase 12,pc,,https://pan.xunlei.com/s/VOoXfpNJZy8T7jdl4Lm4WuJNA1?pwd=3zj8#,,,,
,Cubase 11,pc,,https://pan.xunlei.com/s/VOoXj_7lhQVfWfBKdyaC5NA7A1?pwd=c886#,,,,
,Cubase 8,pc,,https://pan.xunlei.com/s/VOoXnhocpT6x1PCNGbLj2vpFA1?pwd=qbyb#,,,,
,Nuendo 14,pc,,https://pan.xunlei.com/s/VOo_14p-I8XO1LJ7bAIv2u-6A1?pwd=nq2c#,,,,
,Nuendo 13,pc,,https://pan.xunlei.com/s/VOo_5yi9pT6x1PCNGbLklgPuA1?pwd=k2qv#,,,,
,Nuendo 10,pc,,https://pan.xunlei.com/s/VOobbeJRhAHTWfzXRjHifkuiA1?pwd=itwp#,,,,
,Corona14.0 for C4D,pc,,https://pan.xunlei.com/s/VOobuVSihbT46ZgZY0XoNk9_A1?pwd=c2ms#,,,,
,Corona12.1 for C4D,pc,,https://pan.xunlei.com/s/VOobzCMjciF-uIDezkzy8PZ1A1?pwd=xub2#,,,,
,Corona12.1for C4D,pc,,https://pan.xunlei.com/s/VOoc7Jo-s8dZ6xOsy0_Ed3OtA1?pwd=kuhn#,,,,
,Corona11.2 for C4D,pc,,https://pan.xunlei.com/s/VOocgCJEhQVfWfBKdyaG4NrhA1?pwd=sb4y#,,,,
,Arnold 4.7.7,pc,,https://pan.xunlei.com/s/VOocvdC4Vs7hrnOwT2c_Zd0LA1?pwd=bc2h#,,,,
,Arnold 4.7.5,pc,,https://pan.xunlei.com/s/VOod-4fne6KP8OdW2LiKWfd-A1?pwd=juv7#,,,,
,Arnold 4.6.8,pc,,https://pan.xunlei.com/s/VOod5kzSNQjw_4d5cySKh1ggA1?pwd=mfk7#,,,,
,Character Animator2025(多版本）,pc,,https://pan.xunlei.com/s/VOodb7AxZUT9QvRxN9ZRKUCxA1?pwd=vj3u#,,,,
,CAD2026(多版本）,pc,,https://pan.xunlei.com/s/VOogx4E42LqPxS5QKTNx7IWLA1?pwd=454p#,,,,
,CAD2025,pc,,https://pan.xunlei.com/s/VOoh25wA82qoWOJHdtG3yA_VA1?pwd=ux4i#,,,,
,CAD2024,pc,,https://pan.xunlei.com/s/VOoh8OQOSvu7VlTYCWKZlCu2A1?pwd=w6rn#,,,,
,CAD2023,pc,,https://pan.xunlei.com/s/VOohD8jtewrihXOBSMC4WA-WA1?pwd=r6tq#,,,,
,CAD2022,pc,,https://pan.xunlei.com/s/VOohJqSWywz3Li1-yzJ4lPPeA1?pwd=tm3c#,,,,
,CAD2021,pc,,https://pan.xunlei.com/s/VOohkfeyCrNeOSm6p3TG153xA1?pwd=y2n9#,,,,
,CAD2020,pc,,https://pan.xunlei.com/s/VOohp08HAVyl7RQaKh27quxWA1?pwd=avz4#,,,,
,CAD2019,pc,,https://pan.xunlei.com/s/VOohyBieCrNeOSm6p3TG9_-eA1?pwd=7dp2#,,,,
,CAD2017,pc,,https://pan.xunlei.com/s/VOoiONSf8a9sTPZts6ngBz9wA1?pwd=3xg3#,,,,
,CAD2018,pc,,https://pan.xunlei.com/s/VOoiSMji93mbNRG2a6kWRDC7A1?pwd=gaw7#,,,,
,CAD2016,pc,,https://pan.xunlei.com/s/VOoiYfxByNRrcc6oeKruuSI2A1?pwd=2pvs#,,,,
,CAD2015,pc,,https://pan.xunlei.com/s/VOoigMdTkMQgQl4rYlVYuqjAA1?pwd=xsva#,,,,
,CAD2014,pc,,https://pan.xunlei.com/s/VOoix49dZKZjwcTPgK_Z08hwA1?pwd=b8vd#,,,,
,CAD2013,pc,,https://pan.xunlei.com/s/VOoj6KOGZUT9QvRxN9ZUcLcMA1?pwd=jcz2#,,,,
,CAD2012,pc,,https://pan.xunlei.com/s/VOojM32KLrt5EUqir2bOT6tkA1?pwd=bahy#,,,,
,CAD2011,pc,,https://pan.xunlei.com/s/VOojXn2LCcp0alNmODYup7HnA1?pwd=n9jh#,,,,
,CAD2009,pc,,https://pan.xunlei.com/s/VOomAN9GjESb6r9AWzjNbWNOA1?pwd=nm8k#,,,,
,CAD2008,pc,,https://pan.xunlei.com/s/VOomEHqmSvu7VlTYCWKbpXlZA1?pwd=kxk8#,,,,
,CAD2026（精简版）,pc,,https://pan.xunlei.com/s/VOon8PF_8V91gzp1Y12yetPfA1?pwd=4iqy#,,,,
,CAD精简版2025,pc,,https://pan.xunlei.com/s/VOonBj0gCrNeOSm6p3TJSKwwA1?pwd=nisx#,,,,
,CAD精简版2024,pc,,https://pan.xunlei.com/s/VOonK4sE6_MRbesN0nL-OI33A1?pwd=vv5w#,,,,
,CAD精简版2023,pc,,https://pan.xunlei.com/s/VOonQlq5_-xekrQ4DQ8YUGtXA1?pwd=8iaw#,,,,
,CAD精简版2022,pc,,https://pan.xunlei.com/s/VOonU-cMwZoNRnCoZRJJdmxzA1?pwd=j2d6#,,,,
,CAD精简版2021,pc,,https://pan.xunlei.com/s/VOonY2jcSvu7VlTYCWKcl4flA1?pwd=me8j#,,,,
,CAD精简版2020,pc,,https://pan.xunlei.com/s/VOonqhZSfyDFvhk-wD635t8xA1?pwd=43t3#,,,,
,CAD精简版2019,pc,,https://pan.xunlei.com/s/VOoo-MM5oCfovziCDCgKINlCA1?pwd=rg22#,,,,
,CAD精简版2018,pc,,https://pan.xunlei.com/s/VOoqvg1Kg4KoQ5cmgpj3wBZHA1?pwd=8y95#,,,,
,CAD精简版2016,pc,,https://pan.xunlei.com/s/VOorAqt-Svu7VlTYCWKf6jm7A1?pwd=bmuf#,,,,
,CAD精简版2014,pc,,https://pan.xunlei.com/s/VOorLwE2_wsra61Au4wJsx8uA1?pwd=z7b9#,,,,
,CAD机械2026,pc,,https://pan.xunlei.com/s/VOorji_RoCfovziCDCgMi2LkA1?pwd=e6zg#,,,,
,CAD机械2025,pc,,https://pan.xunlei.com/s/VOos60ZvLrt5EUqir2bU4rHgA1?pwd=8g8y#,,,,
,CAD机械2023,pc,,https://pan.xunlei.com/s/VOosJY-icOFHUoQw8dc6IWKBA1?pwd=j3km#,,,,
,CAD机械2022,pc,,https://pan.xunlei.com/s/VOosQqry_-xekrQ4DQ8apiE5A1?pwd=b99b#,,,,
,CAD机械2021,pc,,https://pan.xunlei.com/s/VOosdS08HK8VSE8JOW923OOPA1?pwd=p6cn#,,,,
,CAD机械2020,pc,,https://pan.xunlei.com/s/VOosiOez0F8TMOGYOKlxrA0zA1?pwd=crna#,,,,
,CAD机械2019,pc,,https://pan.xunlei.com/s/VOosxoYcLRPDsdSzI3QNTnUJA1?pwd=57ma#,,,,
,CAD机械2018,pc,,https://pan.xunlei.com/s/VOox5fEbA6Llia-KFlCzt-p1A1?pwd=frbf#,,,,
,CAD机械2016,pc,,https://pan.xunlei.com/s/VOoxIc2SvaRf67gIycLNfOX7A1?pwd=fqnb#,,,,
,CAD机械2015,pc,,https://pan.xunlei.com/s/VOox_CNI7MKZXkRuHUWhuRKsA1?pwd=fsir#,,,,
,CAD建筑2026,pc,,https://pan.xunlei.com/s/VOoxkA5VHBcHBREZJ6iw7eBIA1?pwd=xcri#,,,,
,CAD建筑2025,pc,,https://pan.xunlei.com/s/VOoyReCG7mE8qh0PmlvvG-maA1?pwd=gz7q#,,,,
,CAD建筑2024,pc,,https://pan.xunlei.com/s/VOp0gOsGSLlvPSmQupy4n2tJA1?pwd=2h2a#,,,,
,CAD建筑2023,pc,,https://pan.xunlei.com/s/VOp157tVd_fljQhX6lKJ8_QuA1?pwd=2vs4#,,,,
,CAD建筑2022,pc,,https://pan.xunlei.com/s/VOp1I7oR20BtlQ0kLusQt0mhA1?pwd=utpq#,,,,
,CAD建筑2021,pc,,https://pan.xunlei.com/s/VOp1cmtd20BtlQ0kLusR8rSpA1?pwd=tmmh#,,,,
,CAD建筑2020,pc,,https://pan.xunlei.com/s/VOp1lSuLD5wcoUWlm9Q5CuZQA1?pwd=a9u8#,,,,
,CAD建筑2018,pc,,https://pan.xunlei.com/s/VOp2CSLHFQ4rnpiLdGAZTMTrA1?pwd=s42t#,,,,
,CAD建筑2016,pc,,https://pan.xunlei.com/s/VOp2Xz9gqrQraJjsi5KR1y-qA1?pwd=p4vk#,,,,
,CAD建筑2014,pc,,https://pan.xunlei.com/s/VOp2nzlAyQzwyrMgw5OpSKITA1?pwd=es9s#,,,,
,CAD电气2026,pc,,https://pan.xunlei.com/s/VOp2yIxA9G0LEce98jq5OXARA1?pwd=7r7b#,,,,
,CAD电气2025,pc,,https://pan.xunlei.com/s/VOp5MWXt2tA8_Oz83eRUhhH7A1?pwd=6tuf#,,,,
,CAD电气2023,pc,,https://pan.xunlei.com/s/VOp5kBFfaiYynffE4fqeOgZBA1?pwd=spxq#,,,,
,CAD电气2021,pc,,https://pan.xunlei.com/s/VOp62xVmzcz7PvyYAaDEEyDFA1?pwd=btnw#,,,,
,CAD电气2020,pc,,https://pan.xunlei.com/s/VOp6OBinO24SWbU0k_NUxMqEA1?pwd=zkts#,,,,
,CAD电气2019,pc,,https://pan.xunlei.com/s/VOp6e-px1Grt5ZUgSmksUDzXA1?pwd=zawc#,,,,
,CAD电气2018,pc,,https://pan.xunlei.com/s/VOp7Nfcvfmrf7RpWn4KupyA0A1?pwd=9mww#,,,,
,CAD电气2016,pc,,https://pan.xunlei.com/s/VOp7caxr2jQptaWCI6OnU-s4A1?pwd=6gdz#,,,,
,CAD电气2015,pc,,https://pan.xunlei.com/s/VOpBBgziBvPBKAu9ePHl18qSA1?pwd=6ke3#,,,,
,CAD MEP2026,pc,,https://pan.xunlei.com/s/VOpBQUf9TKBuyfRAWF77XdgSA1?pwd=wxa8#,,,,
,CAD MEP2024,pc,,https://pan.xunlei.com/s/VOpBroH0RJ6GQ25aJuNDJr3EA1?pwd=uwc8#,,,,
,CAD MEP2025,pc,,https://pan.xunlei.com/s/VOpBcTnllJ9GAUBzZnj9EO__A1?pwd=zr2k#,,,,
,CAD MEP2023,pc,,https://pan.xunlei.com/s/VOpC0AcuoHQTck8D1mZEmudgA1?pwd=a89p#,,,,
,CAD Plant 3D2026,pc,,https://pan.xunlei.com/s/VOpC9aReoHQTck8D1mZEu0nZA1?pwd=f7sa#,,,,
,CAD Plant 3D2025,pc,,https://pan.xunlei.com/s/VOpC_sePjKEEO9d7tTcJk0fIA1?pwd=bgv5#,,,,
,CAD Plant 3D2024,pc,,https://pan.xunlei.com/s/VOpD8mbP9X-h0N_ljDdD5K_hA1?pwd=2xey#,,,,
,CAD Plant 3D2023,pc,,https://pan.xunlei.com/s/VOpIAZWj6d0IJvBxI9_ndpAeA1?pwd=6ewe#,,,,
,CAD Map 3D2026,pc,,https://pan.xunlei.com/s/VOpIMFXW9H9R7zKE8D9BJersA1?pwd=97h4#,,,,
,CAD Map 3D2025,pc,,https://pan.xunlei.com/s/VOpIZmdpUTXm8TnwcQXS9zcXA1?pwd=gdxm#,,,,
,CAD Map 3D2024,pc,,https://pan.xunlei.com/s/VOpLNISxUTXm8TnwcQXTqfnzA1?pwd=b756#,,,,
,CAD Map 3D2023,pc,,https://pan.xunlei.com/s/VOpLaFmYaY0Uxnd-0Pmqtp6yA1?pwd=sfy2#,,,,
,中望CAD2026,pc,,https://pan.xunlei.com/s/VOpLoCGj-fBTO9iIsew3WiuGA1?pwd=vywz#,,,,
,中望CAD2025,pc,,https://pan.xunlei.com/s/VOpLtJmAX9YRoLxvRJu9nW1fA1?pwd=jkds#,,,,
,中望CAD2024,pc,,https://pan.xunlei.com/s/VOpLyPakF94n_9WaEPvncAkVA1?pwd=3f5t#,,,,
,中望CAD2023,pc,,https://pan.xunlei.com/s/VOpM05PazAX-ZKyhrqk5XNVUA1?pwd=vq85#,,,,
,中望CAD2021,pc,,https://pan.xunlei.com/s/VOpM2xYeM1NQl1QKwd3SVokPA1?pwd=3xj7#,,,,
,中望CAD2020,pc,,https://pan.xunlei.com/s/VOpM6cTPecbBOsU4SsBav6RcA1?pwd=art8#,,,,
,ZWCAD Architecture 2026,pc,,https://pan.xunlei.com/s/VOpMC6foTRexAZWYlqSx2et_A1?pwd=5pzi#,,,,
,ZWCAD Architecture 2024,pc,,https://pan.xunlei.com/s/VOpMjV0C1XTD-V3CYrEci3nZA1?pwd=a9fz#,,,,
,ZWCAD Architecture 2023,pc,,https://pan.xunlei.com/s/VOpMnW8EWQxV2Xejt0z8Q62KA1?pwd=zkaq#,,,,
,ZWCAD Mechanical 2026,pc,,https://pan.xunlei.com/s/VOpN0TU34taHwZ-gAYIQOGP2A1?pwd=qj8h#,,,,
,ZWCAD Mechanical 2024,pc,,https://pan.xunlei.com/s/VOpNJ5uyUpZvSy5GirdO10MaA1?pwd=zek5#,,,,
,ZWCAD Mechanical 2025,pc,,https://pan.xunlei.com/s/VOpNMRFvgDhR3jPLRW_08HGGA1?pwd=mb9b#,,,,
,浩辰CAD2026,pc,,https://pan.xunlei.com/s/VOpQ29O8M1NQl1QKwd3V2d0jA1?pwd=x8ed#,,,,
,浩辰CAD2025,pc,,https://pan.xunlei.com/s/VOpQ8By9X9YRoLxvRJuCZrdCA1?pwd=9rnq#,,,,
,浩辰CAD2024,pc,,https://pan.xunlei.com/s/VOpRK-770SBY_cXjPLCdXYO1A1?pwd=wksa#,,,,
,浩辰CAD2023,pc,,https://pan.xunlei.com/s/VOpSE0JdXfuAnVFvKgGisS2pA1?pwd=dfgz#,,,,
,浩辰CAD2022,pc,,https://pan.xunlei.com/s/VOpSMlIHzTNcZvmv_F8YR11CA1?pwd=e974#,,,,
,浩辰CAD2021,pc,,https://pan.xunlei.com/s/VOpSPRwzUpZvSy5GirdRKbggA1?pwd=5np4#,,,,
,天正T30V1.0（正式版）,pc,,https://pan.xunlei.com/s/VOpVW0TpQ8q7p7txIzEEDtg6A1?pwd=kat8#,,,,
,天正软件T30V1.0（公测版）,pc,,https://pan.xunlei.com/s/VOpVe9v8j72wcc_pbP_RyTdmA1?pwd=3x43#,,,,
,天正软件T20V10.0,pc,,https://pan.xunlei.com/s/VOpVym2UB2DV9IqL79oOM_4sA1?pwd=8xnj#,,,,
,天正软件T20V8.0,pc,,https://pan.xunlei.com/s/VOp_Sz_-EYlQX9pwNKhhsK9yA1?pwd=sxjq#,,,,
,CAD字体库,pc,,https://pan.xunlei.com/s/VOp_f5AvaY0Uxnd-0Pn-gxxAA1?pwd=qx9x#,,,,
,贱人工具箱6.3,pc,,https://pan.xunlei.com/s/VOp_waBIecbBOsU4SsBkVZ_XA1?pwd=6g7k#,,,,
,源泉设计（多版本）,pc,,https://pan.xunlei.com/s/VOp_ynzYzAX-ZKyhrqkF8aIuA1?pwd=qy34#,,,,
,iMini（迷你建筑）工具箱,pc,,https://pan.xunlei.com/s/VOpa-f0tQp1hksSf2wFfqw9eA1?pwd=wqvj#,,,,
,MSteel CAD批打印,pc,,https://pan.xunlei.com/s/VOpa155EecbBOsU4SsBkYTouA1?pwd=n69j#,,,,
,SmartBatchPlot,pc,,https://pan.xunlei.com/s/VOpa41PeB2DV9IqL79oRXA8jA1?pwd=qu97#,,,,
,Coolutils Total CAD Converter （多版本）,pc,,https://pan.xunlei.com/s/VOpavLCsM--rwZqTv4l32x2dA1?pwd=j4ap#,,,,
,Acme CAD Converter,pc,,https://pan.xunlei.com/s/VOpb15Dw2dpdVBoUTLpKCMQGA1?pwd=bugu#,,,,
,天正软件T20V6.0,pc,,https://pan.xunlei.com/s/VOpbIb4bzAX-ZKyhrqkG-JwPA1?pwd=ctgu#,,,,
,天正软件T20V5.0,pc,,https://pan.xunlei.com/s/VOpbTj54GjAdWCw5RrkPXgezA1?pwd=ind9#,,,,
,天正软件T20V4.0,pc,,https://pan.xunlei.com/s/VOpbY2W44taHwZ-gAYI_JTBiA1?pwd=vp7z#,,,,
,天正软件T20V3.0,pc,,https://pan.xunlei.com/s/VOpbykgnKrOND7aysj1oxCcaA1?pwd=d24y#,,,,
,CAXA电子图版2026,pc,,https://pan.xunlei.com/s/VOpevut-JjqOKfj8HKL2tZnYA1?pwd=dpc6#,,,,
,CAXA电子图版2025,pc,,https://pan.xunlei.com/s/VOpf6KIai_7wB90q43tf1y1uA1?pwd=twd9#,,,,
,CAXA电子图版2024,pc,,https://pan.xunlei.com/s/VOpfDl6b-2usxlVcZdB8JZTEA1?pwd=s5i3#,,,,
,CAXA电子图版2023,pc,,https://pan.xunlei.com/s/VOpfTCjXEYlQX9pwNKhlYIjNA1?pwd=xkfc#,,,,
,CAXA电子图版2022,pc,,https://pan.xunlei.com/s/VOpfZvJbMtscz-f84OBw5glRA1?pwd=v499#,,,,
,CAXA电子图版2021,pc,,https://pan.xunlei.com/s/VOpgqcSftvULfjpoL9vWJYBlA1?pwd=zu8h#,,,,
,CAXA电子图版2020,pc,,https://pan.xunlei.com/s/VOpgu0UWBFIW90PFnSnllHq9A1?pwd=k8nu#,,,,
,CAXA电子图版2019,pc,,https://pan.xunlei.com/s/VOpgw6xdpuj8b_fM1_AB0jbJA1?pwd=d25d#,,,,
,CAXA工艺图表2026,pc,,https://pan.xunlei.com/s/VOpje56tANJIfGOvLcapBK3zA1?pwd=2w7t#,,,,
,CAXA工艺图表2025,pc,,https://pan.xunlei.com/s/VOpjqdjgajoM-JKzZ4NVfAxHA1?pwd=ipbq#,,,,
,CAXA工艺图表2024,pc,,https://pan.xunlei.com/s/VOpk2D1njxTFmgIfMJTNTRnTA1?pwd=xh8j#,,,,
,CAXA工艺图表,pc,,https://pan.xunlei.com/s/VOpkB1oYNQUp9_USeVtWz4FDA1?pwd=7fb8#,,,,
,CAXA工艺图表2022,pc,,https://pan.xunlei.com/s/VOpkKFaZND0feDD6AYYT8LaEA1?pwd=my2s#,,,,
,CAXA工艺图表2021,pc,,https://pan.xunlei.com/s/VOpl2kjYpuj8b_fM1_ADJ4q6A1?pwd=g5cv#,,,,
,CAXA工艺图表2020,pc,,https://pan.xunlei.com/s/VOpl8Sclfga2TVcE_FROI_6tA1?pwd=rsia#,,,,
,CAXA工艺图表2019,pc,,https://pan.xunlei.com/s/VOplVZdhAxXVDI_iktjB5agKA1?pwd=vhv6#,,,,
,CAXA 3D实体设计2026,pc,,https://pan.xunlei.com/s/VOplkWiy2zznHLvtzJTZSO-WA1?pwd=rp36#,,,,
,CAXA 3D实体设计2025,pc,,https://pan.xunlei.com/s/VOppJXTi0IvlWDJ8gSGRSl93A1?pwd=rdvh#,,,,
,CAXA 3D实体设计2024,pc,,https://pan.xunlei.com/s/VOppkxmfKZmoUF5H0sjMu0BuA1?pwd=gq98#,,,,
,CAXA 3D实体设计2023,pc,,https://pan.xunlei.com/s/VOppvtYHI2R3BcRPJt-hLFqfA1?pwd=wgic#,,,,
,CAXA 3D实体设计2022,pc,,https://pan.xunlei.com/s/VOpq4NTuaBnzXYmCvlTUumeNA1?pwd=mgtt#,,,,
,CAXA 3D实体设计2021,pc,,https://pan.xunlei.com/s/VOpqn-ykFNYMKlwilQJT3a68A1?pwd=5enh#,,,,
,CAXA 3D实体设计2020,pc,,https://pan.xunlei.com/s/VOpr_bPggi0We9vFiC9O7MwZA1?pwd=f646#,,,,
,CAXA 3D实体设计2019,pc,,https://pan.xunlei.com/s/VOpuFkTggffTT7249w1hsHD0A1?pwd=m49x#,,,,
,CAXA CAM制造工程师2023,pc,,https://pan.xunlei.com/s/VOpvS-gW8kQQd9Ql50zYAylYA1?pwd=ssh3#,,,,
,CAXA CAM制造工程师2022,pc,,https://pan.xunlei.com/s/VOpvXi-uvcEtd1-phHXmxrcgA1?pwd=7qw7#,,,,
,CAXA CAM数控车2026,pc,,https://pan.xunlei.com/s/VOpzVEieEt4dCO4Mav6iuexWA1?pwd=6bef#,,,,
,CAXA CAM数控车2025,pc,,https://pan.xunlei.com/s/VOpzYNZE5p5m-HXpN_Df37PvA1?pwd=542i#,,,,
,CAXA CAM数控车2024,pc,,https://pan.xunlei.com/s/VOpzaug5OBKsCZjWP3I2_L5YA1?pwd=kcdk#,,,,
,CAXA CAM数控车2023,pc,,https://pan.xunlei.com/s/VOpzf6VRaBnzXYmCvlTadPS-A1?pwd=957i#,,,,
,CAXA CAM数控车2022,pc,,https://pan.xunlei.com/s/VOpzhkLTFNYMKlwilQJZdazdA1?pwd=mnic#,,,,
,CAXA CAM数控车2020,pc,,https://pan.xunlei.com/s/VOpzk8ELYHooOk9cz5fUswbYA1?pwd=8xku#,,,,
,3ds Max 2026（多版本）,pc,,https://pan.xunlei.com/s/VOq-MNnNmKsPgAUSEcf38aHdA1?pwd=pset#,,,,
,3ds Max 2025,pc,,https://pan.xunlei.com/s/VOq-qiiAM4aitNebRqJOboe0A1?pwd=jpvu#,,,,
,3ds Max 2024,pc,,https://pan.xunlei.com/s/VOq01uadb_N5Hxw6py9sqwJbA1?pwd=2epy#,,,,
,3ds Max 2022,pc,,https://pan.xunlei.com/s/VOq3qDhBluBuest0Wcrq8DvfA1?pwd=fkh4#,,,,
,3ds Max 2021,pc,,https://pan.xunlei.com/s/VOq3xRsHVjfyQIiccbYV196RA1?pwd=9z29#,,,,
,3ds Max 2020,pc,,https://pan.xunlei.com/s/VOq4hQI_KZmoUF5H0sjXlFn0A1?pwd=mc4t#,,,,
,3ds Max 2019,pc,,https://pan.xunlei.com/s/VOq4t4jpbglL4j5e3CiVqbXiA1?pwd=up9s#,,,,
,3ds Max 2018,pc,,https://pan.xunlei.com/s/VOq598JOAAcH0os71BZPyPKfA1?pwd=2gne#,,,,
,3ds Max 2017,pc,,https://pan.xunlei.com/s/VOq5IvHOi_OYqD725745opT4A1?pwd=a6wx#,,,,
,3ds Max 2016,pc,,https://pan.xunlei.com/s/VOq5Y5VV0SC0moqu3aMC4JJnA1?pwd=9s6j#,,,,
,3ds Max 2015,pc,,https://pan.xunlei.com/s/VOq8y1DTw54gvQd0HQ9sbjRoA1?pwd=p3sp#,,,,
,3ds Max 2014,pc,,https://pan.xunlei.com/s/VOq95Qwpnm7W7y0o7Yy_tAaZA1?pwd=5jxb#,,,,
,3ds Max 2013,pc,,https://pan.xunlei.com/s/VOq9Lw7q7QwGlbqE3HJbT0IvA1?pwd=fn6f#,,,,
,3ds Max 2012,pc,,https://pan.xunlei.com/s/VOq9siIFZjAruJ1M_wYH8ptaA1?pwd=ynpy#,,,,
,3ds Max 2011,pc,,https://pan.xunlei.com/s/VOqA1ruFk6FUdR-t1R-1OAzZA1?pwd=3n4k#,,,,
,3ds Max 2010,pc,,https://pan.xunlei.com/s/VOqA6ixYk6FUdR-t1R-1RbE7A1?pwd=rh4q#,,,,
,V-Ray7.2 for 3ds Max,pc,,https://pan.xunlei.com/s/VOqDxg0rp0Mt2u3xhNW1piNSA1?pwd=fcp2#,,,,
,V-Ray7.1 for 3ds Max,pc,,https://pan.xunlei.com/s/VOqE0dp0DzPusAf74pLHOHcyA1?pwd=3xsp#,,,,
,V-Ray7.0 for 3ds Max,pc,,https://pan.xunlei.com/s/VOqEE7l-sz3CmM1Dhf47WSX0A1?pwd=h59t#,,,,
,V-Ray6.2 for 3ds Max,pc,,https://pan.xunlei.com/s/VOqEHSHxhdBx1VQXjIvmNF7BA1?pwd=hk9f#,,,,
,V-Ray6.2 for 3ds Max,pc,,https://pan.xunlei.com/s/VOqErIXQfk_h-iBUTwoPTHgjA1?pwd=iavy#,,,,
,V-Ray6.1 for 3ds Max,pc,,https://pan.xunlei.com/s/VOqF-oFPaZ3xvSB8TmGdVrZhA1?pwd=5yn7#,,,,
,V-Ray6.0 for 3ds Max,pc,,https://pan.xunlei.com/s/VOqF9-Pfaq2iobJPuCm6G2ZoA1?pwd=te2i#,,,,
,V-Ray5.2 for 3ds Max,pc,,https://pan.xunlei.com/s/VOqFO455_iTAwaKK_BNXLXj3A1?pwd=kcvg#,,,,
,V-Ray5.1 for 3ds Max,pc,,https://pan.xunlei.com/s/VOqFdPv8Z23fenhXXcA4MQoJA1?pwd=2qrr#,,,,
,V-Ray5.05for 3ds Max,pc,,https://pan.xunlei.com/s/VOqFmLiucRnpCdp2wYh80kXpA1?pwd=zyyg#,,,,
,V-Ray4.3for 3ds Max,pc,,https://pan.xunlei.com/s/VOqJKEh6-TGf64pHKcEikknwA1?pwd=ddy4#,,,,
,V-Ray4.1 for 3ds Max,pc,,https://pan.xunlei.com/s/VOqJPoDaQQrS5L_ECiTLTlHaA1?pwd=bn7d#,,,,
,Corona14.0 for3ds Max,pc,,https://pan.xunlei.com/s/VOqJyepx7p2AtJuEW6_mKWbfA1?pwd=rx8i#,,,,
,Corona13.1 for3ds Max,pc,,https://pan.xunlei.com/s/VOqK1RQtBx1tluVgUIp_qrXIA1?pwd=iub5#,,,,
,Corona13.0 for3ds Max,pc,,https://pan.xunlei.com/s/VOqK5dbdZde1eRPmPzmPh6qQA1?pwd=2mby#,,,,
,Corona11.2 for3ds Max,pc,,https://pan.xunlei.com/s/VOqK9UT9BR6WjoMlixcDy3xYA1?pwd=fq9d#,,,,
,Corona12.1 for3ds Max,pc,,https://pan.xunlei.com/s/VOqKCsaBBR6WjoMlixcE-9XQA1?pwd=ebvk#,,,,
,Corona11.2 for3ds Max,pc,,https://pan.xunlei.com/s/VOqKKkY7iLA22ttc-1pPKeLdA1?pwd=wj3e#,,,,
,Live2D 5.0,pc,,https://pan.xunlei.com/s/VOqPGJx7V91-n9X8G2TrarjlA1?pwd=mxar#,,,,
,Live2D 4.2,pc,,https://pan.xunlei.com/s/VOqPKG5pw4A0dthbrqIWBGU-A1?pwd=ke7h#,,,,
,Marmoset Toolbag5.00,pc,,https://pan.xunlei.com/s/VOqPOfHOAKjmSRSj2NXS3uiIA1?pwd=cm96#,,,,
,Marmoset Toolbag4.06,pc,,https://pan.xunlei.com/s/VOqPT0ho0ftEgn8nVUDtPmZaA1?pwd=xk33#,,,,
,SketchUp2026（多版本）,pc,,https://pan.xunlei.com/s/VOqUxwH0nBbHQf5tJ2G01uW2A1?pwd=wdvt#,,,,
,SketchUp2025,pc,,https://pan.xunlei.com/s/VOqVIYPiEYDAzCPyqo3-SDbGA1?pwd=373p#,,,,
,SketchUp2024,pc,,https://pan.xunlei.com/s/VOqYe6MRV91-n9X8G2Tx_tL6A1?pwd=8puu#,,,,
,SketchUp2023,pc,,https://pan.xunlei.com/s/VOqYkOUjmL8FSJvGPG3Xs1ZrA1?pwd=ej6p#,,,,
,Enscape4.13,pc,,https://pan.xunlei.com/s/VOqZZn6kkrpxYVdRXssXjQUjA1?pwd=m6ma#,,,,
,Enscape4.12,pc,,https://pan.xunlei.com/s/VOqZraLCTdv14O3bjFymUqHrA1?pwd=2r4m#,,,,
,Enscape4.11,pc,,https://pan.xunlei.com/s/VOq_5ERcwmWbrMNeegZ7lnVcA1?pwd=eig7#,,,,
,Enscape4.9.0,pc,,https://pan.xunlei.com/s/VOq_AG1Vc_gdgBBND-3FhVQkA1?pwd=g26h#,,,,
,Enscape4.8.0,pc,,https://pan.xunlei.com/s/VOq_D3MOVqBVUEQP4rgqPm25A1?pwd=h96k#,,,,
,Enscape4.7.0,pc,,https://pan.xunlei.com/s/VOq_G7DNuYjPY3thrdKqaoyLA1?pwd=3z7g#,,,,
,Enscape4.6.0,pc,,https://pan.xunlei.com/s/VOq_L6O6mL8FSJvGPG3Z065uA1?pwd=y6tu#,,,,
,Enscape4.5.0,pc,,https://pan.xunlei.com/s/VOq_RwzCm6eEI31Pdu4z8IQTA1?pwd=igcs#,,,,
,Enscape4.4.0,pc,,https://pan.xunlei.com/s/VOqcaWkTJhcwfOTZ-MA6ZGb4A1?pwd=cpaz#,,,,
,Enscape4.4.0,pc,,https://pan.xunlei.com/s/VOqcaWkTJhcwfOTZ-MA6ZGb4A1?pwd=cpaz#,,,,
,Enscape4.3.0,pc,,https://pan.xunlei.com/s/VOqccr_8KbZD6c8eU5gvoVWPA1?pwd=inhe#,,,,
,#封疆疆v - 碧蓝航线 建武原皮 [40p-549.71 mb] #20260116a,不限,写真图片,https://pan.quark.cn/s/a93ef64b35ef,,,,
,#水淼aqua - 25.08 t2 elysia swimsuit (honkai imapct3) [52p-70.44 mb] #20260116b,不限,写真图片,https://pan.quark.cn/s/a1d234294ad0,,,,
,#水淼aqua - 鸣潮 嘉贝莉娜 自拍 [29p-267.05 mb] #20260116c,不限,写真图片,https://pan.quark.cn/s/20f56c6e2c83,,,,
,#水淼aqua - 新加坡夜拍留恋 [12p-140.86 mb] #20260116d,不限,写真图片,https://pan.quark.cn/s/b2909e606012,,,,
,#雪晴astra 原神 八重神子 [60p-2v 1.67 gb] #20260116e,不限,写真图片,https://pan.quark.cn/s/1d11c4fd8c78,,,,
,#柒柒不可爱 - 幽灵娘 [87p-477.19 mb] #20260203f,不限,写真图片,https://pan.xunlei.com/s/VOkrB60kARrfIIyt4YODD1n-A1,提取码：4gz9,,,
,#柒柒不可爱 - 午夜邂逅 [75p-574.34 mb] #20260203e,不限,写真图片,https://pan.xunlei.com/s/VOkrBPPOssSjrnX2przZBqClA1,提取码：wfui,,,
,#小仓千代w - 卯月桃子 [44p-230 mb] #20260203d,不限,写真图片,https://pan.xunlei.com/s/VOkrBYPa7pM7-rbra1ntw0UBA1,提取码：h8ry,,,
,#清水凪 - 手提箱与灰色女仆 [80p-1.68 gb] #20260203c.tgz,不限,写真图片,https://pan.xunlei.com/s/VOkrBkkgZrXk7PFAiuj1PTgwA1,提取码：eni6,,,
,#清水凪 - 彻夜之歌  七草荠 [50p-153.63 mb] #20260203b.tgz,不限,写真图片,https://pan.xunlei.com/s/VOkrBy5RfJtAK9CfmLp1pEe1A1,提取码：tfig,,,
,#柒柒要乖哦 -  阿努比斯 [168p-856.97 mb] #20260203a.tgz,不限,写真图片,https://pan.xunlei.com/s/VOkrC7un6aRR4YIn2DpQ_FBXA1,提取码：nmpt,,,
,#纸悦etsu_ko no.18 蔚蓝档案 杏山和纱 [55p-310.16 mb] #20260208d.tgz,不限,写真图片,https://pan.xunlei.com/s/VOl06dhE_bdxeisq-VD9l-B6A1,提取码：65pv,,,
,#柒柒不可爱 - 白棚胶衣 [79P-230.86 MB] #20260210c.tgz,不限,写真图片,https://pan.xunlei.com/s/VOlq-6sST3ql-tiZ9zOUwJNDA1,提取码：gdaz,,,
,#清水由乃 - 夜莲 [69P-407.89 MB] #20260210d.tgz,不限,写真图片,https://pan.xunlei.com/s/VOlq-LXeSlYzdzhAItEbN6RMA1,提取码：cr5j,,,
,#纸悦Etsu_ko - 葬送的芙莉莲 芙莉莲 舞娘 [73P-701.9 MB] #20260210e.tgz,不限,写真图片,https://pan.xunlei.com/s/VOlq-WSuOxAyQj_fU8dg1l5eA1,提取码：ikr2,,,
,#Yuuhui玉汇 - Patreon订阅 红粉佳人 [51P-2V 339.79 MB] #20260223a.tgz,不限,写真图片,https://pan.xunlei.com/s/VOmC7XuNc1Aufw_pDGNX0QwWA1,,,,
,#阿薰KaOri - 鸣潮 奥古斯塔 [200P-1.7 GB] #20260223b.tgz,不限,写真图片,https://pan.xunlei.com/s/VOmC819Nc1Aufw_pDGNX0cnhA1,提取码：ihaf,,,
,#香草奶喵 - 圣诞礼物 [135P-25V 1.05 GB] #20260223e.tgz,不限,写真图片,https://pan.xunlei.com/s/VOmC8IYJqQpnoWS4CEbJwV6CA1,提取码：wy8i,,,
,#星之迟迟 - 灰姑娘水晶公主Cinderella（NIKKE The Goddess Of Victory） [96P-388.17 MB] #20260223f.tgz,不限,写真图片,https://pan.xunlei.com/s/VOmC8WnxWyQpFv5MDLPUbCWaA1,提取码：q3t7,,,
,【写真】#魔理花 - 2026新年 [35P-211.95 MB],不限,写真图片,https://yun.139.com/shareweb/#/w/i/2tyaoD8RYmts7,,,,
,【写真】#黏黏团子兔 - 粉色主义 [28P-255.71 MB],不限,写真图片,https://yun.139.com/shareweb/#/w/i/2tyaox8pmDAak,,,,
,【写真】#双木扶苏 - 布雷斯特白天使 [40P-902.93 MB],不限,写真图片,https://yun.139.com/shareweb/#/w/i/2tyauKAHsU54w,,,,
,#钛合金TiTi - 紫内衣 [34P-1V 140.26 MB],不限,写真图片,https://yun.139.com/shareweb/#/w/i/2tyapycSZFeg2,,,,
,#星之迟迟 - 碧蓝航线-埃姆登 [50P-368.45 MB],不限,写真图片,https://yun.139.com/shareweb/#/w/i/2tyapYeFtR0fh,,,,
,#Bangni邦尼 - 元旦旗袍 [82P-7V 975.37 MB],不限,写真图片,https://yun.139.com/shareweb/#/w/i/2tyapEdjBM033,,,,
,#Natsuko夏夏子 - 仪玄-墨形影踪 [86P-557.98 MB],不限,写真图片,https://yun.139.com/shareweb/#/w/i/2tyapycSZExwe,,,,
,#Reng - 圣诞丝带伊吹 [30P-2V 143.42 MB],不限,写真图片,https://yun.139.com/shareweb/#/w/i/2tyapVescHb9t,,,,
,#白露 - 妃咲 [50P-429.85 MB] #20260313a,不限,写真图片,https://yun.139.com/shareweb/#/w/i/2tQEbPEtzSfqe,,,,
,#黏黏团子兔 - 碧蓝航线-信浓 [111P-2V 1.49 GB] ,不限,写真图片,https://yun.139.com/shareweb/#/w/i/2tQEcgGusyZe4,,,,
,#是一只熊仔吗 - 碧蓝航线 黑太子旗袍 [19P-63.24 MB],不限,写真图片,https://yun.139.com/shareweb/#/w/i/2tQEb6BkdpEim,,,,
,#星之迟迟 - 委托女友 [89P-514.09 MB],不限,写真图片,https://yun.139.com/shareweb/#/w/i/2tQEaUAr2Pqn4,,,,
,#一小央泽 - 情人节 [96P-1V 1.49 GB],不限,写真图片,https://yun.139.com/shareweb/#/w/i/2tQEaAz5B3Yay,,,,
,#Bangni邦尼 - 凉夜香雪 [81P-6V 2.93 GB],不限,写真图片,https://yun.139.com/shareweb/#/w/i/2tQEaGzx5jFna,,,,
,#Natsuko夏夏子 - 碧蓝航线 柴郡婚纱 [70P-623.99 MB],不限,写真图片,https://yun.139.com/shareweb/#/w/i/2tQEcgGusTgwk,,,,
,#麻薯好吃 - 惊喜掉落 [33P-277.87 MB],不限,写真图片,https://yun.139.com/shareweb/#/w/i/2tQEaDziNXJqw,,,,
,#小仓千代w - 希娜小姐 [65P-312.6 MB] ,不限,写真图片,https://yun.139.com/shareweb/#/w/i/2tQEaDziNYbz2,,,,
,#星澜是澜澜叫澜妹呀 - 痴情缚 [74P-1V 1.13 GB] ,不限,写真图片,https://yun.139.com/shareweb/#/w/i/2tQEcwHBuhZm1,,,,
,写真图包x7,不限,写真图片,https://yun.139.com/shareweb/#/w/i/2ur4XUabdBzwi,,,,
,圣诞网页,浏览器,网页,https://caiyun.139.com/w/i/2rJV80v54qgxh,提取码:tzbl,,,
,系统镜像,安卓、windows,系统,https://caiyun.139.com/w/i/2s2xS3vr7bt9q,提取码:4z4s,,,
,动漫简介素材包大合集,不限,视频,https://pan.quark.cn/s/1cf730fbbd47?pwd=VG8X,提取码：VG8X,,,
,精选508套不同风格简历封面,不限,简历封面,https://pan.quark.cn/s/ebdb4dc1aae8?pwd=rRjN,提取码：rRjN,,,
,精选509套不同风格简历封面,不限,简历封面,https://yun.139.com/shareweb/#/w/i/2sCUi71DDBQyq,,,,
,知乎盐选、晋江小说、绝版付费文等,不限,小说,https://pan.quark.cn/s/ce6150448de7,,,,
,超时空辉夜姬4k资源,不限,视频,?https://yun.139.com/shareweb/#/w/i/2sNZWXhBtHG71,,,,
,高中数学全套课程视频,不限,视频,https://pan.quark.cn/s/7802999fcc84,,,,
,【pc】教辅资源下载工具，1-9年级九大学科全版本覆盖,windows,工具,https://pan.quark.cn/s/bf0278aa85a6,,,,
,【windows】python安装器+python课件+软件,windows,工具,https://yun.139.com/shareweb/#/w/i/2sUfJvVf8j1ru,,,,
,剪映_v6.3 全平台会员解锁版,多端,工具,https://pan.quark.cn/s/b25aae240866?pwd=ScAM,,,,
,太极+八段锦｜太极拳74式+八段锦12分钟（带呼吸口令版）,,,https://yun.139.com/shareweb/#/w/i/2w2KJbeJd5g7g,,,,
,Keep运动健身VIP精讲课,,,https://yun.139.com/shareweb/#/w/i/2w2KHwbNXCBeo,,,,
,14天体态矫正计划下身篇,,,https://yun.139.com/shareweb/#/w/i/2w2KJ2e3qcct0,,,,
,美化总链接,安卓、pc,总链接,https://yun.139.com/shareweb/#/w/i/2sUfHkQ5DeX8y,,,,
,鸣潮,pc,mod+工具,https://yun.139.com/shareweb/#/w/i/2sUfJ6TsA5Ywz,,,,
